name,categories,fragrance_notes,description,sizes,price_min,price_max,currency,in_stock,product_url,image_url,is_popular
Santal Royal guerla (Perfume),Clone Perfumes,,,"10 ml, 25 ml, 50 ml, 100ml",200,1500,INR,true,https://alharamainperfumes.in/product/santal-royal-guerla-perfume/,https://alharamainperfumes.in/wp-content/uploads/2026/06/glass-bottles-2.png,false
Santal Royal guerla (Attar),"Arabic Attar, Clone Attar",,,"3 ml, 6 ml, 12 ml",150,600,INR,true,https://alharamainperfumes.in/product/santal-royal-guerla-attar/,https://alharamainperfumes.in/wp-content/uploads/2025/09/WhatsApp-Image-2025-11-08-at-10.13.31-PM.jpeg,false
Ambre Samar Guerla,"Clone Perfumes, Premium Perfumes",,,"10 ml, 25 ml, 50 ml, 100ml",300,2500,INR,true,https://alharamainperfumes.in/product/ambre-samar-guerla/,https://alharamainperfumes.in/wp-content/uploads/2026/07/Cowboy-100ml-Bottle.png,false
Ambre Samar Guerla Attar,"Arabic Attar, Clone Attar, Premium Attars",,,"3 ml, 6 ml, 12 ml",250,1000,INR,true,https://alharamainperfumes.in/product/ambre-samar-guerla-attar/,https://alharamainperfumes.in/wp-content/uploads/2025/09/WhatsApp-Image-2025-11-08-at-10.13.31-PM.jpeg,false
Amir one ajm (Attar),,,,"3ML, 6ML, 12ML",700,2500,INR,true,https://alharamainperfumes.in/product/amir-one-ajm-attar/,https://alharamainperfumes.in/wp-content/uploads/2025/09/WhatsApp-Image-2025-11-08-at-10.13.31-PM.jpeg,false
Amir one ajm (Perfume),"Arabic Attar, Arabic Attars",,,"10ML, 25ML, 50ML, 100ML",800,7500,INR,true,https://alharamainperfumes.in/product/amir-one-ajm-perfume/,https://alharamainperfumes.in/wp-content/uploads/2026/07/Charminar-theam-Glass-Bottle-1.png,true
V.Uomo Born in R Ivory (Perfume),French Perfumes,"Top: Bergamot | Middle: Lavender, Fire Accord | Base: Woody Notes, Smoke The fragrance opens with the fresh, sparkling brightness of bergamot, creating a crisp and invigorating first impression","V. Uomo Born in R Ivory by Al Haramain Perfumes is a Woody fragrance for men. Fragrance Notes: Top Note: Bergamot Middle Notes: Lavender, Fire Accord Base Notes: Woody Notes, Smoke The fragrance opens with the fresh, sparkling brightness of bergamot, creating a crisp and invigorating first impression. At its heart, radiant lavender blends with a unique fiery accord, adding warmth, depth, and a distinctive smoky character. The fragrance settles into a rich base of woody notes and smoke, leaving a bold, refined, and long-lasting trail that is both masculine and unforgettable. V. Uomo Born in R Ivory Perfume Created by Al Haramain Perfumes Hyderabad.","10 ml, 25 ml, 30 ml, 50 ml, 100 ml",150,1200,INR,true,https://alharamainperfumes.in/product/v-uomo-born-in-r-ivory-perfume/,https://alharamainperfumes.in/wp-content/uploads/2026/06/glass-bottles-2.png,true
V.Uomo Born in R Ivory (Attar),French,"Top: Bergamot | Middle: Lavender, Fire Accord | Base: Woody Notes, Smoke The fragrance opens with the fresh, sparkling brightness of bergamot, creating a crisp and invigorating first impression","V. Uomo Born in R Ivory by Al Haramain Perfumes is a Woody fragrance for men. Fragrance Notes: Top Note: Bergamot Middle Notes: Lavender, Fire Accord Base Notes: Woody Notes, Smoke The fragrance opens with the fresh, sparkling brightness of bergamot, creating a crisp and invigorating first impression. At its heart, radiant lavender blends with a unique fiery accord, adding warmth, depth, and a distinctive smoky character. The fragrance settles into a rich base of woody notes and smoke, leaving a bold, refined, and long-lasting trail that is both masculine and unforgettable. V. Uomo Born in R Ivory Perfume Created by Al Haramain Perfumes Hyderabad.","3ML, 6ML, 12ML",150,600,INR,true,https://alharamainperfumes.in/product/v-uomo-born-in-r-ivory-attar/,https://alharamainperfumes.in/wp-content/uploads/2025/09/WhatsApp-Image-2025-11-08-at-10.13.31-PM.jpeg,false
V. Uomo Born in R (Perfume),French,"Top: Mineral Notes, Violet Leaf, Salt | Middle: Sage, Ginger | Base: Woody Notes, Vetiver V","V. Uomo Born in R by Al Haramain Perfumes is a Woody Spicy fragrance for men. Fragrance Notes: Top Notes: Mineral Notes, Violet Leaf, Salt Middle Notes: Sage, Ginger Base Notes: Woody Notes, Vetiver V. Uomo Born in R by Al Haramain Perfumes is a bold woody spicy fragrance crafted for the modern man who embraces confidence and individuality. Fresh mineral notes, violet leaf, and a touch of sea salt create a crisp, invigorating opening. At its heart, aromatic sage blends seamlessly with spicy ginger, adding warmth and character. The fragrance settles into a masculine base of rich woody notes and earthy vetiver, leaving a refined, long-lasting impression that is both elegant and effortlessly modern. V. Uomo Born in R Perfume Created by Al Haramain Perfumes Hyderabad.","10ml, 25ml, 50ml, 100ml",200,1500,INR,true,https://alharamainperfumes.in/product/v-uomo-born-in-r-perfume/,https://alharamainperfumes.in/wp-content/uploads/2026/06/glass-bottles-2.png,false
V. Uomo Born in R (Attar),"French, French Attar","Top: Mineral Notes, Violet Leaf, Salt | Middle: Sage, Ginger | Base: Woody Notes, Vetiver V","V. Uomo Born in R by Al Haramain Perfumes is a Woody Spicy fragrance for men. Fragrance Notes: Top Notes: Mineral Notes, Violet Leaf, Salt Middle Notes: Sage, Ginger Base Notes: Woody Notes, Vetiver V. Uomo Born in R by Al Haramain Perfumes is a bold woody spicy fragrance crafted for the modern man who embraces confidence and individuality. Fresh mineral notes, violet leaf, and a touch of sea salt create a crisp, invigorating opening. At its heart, aromatic sage blends seamlessly with spicy ginger, adding warmth and character. The fragrance settles into a masculine base of rich woody notes and earthy vetiver, leaving a refined, long-lasting impression that is both elegant and effortlessly modern. V. Uomo Born in R Perfume Created by Al Haramain Perfumes Hyderabad.","3ML, 6ml, 12ml",150,600,INR,true,https://alharamainperfumes.in/product/v-uomo-born-in-r-attar/,https://alharamainperfumes.in/wp-content/uploads/2025/09/WhatsApp-Image-2025-11-08-at-10.13.31-PM.jpeg,false
Smoking Hot kil (Perfume ),,"Top: Apple, Smoke and Cinnamon | Middle: Tobacco, Vanilla and Moss | Base: Bourbon Vanilla, Licorice, Orcanox™, Iso E Super and Clary Sage","Smoking Hot kil Perfume by Al Haramain Perfumes is a Oriental Spicy fragrance for women and men. Top notes : Apple, Smoke and Cinnamon Middle notes : Tobacco, Vanilla and Moss Base notes : Bourbon Vanilla, Licorice, Orcanox™, Iso E Super and Clary Sage. This fragrance is a rich and addictive blend of sweet caramel, smoky tobacco, and warm vanilla. It opens with crisp apple and spicy cinnamon, leading into a luxurious heart of Kentucky tobacco absolute and apple shisha. The base is deep and long-lasting, featuring Bourbon vanilla, oakmoss, balsamic accords, and woody notes that create a bold, smooth, and irresistibly smoky finish. Perfect for those who enjoy warm, sweet, and sophisticated fragrances with a modern edge. Smoking Hot kil Perfume Created by Al Haramain Perfumes Hyderabad.","10 ml, 25 ml, 30 ml, 50 ml, 100 ml",100,800,INR,true,https://alharamainperfumes.in/product/smoking-hot-kil-perfume/,https://alharamainperfumes.in/wp-content/uploads/2026/06/glass-bottles-2.png,false
Smoking Hot kil (Attar),,"Top: Apple, Smoke and Cinnamon | Middle: Tobacco, Vanilla and Moss | Base: Bourbon Vanilla, Licorice, Orcanox™, Iso E Super and Clary Sage","Smoking Hot kil Perfume by Al Haramain Perfumes is a Oriental Spicy fragrance for women and men. Top notes : Apple, Smoke and Cinnamon Middle notes : Tobacco, Vanilla and Moss Base notes : Bourbon Vanilla, Licorice, Orcanox™, Iso E Super and Clary Sage. This fragrance is a rich and addictive blend of sweet caramel, smoky tobacco, and warm vanilla. It opens with crisp apple and spicy cinnamon, leading into a luxurious heart of Kentucky tobacco absolute and apple shisha. The base is deep and long-lasting, featuring Bourbon vanilla, oakmoss, balsamic accords, and woody notes that create a bold, smooth, and irresistibly smoky finish. Perfect for those who enjoy warm, sweet, and sophisticated fragrances with a modern edge. Smoking Hot kil Perfume Created by Al Haramain Perfumes Hyderabad.","3ml, 6ml, 12ml",100,400,INR,true,https://alharamainperfumes.in/product/smoking-hot-kil-attar/,https://alharamainperfumes.in/wp-content/uploads/2025/09/WhatsApp-Image-2025-11-08-at-10.13.31-PM.jpeg,false
WC Room 1015 (Perfume),French,"Top: Mandarin Orange, Orange and Lemon | Middle: Watermelon and Coconut | Base: Ambergris, Amberwood and Cacao","WC Room 1015 Perfume by Al Haramain Perfumes is a fragrance for women and men. Top notes: Mandarin Orange, Orange and Lemon Middle notes : Watermelon and Coconut Base notes : Ambergris, Amberwood and Cacao. WC Room 1015 Perfume by Al Haramain Perfumes is a refreshing and energetic fragrance inspired by the spirit of surf culture. It opens with vibrant notes of orange, mandarin, and lemon, followed by a tropical heart of juicy watermelon and creamy coconut. The scent settles into a warm base of oriental woods, cocoa, and orientalgris, creating a unique blend of freshness and depth. Perfect for those who enjoy bold, youthful, and adventurous fragrances. WC Room 1015 Perfume Created by Al Haramain Perfumes Hyderabad.","10 ml, 25 ml, 30 ml, 50 ml, 100 ml",100,800,INR,true,https://alharamainperfumes.in/product/room-1015-perfume/,https://alharamainperfumes.in/wp-content/uploads/2026/06/glass-bottles-2.png,false
WC Room 1015 Attar,French,"Top: Mandarin Orange, Orange and Lemon | Middle: Watermelon and Coconut | Base: Ambergris, Amberwood and Cacao","WC Room 1015 Perfume by Al Haramain Perfumes is a fragrance for women and men. Top notes: Mandarin Orange, Orange and Lemon Middle notes : Watermelon and Coconut Base notes : Ambergris, Amberwood and Cacao. WC Room 1015 Perfume by Al Haramain Perfumes is a refreshing and energetic fragrance inspired by the spirit of surf culture. It opens with vibrant notes of orange, mandarin, and lemon, followed by a tropical heart of juicy watermelon and creamy coconut. The scent settles into a warm base of oriental woods, cocoa, and orientalgris, creating a unique blend of freshness and depth. Perfect for those who enjoy bold, youthful, and adventurous fragrances. WC Room 1015 Attar Created by Al Haramain Perfumes Hyderabad.","3 ml, 6 ml, 12 ml",100,400,INR,true,https://alharamainperfumes.in/product/room-1015-attar/,https://alharamainperfumes.in/wp-content/uploads/2025/09/WhatsApp-Image-2025-11-08-at-10.13.31-PM.jpeg,false
Million night elixir (Perfume),"Clone Perfumes, French","Top: Mandarin, Bergamot and Lemon | Middle: Maple syrup, Cinnamon and Lavender | Base: Vanilla, Benzoin and Labdanum","Million Night Elixir Perfume by Al Haramain Perfumes is a Oriental Woody fragrance for men. Top notes : Mandarin, Bergamot and Lemon Middle notes : Maple syrup, Cinnamon and Lavender Base notes : Vanilla, Benzoin and Labdanum. Million Night Elixir by Al Haramain Perfumes is a bold and sophisticated oriental woody fragrance crafted for men who appreciate warmth and elegance. It opens with a fresh burst of mandarin, bergamot, and lemon, delivering a bright and energetic first impression. The heart unfolds with a rich blend of maple syrup, cinnamon, and lavender, adding a smooth balance of sweetness and aromatic spice. As it settles, creamy vanilla, warm benzoin, and resinous labdanum create a deep, long-lasting finish that leaves a refined and memorable trail. Perfect for evening wear, special occasions, and cooler weather, Million Night Elixir is a confident fragrance with a luxurious and masculine character. Million Night Elixir Perfume Created by Al Haramain Perfumes Hyderabad.","10 ml, 25 ml, 30 ml, 50 ml, 100 ml",150,1200,INR,true,https://alharamainperfumes.in/product/million-night-elixir-perfume/,https://alharamainperfumes.in/wp-content/uploads/2026/06/glass-bottles-2.png,false
Million night elixir (Attar),"Clone Attar, French Attar","Top: Mandarin, Bergamot and Lemon | Middle: Maple syrup, Cinnamon and Lavender | Base: Vanilla, Benzoin and Labdanum","Million Night Elixir Perfume by Al Haramain Perfumes is a Oriental Woody fragrance for men. Top notes : Mandarin, Bergamot and Lemon Middle notes : Maple syrup, Cinnamon and Lavender Base notes : Vanilla, Benzoin and Labdanum. Million Night Elixir by Al Haramain Perfumes is a bold and sophisticated oriental woody fragrance crafted for men who appreciate warmth and elegance. It opens with a fresh burst of mandarin, bergamot, and lemon, delivering a bright and energetic first impression. The heart unfolds with a rich blend of maple syrup, cinnamon, and lavender, adding a smooth balance of sweetness and aromatic spice. As it settles, creamy vanilla, warm benzoin, and resinous labdanum create a deep, long-lasting finish that leaves a refined and memorable trail. Perfect for evening wear, special occasions, and cooler weather, Million Night Elixir is a confident fragrance with a luxurious and masculine character. Million Night Elixir Perfume Created by Al Haramain Perfumes Hyderabad.","3 ml, 6 ml, 12 ml",150,600,INR,true,https://alharamainperfumes.in/product/million-night-elixir-attar/,https://alharamainperfumes.in/wp-content/uploads/2025/09/WhatsApp-Image-2025-11-08-at-10.13.31-PM.jpeg,false
Stronger With you powerfully (Attar),"Clone Attar, French Attar","Top: Cherry and Mandarin Orange | Middle: Spices and Lavender | Base: Chestnut, Vanilla and Amberwood","Stronger With You Powerfully by Al Haramain Perfumes is a Vanilla fragrance for men. Top notes : Cherry and Mandarin Orange Middle notes : Spices and Lavender Base notes : Chestnut, Vanilla and Amberwood. Stronger With You Powerfully by Al Haramain Perfumes is a warm, sweet and slightly spicy fragrance that builds on the gourmand character of the line. The scent opens with a fruity blend of cherry and mandarin orange, combining juiciness with a soft, tangy brightness. In the heart, lavender and spices add aromatic, slightly herbal and piquant nuances, giving contrast to the sweetness. The base is centered on amberwood, chestnut and vanilla, creating a creamy, woody and roasted accord with a pronounced gourmand facet. This structure gives the fragrance a cozy, enveloping character suited to cooler weather and evening wear, with a focus on sweet, woody and spicy tones. Stronger With You Powerfully Perfume Created by Al Haramain Perfumes Hyderabad.","3 ml, 6 ml, 12 ml",150,600,INR,true,https://alharamainperfumes.in/product/with-you-powerfully-attar/,https://alharamainperfumes.in/wp-content/uploads/2025/09/WhatsApp-Image-2025-11-08-at-10.13.31-PM.jpeg,false
Stronger With you powerfully (Perfume),"Clone Perfumes, French","Top: Cherry and Mandarin Orange | Middle: Spices and Lavender | Base: Chestnut, Vanilla and Amberwood","Stronger With You Powerfully by Al Haramain Perfumes is a Vanilla fragrance for men. Top notes : Cherry and Mandarin Orange Middle notes : Spices and Lavender Base notes : Chestnut, Vanilla and Amberwood. Stronger With You Powerfully by Al Haramain Perfumes is a warm, sweet and slightly spicy fragrance that builds on the gourmand character of the line. The scent opens with a fruity blend of cherry and mandarin orange, combining juiciness with a soft, tangy brightness. In the heart, lavender and spices add aromatic, slightly herbal and piquant nuances, giving contrast to the sweetness. The base is centered on amberwood, chestnut and vanilla, creating a creamy, woody and roasted accord with a pronounced gourmand facet. This structure gives the fragrance a cozy, enveloping character suited to cooler weather and evening wear, with a focus on sweet, woody and spicy tones. Stronger With You Powerfully Perfume Created by Al Haramain Perfumes Hyderabad.","10 ml, 25 ml, 30 ml, 50 ml, 100 ml",150,1200,INR,true,https://alharamainperfumes.in/product/with-you-powerfully-perfume/,https://alharamainperfumes.in/wp-content/uploads/2026/06/glass-bottles-2.png,false
le Male in blue JPG (Perfume),"Clone Perfumes, French",Top: is Lavender Middle note is Anise Base note is Benzoin | Middle: is Anise Base note is Benzoin | Base: is Benzoin,"Le Male In Blue Perfume by Al Haramain Perfumes is a Aromatic fragrance for men. Top note is Lavender Middle note is Anise Base note is Benzoin. Le Male In Blue by Al Haramain Perfumes is a modern aromatic fragrance that captures confidence, freshness, and masculine elegance. It opens with the timeless freshness of lavender, creating a clean and invigorating first impression. At the heart, vibrant anise adds a spicy metallic twist, bringing energy and depth to the composition. The fragrance finishes with a rich benzoin base, delivering a warm, smooth, and long-lasting trail. Fresh yet powerful, Le Male In Blue is perfect for men who appreciate a refined fragrance with a bold character. Its balanced blend of aromatic freshness and warm resinous notes makes it an excellent choice for both everyday wear and evening occasions. Le Male In Blue Perfume Created by Al Haramain Perfumes Hyderabad.","10 ml, 25 ml, 30 ml, 50 ml, 100 ml",150,1200,INR,true,https://alharamainperfumes.in/product/male-in-blue-perfume/,https://alharamainperfumes.in/wp-content/uploads/2026/06/glass-bottles-2.png,false
Le Male in blue JPG (Attar),"Clone Attar, French Attar",Top: is Lavender Middle note is Anise Base note is Benzoin | Middle: is Anise Base note is Benzoin | Base: is Benzoin,"Le Male In Blue Perfume by Al Haramain Perfumes is a Aromatic fragrance for men. Top note is Lavender Middle note is Anise Base note is Benzoin. Le Male In Blue by Al Haramain Perfumes is a modern aromatic fragrance that captures confidence, freshness, and masculine elegance. It opens with the timeless freshness of lavender, creating a clean and invigorating first impression. At the heart, vibrant anise adds a spicy metallic twist, bringing energy and depth to the composition. The fragrance finishes with a rich benzoin base, delivering a warm, smooth, and long-lasting trail. Fresh yet powerful, Le Male In Blue is perfect for men who appreciate a refined fragrance with a bold character. Its balanced blend of aromatic freshness and warm resinous notes makes it an excellent choice for both everyday wear and evening occasions. Le Male In Blue Perfume Created by Al Haramain Perfumes Hyderabad.","3 ml, 6 ml, 12 ml",150,600,INR,true,https://alharamainperfumes.in/product/male-in-blue-attar/,https://alharamainperfumes.in/wp-content/uploads/2025/09/WhatsApp-Image-2025-11-08-at-10.13.31-PM.jpeg,false
Blue oud IAQ super (Attar),,Top: Oud and Blue Lilies | Middle: Leather and Patchouli | Base: Tobacco and Amber,"Blue oud IAQ super (Attar) by Al Haramain Perfumes is a fragrance for women and men. Top notes : Oud and Blue Lilies Middle notes : Leather and Patchouli Base notes : Tobacco and Amber. Blue Oud is a fragrance that begins with bold and stable notes of oud, complemented by the delicate and fresh aroma of blue lilies. The heart reveals a charming blend of patchouli and luxurious leather, while the base combines tobacco and amber to create a wonderful fragrance with a perfect blend. Blue oud IAQ super Attar Created by Al Haramain Perfumes Hyderabad.","3ml, 6ml, 12ml",250,1000,INR,true,https://alharamainperfumes.in/product/blue-oud-iaq-super-attar/,https://alharamainperfumes.in/wp-content/uploads/2025/09/WhatsApp-Image-2025-11-08-at-10.13.31-PM.jpeg,false
Blue oud IAQ Super (Perfume),,Top: Oud and Blue Lilies | Middle: Leather and Patchouli | Base: Tobacco and Amber,"Blue oud IAQ super (Perfume) by Al Haramain Perfumes is a fragrance for women and men. Top notes : Oud and Blue Lilies Middle notes : Leather and Patchouli Base notes : Tobacco and Amber. Blue Oud is a fragrance that begins with bold and stable notes of oud, complemented by the delicate and fresh aroma of blue lilies. The heart reveals a charming blend of patchouli and luxurious leather, while the base combines tobacco and amber to create a wonderful fragrance with a perfect blend. Blue oud IAQ super Perfume Created by Al Haramain Perfumes Hyderabad.","10ml, 25ml, 50ml, 100ml",300,2500,INR,true,https://alharamainperfumes.in/product/blue-oud-iaq-super-perfume/,https://alharamainperfumes.in/wp-content/uploads/2026/07/Charminar-theam-Glass-Bottle-1.png,false
D Sakura (Perfume),Clone Perfumes,"Top: is Green Notes | Middle: Japanese Cherry Blossom, Rose, Jasmine and Hedione | Base: White Musk, Mimosa and Violet","D Sakura Perfume by Al Haramain Perfumes is a fragrance for women and men. Top note is Green Notes. Middle notes : Japanese Cherry Blossom, Rose, Jasmine and Hedione Base notes : White Musk, Mimosa and Violet. D Sakura by Al Haramain Perfumes is a delicate and elegant unisex fragrance inspired by the beauty of blooming cherry blossoms. It opens with refreshing green notes that create a crisp and uplifting first impression. At its heart, a graceful blend of Japanese Cherry Blossom, rose, jasmine, and hedione adds a soft floral sophistication. The fragrance settles into a smooth and comforting base of white musk, mimosa, and violet, leaving a clean, airy, and long-lasting trail. D Sakura Perfume Created by Al Haramain Perfumes Hyderabad.","10 ml, 25 ml, 50 ml, 100ml",200,1500,INR,false,https://alharamainperfumes.in/product/sakura-perfume/,https://alharamainperfumes.in/wp-content/uploads/2026/06/glass-bottles-2.png,false
D Sakura (Attar),"Arabic Attar, Clone Attar","Top: is Green Notes | Middle: Japanese Cherry Blossom, Rose, Jasmine and Hedione | Base: White Musk, Mimosa and Violet","D Sakura Perfume by Al Haramain Perfumes is a fragrance for women and men. Top note is Green Notes. Middle notes : Japanese Cherry Blossom, Rose, Jasmine and Hedione Base notes : White Musk, Mimosa and Violet. D Sakura by Al Haramain Perfumes is a delicate and elegant unisex fragrance inspired by the beauty of blooming cherry blossoms. It opens with refreshing green notes that create a crisp and uplifting first impression. At its heart, a graceful blend of Japanese Cherry Blossom, rose, jasmine, and hedione adds a soft floral sophistication. The fragrance settles into a smooth and comforting base of white musk, mimosa, and violet, leaving a clean, airy, and long-lasting trail. D Sakura Attar Created by Al Haramain Perfumes Hyderabad.","3 ml, 6 ml, 12 ml",150,600,INR,false,https://alharamainperfumes.in/product/sakura-attar/,https://alharamainperfumes.in/wp-content/uploads/2025/09/WhatsApp-Image-2025-11-08-at-10.13.31-PM.jpeg,false
Mont Explorer extreme (Perfume),"Clone Perfumes, French",Top: Bergamot | Middle: Patchouli and Vetiver | Base: Amber and Leather,"Mont Explorer Extreme by Al Haramain Perfumes is a Woody fragrance for men. Top note: Bergamot Middle notes : Patchouli and Vetiver Base notes : Amber and Leather. This composition is characterized by a blend of woody, leathery, and spicy notes, designed to evoke the spirit of adventure. The fragrance opens with a radiant note of bergamot, followed by earthy patchouli and vetiver at the heart. The base is defined by warm amber accord and leather, providing depth and warmth to the overall scent. Mont Explorer Extreme Perfume Created by Al Haramain Perfumes Hyderabad.","10 ml, 25 ml, 30 ml, 50 ml, 100 ml",150,1200,INR,true,https://alharamainperfumes.in/product/explorer-extreme-perfume/,https://alharamainperfumes.in/wp-content/uploads/2026/06/glass-bottles-2.png,false
Explorer extreme (Attar),"Clone Attar, French Attar",Top: Bergamot | Middle: Patchouli and Vetiver | Base: Amber and Leather,"Mont Explorer Extreme by Al Haramain Perfumes is a Woody fragrance for men. Top note: Bergamot Middle notes : Patchouli and Vetiver Base notes : Amber and Leather. This composition is characterized by a blend of woody, leathery, and spicy notes, designed to evoke the spirit of adventure. The fragrance opens with a radiant note of bergamot, followed by earthy patchouli and vetiver at the heart. The base is defined by warm amber accord and leather, providing depth and warmth to the overall scent. Mont Explorer Extreme Attar Created by Al Haramain Perfumes Hyderabad.","3 ml, 6 ml, 12 ml",150,600,INR,true,https://alharamainperfumes.in/product/explorer-extreme-attar/,https://alharamainperfumes.in/wp-content/uploads/2025/09/WhatsApp-Image-2025-11-08-at-10.13.31-PM.jpeg,false
Guerl Peche mirage (Perfume),"Clone Perfumes, French","Top: Peach, Blackcurrant and Saffron | Middle: Osmanthus | Base: Leather, Amber and Sandalwood","Guerl Peche Mirage by Al Haramain Perfumes is a Floral Fruity fragrance for women and men. Top notes: Peach, Blackcurrant and Saffron Middle note : Osmanthus Base notes: Leather, Amber and Sandalwood. Guerl Peche Mirage by is a unisex fragrance.This scent is characterized by its blend of peach, saffron, and black currant in the top notes, osmanthus in the heart, and a base of sandalwood and amber. Guerl Peche Mirage Perfume Created by Al Haramain Perfumes Hyderabad.","10 ml, 25 ml, 50 ml, 100ml",400,3500,INR,false,https://alharamainperfumes.in/product/peche-mirage-perfume/,https://alharamainperfumes.in/wp-content/uploads/2026/07/Charminar-theam-Glass-Bottle-1.png,false
Guerl Peche mirage (Attar),"Clone Attar, French Attar, French Attars, Premium Attars","Top: Peach, Blackcurrant and Saffron | Middle: Osmanthus | Base: Leather, Amber and Sandalwood","Guerl Peche Mirage by Al Haramain Perfumes is a Floral Fruity fragrance for women and men. Top notes: Peach, Blackcurrant and Saffron Middle note : Osmanthus Base notes: Leather, Amber and Sandalwood. Guerl Peche Mirage by is a unisex fragrance.This scent is characterized by its blend of peach, saffron, and black currant in the top notes, osmanthus in the heart, and a base of sandalwood and amber. Guerl Peche Mirage Attar Created by Al Haramain Perfumes Hyderabad.","3 ml, 6 ml, 12 ml, 24ml",300,1200,INR,false,https://alharamainperfumes.in/product/peche-mirage-attar/,https://alharamainperfumes.in/wp-content/uploads/2025/09/WhatsApp-Image-2025-11-08-at-10.13.31-PM.jpeg,true
Mont Oud Sapparot (Perfume),"Clone Perfumes, Premium Perfumes","Top: Pineapple, Cambodian Oud and Saffron | Middle: Leather, Birch and Cinnamon | Base: Coconut, Vanilla and White Musk","Mont Oud Sapparot by Al Haramain Perfumes is a Woody Chypre fragrance for women and men. Top notes : Pineapple, Cambodian Oud and Saffron Middle notes: Leather, Birch and Cinnamon Base notes : Coconut, Vanilla and White Musk. Oud Sapparot by Al Haramain Perfumes is a bold and exotic fragrance that blends the juicy sweetness of Thai pineapple with the smoky richness of Cambodian oud. Enhanced by saffron, cinnamon, dark leather, and silver birch, it creates a striking contrast between tropical freshness and deep woody intensity. A warm base of vanilla, coconut, and white musk leaves a sensual and long-lasting impression. Mont Oud Sapparot Perfume Created by Al Haramain Perfumes Hyderabad.","10 ml, 25 ml, 50 ml, 100ml",300,2500,INR,true,https://alharamainperfumes.in/product/oud-sapparot-perfume/,https://alharamainperfumes.in/wp-content/uploads/2026/07/Charminar-theam-Glass-Bottle-1.png,false
Mont Oud sapparot (Attar),"Arabic Attar, Clone Attar, Premium Attars","Top: Pineapple, Cambodian Oud and Saffron | Middle: Leather, Birch and Cinnamon | Base: Coconut, Vanilla and White Musk","Mont Oud Sapparot by Al Haramain Perfumes is a Woody Chypre fragrance for women and men. Top notes : Pineapple, Cambodian Oud and Saffron Middle notes: Leather, Birch and Cinnamon Base notes : Coconut, Vanilla and White Musk. Oud Sapparot by Al Haramain Perfumes is a bold and exotic fragrance that blends the juicy sweetness of Thai pineapple with the smoky richness of Cambodian oud. Enhanced by saffron, cinnamon, dark leather, and silver birch, it creates a striking contrast between tropical freshness and deep woody intensity. A warm base of vanilla, coconut, and white musk leaves a sensual and long-lasting impression. Mont Oud Sapparot Attar Created by Al Haramain Perfumes Hyderabad.","3 ml, 6 ml, 12 ml",250,1000,INR,true,https://alharamainperfumes.in/product/oud-sapparot-attar/,https://alharamainperfumes.in/wp-content/uploads/2025/09/WhatsApp-Image-2025-11-08-at-10.13.31-PM.jpeg,false
Wood sage and sea salt JML (Perfume),"Clone Perfumes, French",,"Wood Sage & Sea Salt JML by Al Haramain Perfumes is a a Aromatic fragrance for women and men. The fragrance features Sea Salt, Sage, Grapefruit, Ambrette (Musk Mallow) and Seaweed. Wood Sage & Sea Salt by Al Haramain Perfumes is a fresh and sophisticated fragrance inspired by the freedom of the seaside. It opens with vibrant grapefruit and ambrette seed, blending seamlessly with mineral sea salt and aromatic sage. The fragrance settles into a smooth, woody trail accented by red algae, creating a clean, airy, and effortlessly elegant scent that captures the essence of a coastal escape. Wood Sage & Sea Salt JML Perfume Created by Al Haramain Perfumes Hyderabad.","10 ml, 25 ml, 30 ml, 50 ml, 100 ml",150,1200,INR,true,https://alharamainperfumes.in/product/wood-sage-and-sea-salt-perfume/,https://alharamainperfumes.in/wp-content/uploads/2026/06/glass-bottles-2.png,false
Wood sage and sea salt JML (Attar),"Clone Attar, French Attar",,"Wood Sage & Sea Salt JML by Al Haramain Perfumes is a a Aromatic fragrance for women and men. The fragrance features Sea Salt, Sage, Grapefruit, Ambrette (Musk Mallow) and Seaweed. Wood Sage & Sea Salt by Al Haramain Perfumes is a fresh and sophisticated fragrance inspired by the freedom of the seaside. It opens with vibrant grapefruit and ambrette seed, blending seamlessly with mineral sea salt and aromatic sage. The fragrance settles into a smooth, woody trail accented by red algae, creating a clean, airy, and effortlessly elegant scent that captures the essence of a coastal escape. Wood Sage & Sea Salt JML Attar Created by Al Haramain Perfumes Hyderabad.","3 ml, 6 ml, 12 ml",150,600,INR,true,https://alharamainperfumes.in/product/wood-sage-and-sea-salt-attar/,https://alharamainperfumes.in/wp-content/uploads/2025/09/WhatsApp-Image-2025-11-08-at-10.13.31-PM.jpeg,false
Bleu De Channel L exclusif Super (Perfume),,,"Bleu De Channel L exclusif Perfume by Al Haramain Perfumes is a Woody Aromatic fragrance for men. Fragrance Notes: Amber, Woody Notes, Labdanum & Sandalwood. A rich and elegant woody fragrance with warm amber, resinous labdanum, and creamy sandalwood. Smooth, long-lasting, and perfectly balanced with a deep, captivating trail. Bleu De Channel L exclusif Perfume Created by Al Haramain Perfumes Hyderabad.","10ml, 25ml, 50ml, 100ml",300,2500,INR,true,https://alharamainperfumes.in/product/bleu-de-channel-l-exclusif-super-perfume/,https://alharamainperfumes.in/wp-content/uploads/2026/07/Cowboy-100ml-Bottle.png,false
Bleu De Channel L exclusif Super (Attar),,,"Bleu De Channel L exclusif Perfume by Al Haramain Perfumes is a Woody Aromatic fragrance for men. Fragrance Notes: Amber, Woody Notes, Labdanum & Sandalwood. A rich and elegant woody fragrance with warm amber, resinous labdanum, and creamy sandalwood. Smooth, long-lasting, and perfectly balanced with a deep, captivating trail. Bleu De Channel L exclusif Perfume Created by Al Haramain Perfumes Hyderabad.","3ml, 6ml, 12ml",250,1000,INR,true,https://alharamainperfumes.in/product/bleu-de-channel-l-exclusif-super-attar/,https://alharamainperfumes.in/wp-content/uploads/2025/09/WhatsApp-Image-2025-11-08-at-10.13.31-PM.jpeg,false
Khamra Dukhan (Perfume),Clone Perfumes,"Top: Spices, Pimento and Mandarin | Middle: Incense, Labdanum, Orange Blossom and Patchouli | Base: Praline, Tobacco, Amber, Tonka Bean and Benzoin","Khamra Dukhan by Al Haramain Perfumes is a Oriental fragrance for men. Top notes: Spices, Pimento and Mandarin Middle notes: Incense, Labdanum, Orange Blossom and Patchouli Base notes: Praline, Tobacco, Amber, Tonka Bean and Benzoin. The scent opens with an intriguing blend of aromatic spices, pimento, and juicy mandarin, creating a vibrant and captivating first impression. At its heart, rich notes of incense, labdanum, orange blossom, and patchouli add a smoky and resinous character with a touch of floral elegance. The fragrance finishes with an indulgent base of praline, tobacco, amber, tonka bean, and benzoin, leaving a warm, sensual, and long-lasting trail. Powerful and refined, Khamra Dukhan is the perfect companion for evenings, special occasions, and cooler weather, offering a luxurious scent experience that commands attention wherever you go. Khamra Dukhan Perfume Created by Al Haramain Perfumes Hyderabad.","10 ml, 25 ml, 50 ml, 100ml",200,1500,INR,true,https://alharamainperfumes.in/product/dukhan-perfume/,https://alharamainperfumes.in/wp-content/uploads/2026/06/glass-bottles-2.png,false
Khamra Dukhan (Attar),"Arabic Attar, Clone Attar","Top: Spices, Pimento and Mandarin | Middle: Incense, Labdanum, Orange Blossom and Patchouli | Base: Praline, Tobacco, Amber, Tonka Bean and Benzoin","Khamra Dukhan by Al Haramain Perfumes is a Oriental fragrance for men. Top notes: Spices, Pimento and Mandarin Middle notes: Incense, Labdanum, Orange Blossom and Patchouli Base notes: Praline, Tobacco, Amber, Tonka Bean and Benzoin. The scent opens with an intriguing blend of aromatic spices, pimento, and juicy mandarin, creating a vibrant and captivating first impression. At its heart, rich notes of incense, labdanum, orange blossom, and patchouli add a smoky and resinous character with a touch of floral elegance. The fragrance finishes with an indulgent base of praline, tobacco, amber, tonka bean, and benzoin, leaving a warm, sensual, and long-lasting trail. Powerful and refined, Khamra Dukhan is the perfect companion for evenings, special occasions, and cooler weather, offering a luxurious scent experience that commands attention wherever you go. Khamra Dukhan Attar Created by Al Haramain Perfumes Hyderabad.","3 ml, 6 ml, 12 ml",150,600,INR,true,https://alharamainperfumes.in/product/dukhan-attar/,https://alharamainperfumes.in/wp-content/uploads/2025/09/WhatsApp-Image-2025-11-08-at-10.13.31-PM.jpeg,false
Khamra Waha (Perfume),Clone Perfumes,"Top: Bergamot, Yuzu, Juniper and Ginger | Middle: Cucumber, Sea Salt, Iris and Sage | Base: Vanilla, Tonka Bean, Musk, Ambrofix™ and Akigalawood","Khamra Waha by Al Haramain Perfumes is a Aromatic Aquatic fragrance for women and men. Top notes : Bergamot, Yuzu, Juniper and Ginger Middle notes : Cucumber, Sea Salt, Iris and Sage Base notes : Vanilla, Tonka Bean, Musk, Ambrofix™ and Akigalawood. The fragrance opens with a vibrant blend of bergamot, yuzu, juniper, and ginger, delivering a crisp and energizing introduction. At its heart, notes of cucumber, sea salt, iris, and sage create a cool, airy character that evokes the feeling of an ocean breeze. The scent settles into a smooth and long-lasting base of vanilla, tonka bean, musk, Ambrofix™, and Akigalawood, leaving behind a warm, sophisticated trail. Fresh, versatile, and effortlessly refined, Khamrah Waha is the perfect choice for everyday wear, especially during warmer seasons, offering a clean yet captivating signature scent. Khamra Waha Perfume Created by Al Haramain Perfumes Hyderabad.","10 ml, 25 ml, 50 ml, 100ml",200,1500,INR,true,https://alharamainperfumes.in/product/waha-perfume/,https://alharamainperfumes.in/wp-content/uploads/2026/06/glass-bottles-2.png,false
Khamra Waha (Attar),"Arabic Attar, Clone Attar","Top: Bergamot, Yuzu, Juniper and Ginger | Middle: Cucumber, Sea Salt, Iris and Sage | Base: Vanilla, Tonka Bean, Musk, Ambrofix™ and Akigalawood","Khamra Waha by Al Haramain Perfumes is a Aromatic Aquatic fragrance for women and men. Top notes : Bergamot, Yuzu, Juniper and Ginger Middle notes : Cucumber, Sea Salt, Iris and Sage Base notes : Vanilla, Tonka Bean, Musk, Ambrofix™ and Akigalawood. The fragrance opens with a vibrant blend of bergamot, yuzu, juniper, and ginger, delivering a crisp and energizing introduction. At its heart, notes of cucumber, sea salt, iris, and sage create a cool, airy character that evokes the feeling of an ocean breeze. The scent settles into a smooth and long-lasting base of vanilla, tonka bean, musk, Ambrofix™, and Akigalawood, leaving behind a warm, sophisticated trail. Fresh, versatile, and effortlessly refined, Khamrah Waha is the perfect choice for everyday wear, especially during warmer seasons, offering a clean yet captivating signature scent. Khamra Waha Attar Created by Al Haramain Perfumes Hyderabad.","3 ml, 6 ml, 12 ml",150,600,INR,true,https://alharamainperfumes.in/product/waha-attar/,https://alharamainperfumes.in/wp-content/uploads/2025/09/WhatsApp-Image-2025-11-08-at-10.13.31-PM.jpeg,false
Spice and wood cree Attar,Indian,"Top: Apple, Lemon & Bergamot | Middle: Pepper, Birch, Clove, Angelica & Patchouli | Base: Cedar, oak moss, Musk & Iris","Spice and wood cree by Al Haramain Perfumes is a Oriental Woody fragrance for women and men. Top notes : Apple, Lemon & Bergamot Middle notes : Pepper, Birch, Clove, Angelica & Patchouli Base notes: Cedar, oak moss, Musk & Iris. Spice and Wood opens with aromas of Italian bergamot, Egyptian lemon and aromatic apples. Middle notes reveal Angelica root, rose, clove, desert peppers, patchouli and white birch. The composition finishes with a trail of cedar, Egyptian iris, oak moss and musk. Spice and wood cree Attar Created by Al Haramain Perfumes Hyderabad.","3 ml, 6 ml, 12 ml",250,500,INR,true,https://alharamainperfumes.in/product/spice-and-wood-cree-attar/,https://alharamainperfumes.in/wp-content/uploads/2025/09/WhatsApp-Image-2025-11-08-at-10.13.31-PM.jpeg,false
Spice and wood cree (Perfume),"Clone Perfumes, French","Top: Apple, Lemon & Bergamot | Middle: Pepper, Birch, Clove, Angelica & Patchouli | Base: Cedar, oak moss, Musk & Iris","Spice and wood cree by Al Haramain Perfumes is a Oriental Woody fragrance for women and men. Top notes : Apple, Lemon & Bergamot Middle notes : Pepper, Birch, Clove, Angelica & Patchouli Base notes: Cedar, oak moss, Musk & Iris. Spice and Wood opens with aromas of Italian bergamot, Egyptian lemon and aromatic apples. Middle notes reveal Angelica root, rose, clove, desert peppers, patchouli and white birch. The composition finishes with a trail of cedar, Egyptian iris, oak moss and musk. Spice and wood cree Perfume Created by Al Haramain Perfumes Hyderabad.","10 ml, 25 ml, 50 ml, 100 ml",300,2500,INR,true,https://alharamainperfumes.in/product/spice-and-wood-cree-perfume/,https://alharamainperfumes.in/wp-content/uploads/2026/07/Cowboy-100ml-Bottle.png,false
Bergamotto aqua di calabria (Perfume),Clone Perfumes,"Top: Bergamot | Middle: Orange, Grapefruit and Mandarin Orange | Base: Geranium and Fennel","Bergamotto aqua di calabria by Al Haramain Perfumes is a Citrus Aromatic fragrance for women and men. Top note: Bergamot. Middle notes: Orange, Grapefruit and Mandarin Orange; Base notes: Geranium and Fennel. From the onset of the fragrance, you would appear to be in a field of bergamots and seemingly picking the fruit with your own hands, brushing it delicately to immerse yourself in the bright fullness of its notes. Around the heart of the bergamot, every ingredient is orchestrated such as to exalt the various intonations which it already encompasses. The mandarin and orange notes exalt its succulent and fruity accents, whilst the grapefruit highlights its sour notes. The green tones of the ferula reveal its mineral intonations and its floral traces of the geranium highlight the enrobing sweetness. An olfactory pyramid with an original structure which expands the robustness of the bergamot in a surprising sensorial evolution. Bergamotto aqua di calabria Perfume Created by Al Haramain Perfumes Hyderabad.","10 ml, 25 ml, 50 ml, 100ml",200,1500,INR,true,https://alharamainperfumes.in/product/bergamotto-aqua-di-calabria-perfume/,https://alharamainperfumes.in/wp-content/uploads/2026/06/glass-bottles-2.png,false
Bergamotto aqua di calabria (Attar),"Arabic Attar, Clone Attar","Top: Bergamot | Middle: Orange, Grapefruit and Mandarin Orange | Base: Geranium and Fennel","Bergamotto aqua di calabria by Al Haramain Perfumes is a Citrus Aromatic fragrance for women and men. Top note: Bergamot. Middle notes: Orange, Grapefruit and Mandarin Orange; Base notes: Geranium and Fennel. From the onset of the fragrance, you would appear to be in a field of bergamots and seemingly picking the fruit with your own hands, brushing it delicately to immerse yourself in the bright fullness of its notes. Around the heart of the bergamot, every ingredient is orchestrated such as to exalt the various intonations which it already encompasses. The mandarin and orange notes exalt its succulent and fruity accents, whilst the grapefruit highlights its sour notes. The green tones of the ferula reveal its mineral intonations and its floral traces of the geranium highlight the enrobing sweetness. An olfactory pyramid with an original structure which expands the robustness of the bergamot in a surprising sensorial evolution. Bergamotto aqua di calabria Attar Created by Al Haramain Perfumes Hyderabad.","3 ml, 6 ml, 12 ml",150,600,INR,true,https://alharamainperfumes.in/product/bergamotto-aqua-di-calabria-attar/,https://alharamainperfumes.in/wp-content/uploads/2025/09/WhatsApp-Image-2025-11-08-at-10.13.31-PM.jpeg,false
Tango (Perfume),,"Top: Mango, Orange and Pomelo | Middle: Caramel, Vanilla and Jasmine | Base: Amber, Sage and Cedar Tango by Al Haramain Perfumes is a woody, fruity gourmand fragrance for women","Tango by Al Haramain Perfumes is a Oriental Vanilla fragrance for women Top notes : Mango, Orange and Pomelo. Middle notes: Caramel, Vanilla and Jasmine. Base notes : Amber, Sage and Cedar Tango by Al Haramain Perfumes is a woody, fruity gourmand fragrance for women. The composition opens with a vivid blend of orange, mango and pomelo, moving into a sweeter heart that combines caramel, vanilla and jasmine. Amber, cedar and sage form the base, adding warmth, gentle woods and an aromatic nuance that balance the brighter fruity and gourmand aspects of the scent. Tango Perfume Created by Al Haramain Perfumes Hyderabad.","10 ml, 25 ml, 30 ml, 50 ml, 100 ml",100,800,INR,true,https://alharamainperfumes.in/product/tango-perfume/,https://alharamainperfumes.in/wp-content/uploads/2026/06/glass-bottles-2.png,false
Tango Attar,,"Top: Mango, Orange and Pomelo | Middle: Caramel, Vanilla and Jasmine | Base: Amber, Sage and Cedar Tango by Al Haramain Perfumes is a woody, fruity gourmand fragrance for women","Tango by Al Haramain Perfumes is a Oriental Vanilla fragrance for women Top notes : Mango, Orange and Pomelo. Middle notes: Caramel, Vanilla and Jasmine. Base notes : Amber, Sage and Cedar Tango by Al Haramain Perfumes is a woody, fruity gourmand fragrance for women. The composition opens with a vivid blend of orange, mango and pomelo, moving into a sweeter heart that combines caramel, vanilla and jasmine. Amber, cedar and sage form the base, adding warmth, gentle woods and an aromatic nuance that balance the brighter fruity and gourmand aspects of the scent. Tango Attar Created by Al Haramain Perfumes Hyderabad.","3 ml, 6 ml, 12 ml",100,400,INR,true,https://alharamainperfumes.in/product/tango-attar/,https://alharamainperfumes.in/wp-content/uploads/2025/09/WhatsApp-Image-2025-11-08-at-10.13.31-PM.jpeg,false
Impadia Perfume,"Clone Perfumes, Premium Perfumes","Top: Pear, Bergamot and Mandarin | Middle: Bulgarian Rose, Turkish Rose and African Orange Flower | Base: Akigalawood, Vanilla Absolute and Sandalwood","Impadia by Al Haramain Perfumes is a Floral Fruity Gourmand fragrance for women and men. The nose behind this fragrance is Jordi Fernández. Top notes :Pear, Bergamot and Mandarin Middle notes : Bulgarian Rose, Turkish Rose and African Orange Flower Base notes : Akigalawood, Vanilla Absolute and Sandalwood. Impadia Perfume Created by Al Haramain Perfumes Hyderabad.","10 ml, 25 ml, 50 ml, 100ml",300,2500,INR,true,https://alharamainperfumes.in/product/impadia-perfume/,https://alharamainperfumes.in/wp-content/uploads/2026/07/Cowboy-100ml-Bottle.png,false
Impadia Attar,"Arabic Attar, Clone Attar, Premium Attars","Top: Pear, Bergamot and Mandarin | Middle: Bulgarian Rose, Turkish Rose and African Orange Flower | Base: Akigalawood, Vanilla Absolute and Sandalwood","Impadia by Al Haramain Perfumes is a Floral Fruity Gourmand fragrance for women and men. The nose behind this fragrance is Jordi Fernández. Top notes :Pear, Bergamot and Mandarin Middle notes : Bulgarian Rose, Turkish Rose and African Orange Flower Base notes : Akigalawood, Vanilla Absolute and Sandalwood. Impadia Perfume Created by Al Haramain Perfumes Hyderabad.","3 ml, 6 ml, 12 ml",250,1000,INR,true,https://alharamainperfumes.in/product/impadia-attar/,https://alharamainperfumes.in/wp-content/uploads/2025/09/WhatsApp-Image-2025-11-08-at-10.13.31-PM.jpeg,false
Gris charnel (Perfume),Clone Perfumes,"Top: Cardamom, Fig and Black Tea | Middle: Iris and Bourbon Vetiver | Base: Sandalwood and Tonka Bean","Gris Charnel by Al Haramain Perfumes is a Oriental Spicy fragrance for women and men. The nose behind this fragrance is Mathilde Bijaoui. Top notes: Cardamom, Fig and Black Tea Middle notes : Iris and Bourbon Vetiver Base notes : Sandalwood and Tonka Bean. Gris Charnel Perfume Created by Al Haramain Perfumes Hyderabad.","10 ml, 25 ml, 50 ml, 100ml",200,1500,INR,true,https://alharamainperfumes.in/product/gris-charnel-perfume/,https://alharamainperfumes.in/wp-content/uploads/2026/06/glass-bottles-2.png,false
Gris charnel (Attar),"Arabic Attar, Clone Attar","Top: Cardamom, Fig and Black Tea | Middle: Iris and Bourbon Vetiver | Base: Sandalwood and Tonka Bean","Gris Charnel by Al Haramain Perfumes is a Oriental Spicy fragrance for women and men. The nose behind this fragrance is Mathilde Bijaoui. Top notes: Cardamom, Fig and Black Tea Middle notes : Iris and Bourbon Vetiver Base notes : Sandalwood and Tonka Bean. Gris Charnel Perfume Created by Al Haramain Perfumes Hyderabad.","3 ml, 6 ml, 12 ml",150,600,INR,true,https://alharamainperfumes.in/product/gris-charnel-attar/,https://alharamainperfumes.in/wp-content/uploads/2025/09/WhatsApp-Image-2025-11-08-at-10.13.31-PM.jpeg,false
Nectar Oud (Perfume),,"Top: Saffron and Raspberry | Middle: Agarwood, Cypriol and Olibanum | Base: Amberwood, Cedarwood and Benzoin","Nectar Oud by Al Haramain Perfumes is a fragrance for women and men. Top notes : Saffron and Raspberry Middle notes : Agarwood, Cypriol and Olibanum Base notes : Amberwood, Cedarwood and Benzoin. The fragrance features Oud, Agarwood, Saffron, Frankincense, Raspberry, Amberwood, Cedar and Benzoin. Nectar Oud by Al Haramain Perfumes is a fragrance that centers on the interplay of raspberry, oud, and saffron. The scent is characterized by a blend of juicy fruit and smoky wood, resulting in a composition that is both warm and dense.Nectar Oud aims to evoke a sense of richness and depth. Nectar Oud Perfume Created by Al Haramain Perfumes Hyderabad.","10 ml, 25 ml, 30 ml, 50 ml, 100 ml",100,800,INR,true,https://alharamainperfumes.in/product/nectar-oud-perfume/,https://alharamainperfumes.in/wp-content/uploads/2026/06/glass-bottles-2.png,false
Nectar Oud Attar,,"Top: Saffron and Raspberry | Middle: Agarwood, Cypriol and Olibanum | Base: Amberwood, Cedarwood and Benzoin","Nectar Oud by Al Haramain Perfumes is a fragrance for women and men. Top notes : Saffron and Raspberry Middle notes : Agarwood, Cypriol and Olibanum Base notes : Amberwood, Cedarwood and Benzoin. The fragrance features Oud, Agarwood, Saffron, Frankincense, Raspberry, Amberwood, Cedar and Benzoin. Nectar Oud by Al Haramain Perfumes is a fragrance that centers on the interplay of raspberry, oud, and saffron. The scent is characterized by a blend of juicy fruit and smoky wood, resulting in a composition that is both warm and dense.Nectar Oud aims to evoke a sense of richness and depth. Nectar Oud Attar Created by Al Haramain Perfumes Hyderabad.","3 ml, 6 ml, 12 ml",100,400,INR,true,https://alharamainperfumes.in/product/nectar-oud-attar/,https://alharamainperfumes.in/wp-content/uploads/2025/09/WhatsApp-Image-2025-11-08-at-10.13.31-PM.jpeg,false
Sindbad amou (Perfume),Clone Perfumes,"Top: Honey, Apricot, Cardamom, Pomegranate, Ginger, Tangerine, Mango, Grapefruit and Pink Pepper | Middle: Cappuccino, Black Tea and Davana | Base: Cedarwood, Tonka Bean, Vanilla, Cypriol, Vetiver, Patchouli and Labdanum","Sindbad amou by Al Haramain Perfumes is a Woody Spicy fragrance for women and men. Top notes: Honey, Apricot, Cardamom, Pomegranate, Ginger, Tangerine, Mango, Grapefruit and Pink Pepper Middle notes: Cappuccino, Black Tea and Davana Base notes: Cedarwood, Tonka Bean, Vanilla, Cypriol, Vetiver, Patchouli and Labdanum. Sindbad amou by Al Haramain Perfumes is part of The Essences.The composition opens with honeyed citrus and fruit notes — tangerine, grapefruit, mango, pomegranate, and apricot — accented by ginger, cardamom, and pink pepper. A heart of black tea, cappuccino, and davana leads to a base of tonka bean, vanilla, cedarwood, labdanum, cypriol, vetiver, and patchouli. The fragrance is presented at 30% essence de parfum and is described as undergoing an oakwood barrel ethanol infusion, a further infusion with sandalwood chips, and a period of maceration. Sindbad amou Perfume Created by Al Haramain Perfumes Hyderabad.","10 ml, 25 ml, 50 ml, 100ml",200,1500,INR,true,https://alharamainperfumes.in/product/sindbad-amou-perfume/,https://alharamainperfumes.in/wp-content/uploads/2026/06/glass-bottles-2.png,false
Sindbad amou (Attar),"Arabic Attar, Clone Attar","Top: Honey, Apricot, Cardamom, Pomegranate, Ginger, Tangerine, Mango, Grapefruit and Pink Pepper | Middle: Cappuccino, Black Tea and Davana | Base: Cedarwood, Tonka Bean, Vanilla, Cypriol, Vetiver, Patchouli and Labdanum","Sindbad amou by Al Haramain Perfumes is a Woody Spicy fragrance for women and men. Top notes: Honey, Apricot, Cardamom, Pomegranate, Ginger, Tangerine, Mango, Grapefruit and Pink Pepper Middle notes: Cappuccino, Black Tea and Davana Base notes: Cedarwood, Tonka Bean, Vanilla, Cypriol, Vetiver, Patchouli and Labdanum. Sindbad amou by Al Haramain Perfumes is part of The Essences.The composition opens with honeyed citrus and fruit notes — tangerine, grapefruit, mango, pomegranate, and apricot — accented by ginger, cardamom, and pink pepper. A heart of black tea, cappuccino, and davana leads to a base of tonka bean, vanilla, cedarwood, labdanum, cypriol, vetiver, and patchouli. The fragrance is presented at 30% essence de parfum and is described as undergoing an oakwood barrel ethanol infusion, a further infusion with sandalwood chips, and a period of maceration. Sindbad amou Attar Created by Al Haramain Perfumes Hyderabad.","3 ml, 6 ml, 12 ml",150,600,INR,true,https://alharamainperfumes.in/product/sindbad-amou-attar/,https://alharamainperfumes.in/wp-content/uploads/2025/09/WhatsApp-Image-2025-11-08-at-10.13.31-PM.jpeg,false
Interlude man super (Perfume),"Clone Perfumes, Premium Perfumes","Top: Oregano, Pepper and Bergamot | Middle: Incense, Opoponax, Amber and Labdanum | Base: Agarwood (Oud), Leather, Sandalwood and Patchouli","Interlude man super by Al Haramain Perfumes is a Oriental Woody fragrance for men. Top notes : Oregano, Pepper and Bergamot Middle notes: Incense, Opoponax, Amber and Labdanum Base notes: Agarwood (Oud), Leather, Sandalwood and Patchouli. Interlude Man is a spicy – woody fragrance that opens with zesty bergamot, oregano and pimento berry oil, perpetuating intervals of conflict which are countered by aromatic notes of amber, frankincense, opoponax, cistus and myrrh. Eternal notes of leather, agarwood smoke, patchouli and sandalwood in the base add lasting layers of depth and texture. Perfumer: Pierre Negrin. Interlude man super Perfume Created by Al Haramain Perfumes Hyderabad.","10 ml, 25 ml, 50 ml, 100ml",300,2500,INR,true,https://alharamainperfumes.in/product/interlude-man-super-perfume/,https://alharamainperfumes.in/wp-content/uploads/2026/07/Charminar-theam-Glass-Bottle-1.png,false
Interlude man super (Attar),"Arabic Attar, Clone Attar, Premium Attars","Top: Oregano, Pepper and Bergamot | Middle: Incense, Opoponax, Amber and Labdanum | Base: Agarwood (Oud), Leather, Sandalwood and Patchouli","Interlude man super by Al Haramain Perfumes is a Oriental Woody fragrance for men. Top notes : Oregano, Pepper and Bergamot Middle notes: Incense, Opoponax, Amber and Labdanum Base notes: Agarwood (Oud), Leather, Sandalwood and Patchouli. Interlude Man is a spicy – woody fragrance that opens with zesty bergamot, oregano and pimento berry oil, perpetuating intervals of conflict which are countered by aromatic notes of amber, frankincense, opoponax, cistus and myrrh. Eternal notes of leather, agarwood smoke, patchouli and sandalwood in the base add lasting layers of depth and texture. Perfumer: Pierre Negrin. Interlude man super Perfume Created by Al Haramain Perfumes Hyderabad.","3 ml, 6 ml, 12 ml",250,1000,INR,true,https://alharamainperfumes.in/product/interlude-man-super-attar/,https://alharamainperfumes.in/wp-content/uploads/2025/09/WhatsApp-Image-2025-11-08-at-10.13.31-PM.jpeg,false
Decision amou (Perfume),"Clone Perfumes, Premium Perfumes","Top: Cardamom, Bergamot and Pink Pepper | Middle: Frankincense, Myrrh and Juniper Berries | Base: Vanilla, Cedarwood and Patchouli","Decision amou Perfume by Al Haramain Perfumes is a Woody Aromatic fragrance for women and men. Top notes : Cardamom, Bergamot and Pink Pepper Middle notes : Frankincense, Myrrh and Juniper Berries Base notes : Vanilla, Cedarwood and Patchouli. Decision Perfume opens with a vibrant blend of frankincense, bergamot, myrrh, and juniper berries, creating a fresh yet woody aura. Enhanced by Atlas cedarwood and finished with a warm vanilla base, it is a refined fragrance that symbolizes clarity, confidence, and acceptance. Decision amou Perfume Created by Al Haramain Perfumes Hyderabad.","10 ml, 25 ml, 50 ml, 100ml",300,2500,INR,true,https://alharamainperfumes.in/product/decision-amou-perfume/,https://alharamainperfumes.in/wp-content/uploads/2026/07/Charminar-theam-Glass-Bottle-1.png,false
Decision amou (Attar ),"Arabic Attar, Clone Attar, Premium Attars","Top: Cardamom, Bergamot and Pink Pepper | Middle: Frankincense, Myrrh and Juniper Berries | Base: Vanilla, Cedarwood and Patchouli","Decision amou Perfume by Al Haramain Perfumes is a Woody Aromatic fragrance for women and men. Top notes : Cardamom, Bergamot and Pink Pepper Middle notes : Frankincense, Myrrh and Juniper Berries Base notes : Vanilla, Cedarwood and Patchouli. Decision Perfume opens with a vibrant blend of frankincense, bergamot, myrrh, and juniper berries, creating a fresh yet woody aura. Enhanced by Atlas cedarwood and finished with a warm vanilla base, it is a refined fragrance that symbolizes clarity, confidence, and acceptance. Decision amou Perfume Created by Al Haramain Perfumes Hyderabad.","3 ml, 6 ml, 12 ml",250,1000,INR,true,https://alharamainperfumes.in/product/decision-amou-attar/,https://alharamainperfumes.in/wp-content/uploads/2025/09/WhatsApp-Image-2025-11-08-at-10.13.31-PM.jpeg,false
Purpose 50 amou Perfume,"Clone Perfumes, Premium Perfumes",,Purpose 50 amou,"10 ml, 25 ml, 50 ml, 100ml",300,2500,INR,false,https://alharamainperfumes.in/product/purpose-50-amou-perfume/,https://alharamainperfumes.in/wp-content/uploads/2025/12/Gemini_Generated_Image_lfqffylfqffylfqf-1.png,false
Purpose 50 amou Attar,"Arabic Attar, Clone Attar, Premium Attars",,Purpose 50 amou,"3 ml, 6 ml, 12 ml",250,1000,INR,false,https://alharamainperfumes.in/product/purpose-50-amou-attar/,https://alharamainperfumes.in/wp-content/uploads/2025/09/WhatsApp-Image-2025-11-08-at-10.13.31-PM.jpeg,false
Existence amou (Perfume),"Clone Perfumes, French, French Perfumes, Premium Perfumes",,Existence amou Existence amou Created by Al Haramain Perfumes Hyderabad.,"10 ml, 25 ml, 50 ml, 100ml",400,3500,INR,true,https://alharamainperfumes.in/product/existence-amou-perfume/,https://alharamainperfumes.in/wp-content/uploads/2025/12/Gemini_Generated_Image_lfqffylfqffylfqf-1.png,true
Existence amou (Attar),"Arabic Attar, Arabic Attars, Clone Attar, Premium Attars",,"Existence amou Existence amou inspired fragrance Attar, Created by Al Haramain Perfumes Hyderabad.","3 ml, 6 ml, 12 ml",300,1200,INR,true,https://alharamainperfumes.in/product/existence-amou-attar/,https://alharamainperfumes.in/wp-content/uploads/2025/09/WhatsApp-Image-2025-11-08-at-10.13.31-PM.jpeg,true
Reflection Man amou (Perfume),Clone Perfumes,"Top: Rosemary, Pink Pepper and Petitgrain | Middle: Jasmine, Neroli, Orris Root and Ylang-Ylang | Base: Sandalwood, Cedar, Vetiver and Patchouli","Reflection Man amou by Al Haramain Perfumes is a Woody Floral Musk fragrance for men. Top notes: Rosemary, Pink Pepper and Petitgrain Middle notes: Jasmine, Neroli, Orris Root and Ylang-Ylang Base notes : Sandalwood, Cedar, Vetiver and Patchouli. Reflection Man amou Perfume Created by Al Haramain Perfumes Hyderabad.","10 ml, 25 ml, 50 ml, 100ml",200,1500,INR,false,https://alharamainperfumes.in/product/reflection-man-amou-perfume/,https://alharamainperfumes.in/wp-content/uploads/2026/06/glass-bottles-2.png,false
Reflection Man amou (Attar),"Arabic Attar, Clone Attar","Top: Rosemary, Pink Pepper and Petitgrain | Middle: Jasmine, Neroli, Orris Root and Ylang-Ylang | Base: Sandalwood, Cedar, Vetiver and Patchouli","Reflection Man amou by Al Haramain Perfumes is a Woody Floral Musk fragrance for men. Top notes: Rosemary, Pink Pepper and Petitgrain Middle notes: Jasmine, Neroli, Orris Root and Ylang-Ylang Base notes : Sandalwood, Cedar, Vetiver and Patchouli. Reflection Man amou Perfume Created by Al Haramin Perfumes Hyderabad.","3 ml, 6 ml, 12 ml",150,600,INR,false,https://alharamainperfumes.in/product/reflection-man-amou-attar/,https://alharamainperfumes.in/wp-content/uploads/2025/09/WhatsApp-Image-2025-11-08-at-10.13.31-PM.jpeg,false
Guidance amou (Perfume),"Clone Perfumes, French, French Perfumes, Premium Perfumes",,Garçon Manqué Garçon Manqué Created by Al Haramain Perfumes Hyderabad.,"10 ml, 25 ml, 50 ml, 100ml",400,3500,INR,false,https://alharamainperfumes.in/product/guidance-amou-perfume/,https://alharamainperfumes.in/wp-content/uploads/2025/12/Gemini_Generated_Image_lfqffylfqffylfqf-1.png,true
Guidance amou (Attar),"Arabic Attar, Arabic Attars, Clone Attar, Premium Attars",,"Garçon Manqué Garçon Manqué inspired fragrance Attar, Created by Al Haramain Perfumes Hyderabad.","3 ml, 6 ml, 12 ml",300,1200,INR,false,https://alharamainperfumes.in/product/guidance-amou-attar/,https://alharamainperfumes.in/wp-content/uploads/2025/09/WhatsApp-Image-2025-11-08-at-10.13.31-PM.jpeg,true
Royal tobacco amou (Perfume),"Clone Perfumes, French","Top: Olibanum, Anise, Elemi resin, Cardamom, Basil and Bergamot | Middle: Tobacco, Licorice, Fenugreek, Lavender, Prunol, Osmanthus, Orange Blossom and Rose | Base: Olibanum, Myrrh, Bourbon Vanilla, Birch Tar, Benzoin, Agarwood (Oud), Peru Balsam, Labdanum, Guaiac Wood, Tonka Bean, Vetiver and Musk","Royal Tobacco amou by Al Haramain Perfumes is a Aromatic fragrance for women and men. Top notes: Olibanum, Anise, Elemi resin, Cardamom, Basil and Bergamot Middle notes: Tobacco, Licorice, Fenugreek, Lavender, Prunol, Osmanthus, Orange Blossom and Rose Base notes: Olibanum, Myrrh, Bourbon Vanilla, Birch Tar, Benzoin, Agarwood (Oud), Peru Balsam, Labdanum, Guaiac Wood, Tonka Bean, Vetiver and Musk. Royal Tobacco amou Perfume Created by Al Haramain Perfumes Hyderabad.","10 ml, 25 ml, 30 ml, 50 ml, 100 ml",150,1200,INR,true,https://alharamainperfumes.in/product/royal-tobacco-amou-perfume/,https://alharamainperfumes.in/wp-content/uploads/2026/06/glass-bottles-2.png,false
Royal tobacco amou (Attar),"Arabic Attar, Clone Attar","Top: Olibanum, Anise, Elemi resin, Cardamom, Basil and Bergamot | Middle: Tobacco, Licorice, Fenugreek, Lavender, Prunol, Osmanthus, Orange Blossom and Rose | Base: Olibanum, Myrrh, Bourbon Vanilla, Birch Tar, Benzoin, Agarwood (Oud), Peru Balsam, Labdanum, Guaiac Wood, Tonka Bean, Vetiver and Musk","Royal Tobacco amou by Al Haramain Perfumes is a Aromatic fragrance for women and men. Top notes: Olibanum, Anise, Elemi resin, Cardamom, Basil and Bergamot Middle notes: Tobacco, Licorice, Fenugreek, Lavender, Prunol, Osmanthus, Orange Blossom and Rose Base notes: Olibanum, Myrrh, Bourbon Vanilla, Birch Tar, Benzoin, Agarwood (Oud), Peru Balsam, Labdanum, Guaiac Wood, Tonka Bean, Vetiver and Musk. Royal Tobacco amou Attar Created by Al Haramain Perfumes Hyderabad.","3 ml, 6 ml, 12 ml",150,600,INR,true,https://alharamainperfumes.in/product/royal-tobacco-amou-attar/,https://alharamainperfumes.in/wp-content/uploads/2025/09/WhatsApp-Image-2025-11-08-at-10.13.31-PM.jpeg,false
Mitti musk (Perfume),,,Mitti musk Mitti musk Created by Al Haramain Perfumes Hyderabad.,"10 ml, 25 ml, 50 ml, 100ml",100,800,INR,true,https://alharamainperfumes.in/product/mitti-musk-perfume/,https://alharamainperfumes.in/wp-content/uploads/2026/06/paper-boxes-1.png,false
Mitti musk Attar,Indian,,Mitti musk Mitti musk Created by Al Haramain Perfumes Hyderabad.,"3 ml, 6 ml, 12 ml",100,400,INR,true,https://alharamainperfumes.in/product/mitti-musk-attar/,https://alharamainperfumes.in/wp-content/uploads/2025/09/WhatsApp-Image-2025-11-08-at-10.13.31-PM.jpeg,false
Hatkora wood (Perfume),,,Hatkora wood Hatkora wood Created by Al Haramain Perfumes Hyderabad.,"10 ml, 25 ml, 50 ml, 100ml",100,800,INR,false,https://alharamainperfumes.in/product/hatkora-wood-perfume/,https://alharamainperfumes.in/wp-content/uploads/2025/12/WhatsApp-Image-2025-12-30-at-8.10.40-PM.jpeg,false
Hatkora wood Attar,,,Hatkora wood Hatkora wood Created by Al Haramain Perfumes Hyderabad.,"3 ml, 6 ml, 12 ml",100,400,INR,false,https://alharamainperfumes.in/product/hatkora-wood-attar/,https://alharamainperfumes.in/wp-content/uploads/2025/09/WhatsApp-Image-2025-11-08-at-10.13.31-PM.jpeg,false
Cuir nu Arman (Perfume),Clone Perfumes,,Cuir nu Arman Cuir nu Arman Created by Al Haramain Perfumes Hyderabad.,"10 ml, 25 ml, 50 ml, 100ml",200,1500,INR,true,https://alharamainperfumes.in/product/cuir-nu-arman-perfume/,https://alharamainperfumes.in/wp-content/uploads/2026/06/glass-bottles-2.png,false
Cuir nu Arman (Attar),"Arabic Attar, Clone Attar",,Cuir nu Arman Cuir nu Arman Created by Al Haramain Perfumes Hyderabad.,"3 ml, 6 ml, 12 ml",150,600,INR,true,https://alharamainperfumes.in/product/cuir-nu-arman-attar/,https://alharamainperfumes.in/wp-content/uploads/2025/09/WhatsApp-Image-2025-11-08-at-10.13.31-PM.jpeg,false
Power of you Arman (Perfume),,,Power of you Arman Power of you Arman Created by Al Haramain Perfumes Hyderabad.,"10 ml, 25 ml, 50 ml, 100ml",100,800,INR,true,https://alharamainperfumes.in/product/power-of-you-arman-perfume/,https://alharamainperfumes.in/wp-content/uploads/2025/12/WhatsApp-Image-2025-12-30-at-8.10.40-PM.jpeg,false
Power of you Arman Attar,"Arabic Attar, Clone Attar",,Power of you Arman Power of you Arman Created by Al Haramain Perfumes Hyderabad.,"3 ml, 6 ml, 12 ml",100,400,INR,true,https://alharamainperfumes.in/product/power-of-you-arman-attar/,https://alharamainperfumes.in/wp-content/uploads/2025/09/WhatsApp-Image-2025-11-08-at-10.13.31-PM.jpeg,false
Code parfum (Perfume),"Clone Perfumes, French",,Code parfum Code parfum Created by Al Haramain Perfumes Hyderabad.,"10 ml, 25 ml, 50 ml, 100ml",150,1200,INR,true,https://alharamainperfumes.in/product/code-parfum-perfume/,https://alharamainperfumes.in/wp-content/uploads/2021/04/IMG_5374-scaled.jpg,false
Code parfum (Attar),"Clone Attar, French Attar",,Code parfum Code parfum Created by Al Haramain Perfumes Hyderabad.,"3 ml, 6 ml, 12 ml",150,600,INR,true,https://alharamainperfumes.in/product/code-parfum-attar/,https://alharamainperfumes.in/wp-content/uploads/2025/09/WhatsApp-Image-2025-11-08-at-10.13.31-PM.jpeg,false
Haramain Her Perfume 100ml Pack,"100 ml pack, French",,,,800,800,INR,true,https://alharamainperfumes.in/product/haramain-her-perfume-100ml-pack/,https://alharamainperfumes.in/wp-content/uploads/2026/06/Haramain-her-100ml-pack.png,false
Bombshel perfume 100ml Pack,100 ml pack,,,,800,800,INR,true,https://alharamainperfumes.in/product/bombshel-perfume-100ml-pack/,https://alharamainperfumes.in/wp-content/uploads/2026/06/BOMBSHEL-100ML-PACK.png,false
Eclaire banoffi (Perfume),"Clone Perfumes, French",,Eclaire banoffi Eclaire banoffi Created by Al Haramain Perfumes Hyderabad.,"10 ml, 25 ml, 50 ml, 100ml",150,1200,INR,true,https://alharamainperfumes.in/product/eclaire-banoffi-perfume/,https://alharamainperfumes.in/wp-content/uploads/2021/04/IMG_5374-scaled.jpg,false
Eclaire banoffi (Attar),"Clone Attar, French Attar",,Eclaire banoffi Eclaire banoffi Created by Al Haramain Perfumes Hyderabad.,"3 ml, 6 ml, 12 ml",150,600,INR,true,https://alharamainperfumes.in/product/eclaire-banoffi-attar/,https://alharamainperfumes.in/wp-content/uploads/2025/09/WhatsApp-Image-2025-11-08-at-10.13.31-PM.jpeg,false
Ignite Oud (Perfume),"Clone Perfumes, French",,Ignite Oud Ignite Oud Created by Al Haramain Perfumes Hyderabad.,"10 ml, 25 ml, 50 ml, 100ml",150,1200,INR,true,https://alharamainperfumes.in/product/ignite-oud-perfume/,https://alharamainperfumes.in/wp-content/uploads/2021/04/IMG_5374-scaled.jpg,false
Ignite Oud (Attar),"Clone Attar, French Attar",,Ignite Oud Ignite Oud Created by Al Haramain Perfumes Hyderabad.,"3 ml, 6 ml, 12 ml",150,600,INR,true,https://alharamainperfumes.in/product/ignite-oud-attar/,https://alharamainperfumes.in/wp-content/uploads/2025/09/WhatsApp-Image-2025-11-08-at-10.13.31-PM.jpeg,false
Libre berry crush (Perfume),"Clone Perfumes, French",,Libre berry crush Libre berry crush Created by Al Haramain Perfumes Hyderabad.,"10 ml, 25 ml, 50 ml, 100ml",150,1200,INR,true,https://alharamainperfumes.in/product/libre-berry-crush-perfume/,https://alharamainperfumes.in/wp-content/uploads/2021/04/IMG_5374-scaled.jpg,false
Libre berry crush (Attar),"Clone Attar, French Attar",,Libre berry crush Libre berry crush Created by Al Haramain Perfumes Hyderabad.,"3 ml, 6 ml, 12 ml",150,600,INR,true,https://alharamainperfumes.in/product/libre-berry-crush-attar/,https://alharamainperfumes.in/wp-content/uploads/2025/09/WhatsApp-Image-2025-11-08-at-10.13.31-PM.jpeg,false
VIP black cab (Attar),"Clone Attar, French Attar",,VIP black cab VIP black cab Created by Al Haramain Perfumes Hyderabad.,"3 ml, 6 ml, 12 ml",150,600,INR,true,https://alharamainperfumes.in/product/vip-black-cab-attar/,https://alharamainperfumes.in/wp-content/uploads/2025/09/WhatsApp-Image-2025-11-08-at-10.13.31-PM.jpeg,false
VIP black cab (Perfume),"Clone Perfumes, French",,VIP black cab VIP black cab Created by Al Haramain Perfumes Hyderabad.,"10 ml, 25 ml, 50 ml, 100ml",150,1200,INR,true,https://alharamainperfumes.in/product/vip-black-cab-perfume/,https://alharamainperfumes.in/wp-content/uploads/2021/04/IMG_5374-scaled.jpg,false
Caramel (Perfume),,,Caramel Caramel Created by Al Haramain Perfumes Hyderabad.,"10 ml, 25 ml, 50 ml, 100ml",100,800,INR,true,https://alharamainperfumes.in/product/caramel-perfume/,https://alharamainperfumes.in/wp-content/uploads/2025/12/WhatsApp-Image-2025-12-30-at-8.10.40-PM.jpeg,false
Caramel Attar,"Arabic Attar, Clone Attar",,Caramel Caramel Created by Al Haramain Perfumes Hyderabad.,"3 ml, 6 ml, 12 ml",100,400,INR,true,https://alharamainperfumes.in/product/caramel-attar/,https://alharamainperfumes.in/wp-content/uploads/2025/09/WhatsApp-Image-2025-11-08-at-10.13.31-PM.jpeg,false
kosmala apres lamour (Attar),"Clone Attar, French Attar",,kosmala apres lamour kosmala apres lamour Created by Al Haramain Perfumes Hyderabad.,"3 ml, 6 ml, 12 ml",150,600,INR,true,https://alharamainperfumes.in/product/kosmala-apres-lamour-attar/,https://alharamainperfumes.in/wp-content/uploads/2025/09/WhatsApp-Image-2025-11-08-at-10.13.31-PM.jpeg,false
kosmala apres lamour (Perfume),"Clone Perfumes, French",,kosmala apres lamour kosmala apres lamour Created by Al Haramain Perfumes Hyderabad.,"10 ml, 25 ml, 50 ml, 100ml",200,1500,INR,true,https://alharamainperfumes.in/product/kosmala-apres-lamour-perfume/,https://alharamainperfumes.in/wp-content/uploads/2025/12/WhatsApp-Image-2025-12-06-at-6.55.34-PM.jpeg,false
Bottled Oud (Perfume),Clone Perfumes,,Created by Al Haramain Perfumes Hyderabad,"10 ml, 25 ml, 50 ml, 100ml",100,800,INR,true,https://alharamainperfumes.in/product/bottled-oud-perfume/,https://alharamainperfumes.in/wp-content/uploads/2021/04/IMG_5374-scaled.jpg,false
Bottled Oud (Attar),"Arabic Attar, Clone Attar",,Created by Al Haramain Perfumes Hyderabad,"3 ml, 6 ml, 12 ml",100,400,INR,true,https://alharamainperfumes.in/product/bottled-oud-attar/,https://alharamainperfumes.in/wp-content/uploads/2025/09/WhatsApp-Image-2025-11-08-at-10.13.31-PM.jpeg,false
Maracuja eco (Perfume),,,Maracuja eco Maracuja eco Created by Al Haramain Perfumes Hyderabad.,"10 ml, 25 ml, 50 ml, 100ml",100,800,INR,true,https://alharamainperfumes.in/product/maracuja-eco-perfume/,https://alharamainperfumes.in/wp-content/uploads/2025/12/WhatsApp-Image-2025-12-30-at-8.10.40-PM.jpeg,false
Maracuja eco Attar,,,Maracuja eco Maracuja eco Created by Al Haramain Perfumes Hyderabad.,"3 ml, 6 ml, 12 ml",100,400,INR,true,https://alharamainperfumes.in/product/maracuja-eco-attar/,https://alharamainperfumes.in/wp-content/uploads/2025/09/WhatsApp-Image-2025-11-08-at-10.13.31-PM.jpeg,false
Sultan vetiver Perfume,"Clone Perfumes, Premium Perfumes",,Sultan vetiver,"10 ml, 25 ml, 50 ml, 100ml",300,2500,INR,true,https://alharamainperfumes.in/product/sultan-vetiver-perfume/,https://alharamainperfumes.in/wp-content/uploads/2025/12/Gemini_Generated_Image_lfqffylfqffylfqf-1.png,false
Sultan vetiver Attar,"Arabic Attar, Clone Attar, Premium Attars",,Sultan vetiver,"3 ml, 6 ml, 12 ml",250,1000,INR,true,https://alharamainperfumes.in/product/sultan-vetiver-attar/,https://alharamainperfumes.in/wp-content/uploads/2025/09/WhatsApp-Image-2025-11-08-at-10.13.31-PM.jpeg,false
Vetiver guerla (Perfume),"Clone Perfumes, French","Top: Bergamot, Tobacco, Lemon, Nutmeg, Neroli, Coriander and Mandarin Orange | Middle: Vetiver, Pepper, Carnation, Sage, Sandalwood and Orris Root | Base: Vetiver, Oakmoss, Leather, Myrrh, Civet, Tonka Bean and Amber","Vetiver guerla by Al Haramain Perfumes is a Aromatic fragrance for men. Top notes: Bergamot, Tobacco, Lemon, Nutmeg, Neroli, Coriander and Mandarin Orange Middle notes : Vetiver, Pepper, Carnation, Sage, Sandalwood and Orris Root Base notes: Vetiver, Oakmoss, Leather, Myrrh, Civet, Tonka Bean and Amber. It opens with a vibrant blend of bergamot, lemon, neroli, tobacco, and warm spices, leading into a refined heart of vetiver, pepper, sandalwood, and sage. The fragrance settles into a rich, masculine base of vetiver, oakmoss, leather, amber, and tonka bean, leaving a deep and lasting impression. Vetiver guerla Perfume Created by Al Haramain Perfumes Hyderabad.","10 ml, 25 ml, 50 ml, 100ml",200,1500,INR,true,https://alharamainperfumes.in/product/vetiver-guerla-perfume/,https://alharamainperfumes.in/wp-content/uploads/2026/06/glass-bottles-2.png,false
Vetiver guerla (Attar),"Clone Attar, French Attar","Top: Bergamot, Tobacco, Lemon, Nutmeg, Neroli, Coriander and Mandarin Orange | Middle: Vetiver, Pepper, Carnation, Sage, Sandalwood and Orris Root | Base: Vetiver, Oakmoss, Leather, Myrrh, Civet, Tonka Bean and Amber","Vetiver guerla by Al Haramain Perfumes is a Aromatic fragrance for men. Top notes: Bergamot, Tobacco, Lemon, Nutmeg, Neroli, Coriander and Mandarin Orange Middle notes : Vetiver, Pepper, Carnation, Sage, Sandalwood and Orris Root Base notes: Vetiver, Oakmoss, Leather, Myrrh, Civet, Tonka Bean and Amber. It opens with a vibrant blend of bergamot, lemon, neroli, tobacco, and warm spices, leading into a refined heart of vetiver, pepper, sandalwood, and sage. The fragrance settles into a rich, masculine base of vetiver, oakmoss, leather, amber, and tonka bean, leaving a deep and lasting impression. Vetiver guerla Attar Created by Al Haramain Perfumes Hyderabad.","3 ml, 6 ml, 12 ml",150,600,INR,true,https://alharamainperfumes.in/product/vetiver-guerla-attar/,https://alharamainperfumes.in/wp-content/uploads/2025/09/WhatsApp-Image-2025-11-08-at-10.13.31-PM.jpeg,false
ysl iced (Perfume),"Clone Perfumes, French",,Y iced Y iced Created by Al Haramain Perfumes Hyderabad.,"10 ml, 25 ml, 50 ml, 100ml",200,1500,INR,true,https://alharamainperfumes.in/product/y-iced-perfume/,https://alharamainperfumes.in/wp-content/uploads/2025/12/WhatsApp-Image-2025-12-06-at-6.55.34-PM.jpeg,false
ysl iced (Attar),"Clone Attar, French Attar",,Y iced Y iced Created by Al Haramain Perfumes Hyderabad.,"3 ml, 6 ml, 12 ml",150,600,INR,true,https://alharamainperfumes.in/product/y-iced-attar/,https://alharamainperfumes.in/wp-content/uploads/2025/09/WhatsApp-Image-2025-11-08-at-10.13.31-PM.jpeg,false
Tilia Attar,,,Tilia Tilia Created by Al Haramain Perfumes Hyderabad.,"3ml, 6ml, 12ml",250,1000,INR,true,https://alharamainperfumes.in/product/tilia-attar/,https://alharamainperfumes.in/wp-content/uploads/2025/09/WhatsApp-Image-2025-11-08-at-10.13.31-PM.jpeg,false
Tilia Perfume,,,Tilia Tilia Created by Al Haramain Perfumes Hyderabad.,"10ml, 25ml, 50ml, 100ml",300,2500,INR,true,https://alharamainperfumes.in/product/tilia-perfume/,https://alharamainperfumes.in/wp-content/uploads/2025/12/Gemini_Generated_Image_lfqffylfqffylfqf-1.png,false
Woody rasa for men (Attar),Arabic Attars,,Woody rasa for men Woody rasa for men Created by Al Haramain Perfumes Hyderabad.,"3ml, 6ml, 12ml",100,400,INR,true,https://alharamainperfumes.in/product/woody-rasa-for-men-attar/,https://alharamainperfumes.in/wp-content/uploads/2025/09/WhatsApp-Image-2025-11-08-at-10.13.31-PM.jpeg,true
Woody rasa for men (Perfume),Arabic Perfumes,,Woody rasa for men Woody rasa for men Created by Al Haramain Perfumes Hyderabad.,"10ml, 25ml, 50ml, 100ml",100,800,INR,true,https://alharamainperfumes.in/product/woody-rasa-for-men-perfume/,https://alharamainperfumes.in/wp-content/uploads/2025/12/WhatsApp-Image-2025-12-30-at-8.10.40-PM.jpeg,true
Cowboy theme bottle 100 ml,"100 ml pack, Premium Perfumes",,Cowboy theme 100 ml perfume bottle with gift box,,2500,2500,INR,true,https://alharamainperfumes.in/product/cowboy-theme-bottle-100-ml/,https://alharamainperfumes.in/wp-content/uploads/2026/05/Gemini_Generated_Image_6mn5s6mn5s6mn5s6.png,false
Cowboy leather (Perfume),French,,"Cowboy leather Created by Al Haramain Perfumes Hyderabad. Notes Top: Neroli, Bergamot, Pink Pepper Bright neroli hits first — crisp, green, slightly bitter orange blossom. Bergamot adds sparkle, pink pepper gives it a dry snap. Heart: Leather Accord, Iris, Geranium Smooth, worn leather takes center stage. Not harsh or rubbery — think suede gloves. Iris adds a powdery, elegant lift. Geranium brings a leafy, green bite. Base: Vetiver, Patchouli, Oakmoss, Amber Earthy and deep. Smoky vetiver and dark patchouli lay down damp soil and roots. Oakmoss gives it that classic chypre mossiness. Amber warms everything up with a resinous glow.","10ml, 25ml, 50ml, 100ml",300,2500,INR,true,https://alharamainperfumes.in/product/cowboy-leather-perfume/,https://alharamainperfumes.in/wp-content/uploads/2026/05/Gemini_Generated_Image_6mn5s6mn5s6mn5s6.png,false
Cowboy leather (Attar),French,,"Cowboy leather Created by Al Haramain Perfumes Hyderabad. Notes Top: Neroli, Bergamot, Pink Pepper Bright neroli hits first — crisp, green, slightly bitter orange blossom. Bergamot adds sparkle, pink pepper gives it a dry snap. Heart: Leather Accord, Iris, Geranium Smooth, worn leather takes center stage. Not harsh or rubbery — think suede gloves. Iris adds a powdery, elegant lift. Geranium brings a leafy, green bite. Base: Vetiver, Patchouli, Oakmoss, Amber Earthy and deep. Smoky vetiver and dark patchouli lay down damp soil and roots. Oakmoss gives it that classic chypre mossiness. Amber warms everything up with a resinous glow.","3ml, 6ml, 12ml",250,1000,INR,true,https://alharamainperfumes.in/product/cowboy-leather-attar/,https://alharamainperfumes.in/wp-content/uploads/2025/09/WhatsApp-Image-2025-11-08-at-10.13.31-PM.jpeg,false
Baccarat 540 body perfume,,,Created by Al Haramain Perfumes Hyderabad,,200,200,INR,false,https://alharamainperfumes.in/product/baccarat-rouge-body-perfume/,https://alharamainperfumes.in/wp-content/uploads/2026/05/WhatsApp-Image-2026-05-04-at-7.43.26-PM.jpeg,false
Y body perfume,French,,,,200,200,INR,false,https://alharamainperfumes.in/product/ysl-y-body-perfume/,https://alharamainperfumes.in/wp-content/uploads/2026/05/WhatsApp-Image-2026-05-04-at-7.43.26-PM.jpeg,false
Eros najim (Perfume),"Clone Perfumes, French",,Eros najim Eros najim Created by Al Haramain Perfumes Hyderabad.,"10 ml, 25 ml, 50 ml, 100ml",150,1200,INR,true,https://alharamainperfumes.in/product/eros-najim-perfume/,https://alharamainperfumes.in/wp-content/uploads/2021/04/IMG_5374-scaled.jpg,false
Eros najim (Attar),"Clone Attar, French Attar",,Eros najim Eros najim Created by Al Haramain Perfumes Hyderabad.,"3 ml, 6 ml, 12 ml",150,600,INR,true,https://alharamainperfumes.in/product/eros-najim-attar/,https://alharamainperfumes.in/wp-content/uploads/2025/09/WhatsApp-Image-2025-11-08-at-10.13.31-PM.jpeg,false
Eros super (Perfume),"Clone Perfumes, French",,Eros super Eros super Created by Al Haramain Perfumes Hyderabad.,"10 ml, 25 ml, 50 ml, 100ml",150,1200,INR,true,https://alharamainperfumes.in/product/eros-super-perfume/,https://alharamainperfumes.in/wp-content/uploads/2021/04/IMG_5374-scaled.jpg,false
Eros super (Attar),"Clone Attar, French Attar",,Eros super Eros super Created by Al Haramain Perfumes Hyderabad.,"3 ml, 6 ml, 12 ml",150,600,INR,true,https://alharamainperfumes.in/product/eros-super-attar/,https://alharamainperfumes.in/wp-content/uploads/2025/09/WhatsApp-Image-2025-11-08-at-10.13.31-PM.jpeg,false
Yellow diamond (Perfume),French,,Yellow diamond Created by Al Haramain Perfumes Hyderabad.,"10ml, 25ml, 50ml, 100ml",100,800,INR,true,https://alharamainperfumes.in/product/yellow-diamond-perfume/,https://alharamainperfumes.in/wp-content/uploads/2025/12/WhatsApp-Image-2025-12-30-at-8.10.40-PM.jpeg,false
Yellow diamond (Attar),French,,Yellow diamond Created by Al Haramain Perfumes Hyderabad.,"3ml, 6ml, 12ml",100,400,INR,true,https://alharamainperfumes.in/product/yellow-diamond-attar/,https://alharamainperfumes.in/wp-content/uploads/2025/09/WhatsApp-Image-2025-11-08-at-10.13.31-PM.jpeg,false
Crystal noir (Perfume),French,,Crystal noir Created by Al Haramain Perfumes Hyderabad.,"10ml, 25ml, 50ml, 100ml",100,800,INR,false,https://alharamainperfumes.in/product/crystal-noir-perfume/,https://alharamainperfumes.in/wp-content/uploads/2025/12/WhatsApp-Image-2025-12-30-at-8.10.40-PM.jpeg,false
Crystal noir (Attar),French,,Crystal noir Created by Al Haramain Perfumes Hyderabad.,"3ml, 6ml, 12ml",100,400,INR,false,https://alharamainperfumes.in/product/crystal-noir-attar/,https://alharamainperfumes.in/wp-content/uploads/2025/09/WhatsApp-Image-2025-11-08-at-10.13.31-PM.jpeg,false
Qaed al fursan (Perfume),Arabic Perfumes,"Top: Pineapple and Saffron | Middle: Balsam Fir and Jasmine | Base: Cedar, Amber and Agarwood (Oud)","Qaed al fursan by Al Haramain Perfumes is a Oriental Woody fragrance for women and men. Top notes : Pineapple and Saffron Middle notes : Balsam Fir and Jasmine Base notes :Cedar, Amber and Agarwood (Oud). Qaed al fursan Perfume Created by Al Haramain Perfumes Hyderabad.","10 ml, 25 ml, 30 ml, 50 ml, 100 ml",150,1200,INR,true,https://alharamainperfumes.in/product/qaed-al-fursan-perfume/,https://alharamainperfumes.in/wp-content/uploads/2026/06/glass-bottles-2.png,true
Qaed al fursan (attar),Arabic Attar,"Top: Pineapple and Saffron | Middle: Balsam Fir and Jasmine | Base: Cedar, Amber and Agarwood (Oud)","Qaed al fursan by Al Haramain Perfumes is a Oriental Woody fragrance for women and men. Top notes : Pineapple and Saffron Middle notes : Balsam Fir and Jasmine Base notes :Cedar, Amber and Agarwood (Oud). Qaed al fursan Attar Created by Al Haramain Perfumes Hyderabad.","3 ml, 6 ml, 12 ml",150,600,INR,true,https://alharamainperfumes.in/product/qaed-al-fursan/,https://alharamainperfumes.in/wp-content/uploads/2025/09/WhatsApp-Image-2025-11-08-at-10.13.31-PM.jpeg,false
White tea Elizabeth (Attar),"Clone Attar, French Attar",,White tea Elizabeth White tea Elizabeth Created by Al Haramain Perfumes Hyderabad.,"3 ml, 6 ml, 12 ml",150,600,INR,false,https://alharamainperfumes.in/product/white-tea-elizabeth-arden-attar/,https://alharamainperfumes.in/wp-content/uploads/2025/09/WhatsApp-Image-2025-11-08-at-10.13.31-PM.jpeg,false
White tea Elizabeth (Perfume),"Clone Perfumes, French",,White tea Elizabeth White tea Elizabeth Created by Al Haramain Perfumes Hyderabad.,"10 ml, 25 ml, 50 ml, 100ml",150,1200,INR,false,https://alharamainperfumes.in/product/white-tea-elizabeth-arden-perfume/,https://alharamainperfumes.in/wp-content/uploads/2021/04/IMG_5374-scaled.jpg,false
Sugar addict (Attar),,,Sugar addict Sugar addict Created by Al Haramain Perfumes Hyderabad.,"3 ml, 6 ml, 12ml",100,400,INR,true,https://alharamainperfumes.in/product/sugar-addict-attar/,https://alharamainperfumes.in/wp-content/uploads/2025/09/WhatsApp-Image-2025-11-08-at-10.13.31-PM.jpeg,false
Summer Hammer (Attar),,,Summer Hammer Summer Hammer Created by Al Haramain Perfumes Hyderabad.,"3 ml, 6 ml, 12ml",100,400,INR,true,https://alharamainperfumes.in/product/summer-hammer-attar/,https://alharamainperfumes.in/wp-content/uploads/2025/09/WhatsApp-Image-2025-11-08-at-10.13.31-PM.jpeg,false
Bleu De Channel L exclusif (Perfume),"Clone Perfumes, French",,"Bleu De Channel L exclusif Perfume by Al Haramain Perfumes is a Woody Aromatic fragrance for men. Fragrance Notes: Amber, Woody Notes, Labdanum & Sandalwood. A rich and elegant woody fragrance with warm amber, resinous labdanum, and creamy sandalwood. Smooth, long-lasting, and perfectly balanced with a deep, captivating trail. Bleu De Channel L exclusif Perfume Created by Al Haramain Perfumes Hyderabad.","10 ml, 25 ml, 50 ml, 100ml",200,1500,INR,true,https://alharamainperfumes.in/product/l-exclusif-bdc-perfume/,https://alharamainperfumes.in/wp-content/uploads/2026/06/glass-bottles-2.png,false
Bleu De Channel L exclusif (Attar),"Clone Attar, French Attar",,"Bleu De Channel L exclusif Perfume by Al Haramain Perfumes is a Woody Aromatic fragrance for men. Fragrance Notes: Amber, Woody Notes, Labdanum & Sandalwood. A rich and elegant woody fragrance with warm amber, resinous labdanum, and creamy sandalwood. Smooth, long-lasting, and perfectly balanced with a deep, captivating trail. Bleu De Channel L exclusif Attar Created by Al Haramain Perfumes Hyderabad.","3 ml, 6 ml, 12 ml",150,600,INR,true,https://alharamainperfumes.in/product/l-exclusif-bdc-attar/,https://alharamainperfumes.in/wp-content/uploads/2025/09/WhatsApp-Image-2025-11-08-at-10.13.31-PM.jpeg,false
Nanatopia (Perfume),"Clone Perfumes, French",,Nanatopia Nanatopia Created by Al Haramain Perfumes Hyderabad.,"10 ml, 25 ml, 50 ml, 100ml",150,1200,INR,true,https://alharamainperfumes.in/product/nanatopia-perfume/,https://alharamainperfumes.in/wp-content/uploads/2021/04/IMG_5374-scaled.jpg,false
Nanatopia (Attar),"Clone Attar, French Attar",,Nanatopia Nanatopia Created by Al Haramain Perfumes Hyderabad.,"3 ml, 6 ml, 12 ml",150,600,INR,true,https://alharamainperfumes.in/product/nanatopia-attar/,https://alharamainperfumes.in/wp-content/uploads/2025/09/WhatsApp-Image-2025-11-08-at-10.13.31-PM.jpeg,false
Summer Hammer (Perfume),,,Summer Hammer Summer Hammer Created by Al Haramain Perfumes Hyderabad.,"10 ml, 25 ml, 50 ml, 100ml",100,800,INR,true,https://alharamainperfumes.in/product/summer-hammer-perfume/,https://alharamainperfumes.in/wp-content/uploads/2025/12/WhatsApp-Image-2025-12-30-at-8.10.40-PM.jpeg,false
La bomba (Attar),French,,La bomba Created by Al Haramain Perfumes Hyderabad.,"3ml, 6ml, 12ml",100,400,INR,true,https://alharamainperfumes.in/product/la-bomba-attar/,https://alharamainperfumes.in/wp-content/uploads/2025/09/WhatsApp-Image-2025-11-08-at-10.13.31-PM.jpeg,false
La bomba (Perfume),French,,La bomba Created by Al Haramain Perfumes Hyderabad.,"10ml, 25ml, 50ml, 100ml",100,800,INR,true,https://alharamainperfumes.in/product/la-bomba-perfume/,https://alharamainperfumes.in/wp-content/uploads/2025/12/WhatsApp-Image-2025-12-30-at-8.10.40-PM.jpeg,false
K in2u for men (Attar),French,,K in2u for men Created by Al Haramain Perfumes Hyderabad.,"3ml, 6ml, 12ml",100,400,INR,true,https://alharamainperfumes.in/product/k-in2u-for-men-attar/,https://alharamainperfumes.in/wp-content/uploads/2025/09/WhatsApp-Image-2025-11-08-at-10.13.31-PM.jpeg,false
K in2u for men (Perfume),French,,K in2u for men Created by Al Haramain Perfumes Hyderabad.,"10ml, 25ml, 50ml, 100ml",100,800,INR,true,https://alharamainperfumes.in/product/k-in2u-for-men-perfume/,https://alharamainperfumes.in/wp-content/uploads/2025/12/WhatsApp-Image-2025-12-30-at-8.10.40-PM.jpeg,false
Euphoria men (Attar),French,,Euphoria men Created by Al Haramain Perfumes Hyderabad.,"3ml, 6ml, 12ml",100,400,INR,false,https://alharamainperfumes.in/product/euphoria-men-attar/,https://alharamainperfumes.in/wp-content/uploads/2025/09/WhatsApp-Image-2025-11-08-at-10.13.31-PM.jpeg,false
Euphoria men (Perfume),French,,Euphoria men Created by Al Haramain Perfumes Hyderabad.,"10ml, 25ml, 50ml, 100ml",100,800,INR,false,https://alharamainperfumes.in/product/euphoria-men-perfume/,https://alharamainperfumes.in/wp-content/uploads/2025/12/WhatsApp-Image-2025-12-30-at-8.10.40-PM.jpeg,false
Cc K escape for men (Attar),French,,Cc K escape for men Created by Al Haramain Perfumes Hyderabad.,"3ml, 6ml, 12ml",100,400,INR,true,https://alharamainperfumes.in/product/cc-k-escape-for-men-attar/,https://alharamainperfumes.in/wp-content/uploads/2025/09/WhatsApp-Image-2025-11-08-at-10.13.31-PM.jpeg,false
Cc K escape for men (Perfume),French,,Cc K escape for men Created by Al Haramain Perfumes Hyderabad.,"10ml, 25ml, 50ml, 100ml",100,800,INR,true,https://alharamainperfumes.in/product/cc-k-escape-for-men-perfume/,https://alharamainperfumes.in/wp-content/uploads/2025/12/WhatsApp-Image-2025-12-30-at-8.10.40-PM.jpeg,false
Marj eco (Attar),,,Marj eco Created by Al Haramain Perfumes Hyderabad.,"3ml, 6ml, 12ml",100,400,INR,true,https://alharamainperfumes.in/product/marj-eco-attar/,https://alharamainperfumes.in/wp-content/uploads/2025/09/WhatsApp-Image-2025-11-08-at-10.13.31-PM.jpeg,false
Marj eco (Perfume),,,Marj eco Created by Al Haramain Perfumes Hyderabad.,"10ml, 25ml, 50ml, 100ml",100,800,INR,true,https://alharamainperfumes.in/product/marj-eco-perfume/,https://alharamainperfumes.in/wp-content/uploads/2025/12/WhatsApp-Image-2025-12-30-at-8.10.40-PM.jpeg,false
Guc Flora Jasmine (Perfume),French,,Guc Flora Jasmine Created by Al Haramain Perfumes Hyderabad.,"10ml, 25ml, 50ml, 100ml",100,800,INR,true,https://alharamainperfumes.in/product/guc-flora-jasmine-perfume/,https://alharamainperfumes.in/wp-content/uploads/2025/12/WhatsApp-Image-2025-12-30-at-8.10.40-PM.jpeg,false
Guc Flora Jasmine (Attar),French,,Guc Flora Jasmine Created by Al Haramain Perfumes Hyderabad.,"3ml, 6ml, 12ml",100,400,INR,true,https://alharamainperfumes.in/product/guc-flora-jasmine-attar/,https://alharamainperfumes.in/wp-content/uploads/2025/09/WhatsApp-Image-2025-11-08-at-10.13.31-PM.jpeg,false
Sugar addict (Perfume),,,Sugar addict Sugar addict Created by Al Haramain Perfumes Hyderabad.,"10 ml, 25 ml, 50 ml, 100ml",100,800,INR,true,https://alharamainperfumes.in/product/sugar-addict-perfume/,https://alharamainperfumes.in/wp-content/uploads/2025/12/WhatsApp-Image-2025-12-30-at-8.10.40-PM.jpeg,false
Dylan perfume 100ml Pack,"100 ml pack, French",,"Dylan perfume 100ml Pack by al haramain perfumes Dylan – Eau de Parfum Discover Dylan, a beautifully balanced fragrance designed for those who appreciate elegance with a modern twist. Perfectly suited for both women and unisex wear, this scent blends freshness with soft sensuality, making it ideal for office sophistication and evening parties alike. Opening with a fresh fruity burst, Dylan immediately uplifts your mood with a lively and refreshing feel. As it settles, a delicate floral heart of rose and green accords unfolds, adding a natural softness and graceful charm. The fragrance gently transitions into a warm, comforting base of woody and musky notes, layered with a subtle sweetness that lingers throughout the day. ✨ Fragrance Profile: Top: Fresh Fruity Notes Heart: Floral, Rose, Green Base: Woody, Sweet, Musky ✨ Why You’ll Love It: Versatile for both daily wear and special occasions Balanced blend of freshness and warmth Long-lasting, elegant trail Dylan is more than a fragrance — it’s a statement of effortless style and timeless charm.",,800,800,INR,true,https://alharamainperfumes.in/product/dylan-100ml-perfume/,https://alharamainperfumes.in/wp-content/uploads/2026/04/100ml-pack-bottle-7.png,false
Lucky perfume 100ml Pack,"100 ml pack, French","Top: Plum, Ozonic notes, Grapefruit and Bergamot | Middle: Hazelnut, Honey, Cedar, Cashmere Wood, Orange Blossom and Jasmine | Base: Amberwood, Patchouli, Vetiver and Oakmoss","1 Million Lucky (Perfume) by Al Haramain Perfumes is a fragrance for women and men. Top notes : Plum, Ozonic notes, Grapefruit and Bergamot Middle notes : Hazelnut, Honey, Cedar, Cashmere Wood, Orange Blossom and Jasmine Base notes : Amberwood, Patchouli, Vetiver and Oakmoss. 1 Million Lucky by Al Haramain Perfumes is a captivating unisex fragrance that blends freshness, sweetness, and woody elegance. It opens with vibrant notes of plum, grapefruit, bergamot, and ozonic accords, creating a bright and uplifting introduction. The heart reveals a rich combination of hazelnut, honey, cedar, cashmere wood, orange blossom, and jasmine, adding warmth and depth. Finally, the fragrance settles into a sophisticated base of amberwood, patchouli, vetiver, and oakmoss, leaving a smooth and lasting impression. Perfect for both everyday wear and special occasions. 1 Million Lucky Perfume Created by Al Haramain Perfumes Hyderabad.",,800,800,INR,false,https://alharamainperfumes.in/product/lucky-perfume-100ml/,https://alharamainperfumes.in/wp-content/uploads/2026/04/lucky.png,false
Sensation perfume 100ml Pack,"100 ml pack, French",,Sensation perfume 100ml Pack by al haramain perfumes,,800,800,INR,true,https://alharamainperfumes.in/product/sensation-perfume-100ml/,https://alharamainperfumes.in/wp-content/uploads/2026/04/100ml-pack-bottle-5.png,false
R7 perfume 100ml Pack,"100 ml pack, French",,R7 perfume 100ml Pack by al haramain perfumes,,800,800,INR,true,https://alharamainperfumes.in/product/r7-perfume-100ml/,https://alharamainperfumes.in/wp-content/uploads/2026/04/100ml-pack-bottle-4.png,false
Mumtaz perfume 100ml Pack,100 ml pack,,Mumtaz perfume 100ml Pack by al haramain perfumes,,800,800,INR,true,https://alharamainperfumes.in/product/mumtaz-perfume-100ml/,https://alharamainperfumes.in/wp-content/uploads/2026/04/100ml-pack-bottle-3.png,false
Jaguar perfume 100ml Pack,"100 ml pack, French",,Jaguar perfume 100ml Pack by al haramain perfumes,,800,800,INR,true,https://alharamainperfumes.in/product/jaguar-perfume-100ml/,https://alharamainperfumes.in/wp-content/uploads/2026/04/100ml-pack-bottle-2.png,false
Khamrah perfume 100ml Pack,100 ml pack,,Khamrah perfume 100ml Pack by al haramain perfumes,,800,800,INR,true,https://alharamainperfumes.in/product/khamrah-perfume-100ml/,https://alharamainperfumes.in/wp-content/uploads/2026/04/100ml-pack-bottle-9.png,false
Haramain One perfume 100ml Pack,"100 ml pack, French",,Haramain One perfume 100ml Pack by al haramain perfumes,,800,800,INR,true,https://alharamainperfumes.in/product/haramain-one-perfume-100ml/,https://alharamainperfumes.in/wp-content/uploads/2026/04/Haramain-her.png,false
Rebel perfume 100ml Pack,"100 ml pack, French",,Rebel perfume 100ml Pack by al haramain perfumes,,800,800,INR,true,https://alharamainperfumes.in/product/rebel-perfume-100ml/,https://alharamainperfumes.in/wp-content/uploads/2026/04/100ml-pack-bottle-16.png,false
Hawas onyx perfume 100ml Pack,"100 ml pack, French",,Hawas onyx perfume 100ml Pack by al haramain perfumes,,800,800,INR,true,https://alharamainperfumes.in/product/hawas-onyx-perfume-100ml/,https://alharamainperfumes.in/wp-content/uploads/2026/04/100ml-pack-bottle-10.png,false
Ameer al oud perfume 100ml Pack,100 ml pack,,Created by Al Haramain Perfumes Hyderabad,,800,800,INR,true,https://alharamainperfumes.in/product/ameer-al-oud-perfume-100ml/,https://alharamainperfumes.in/wp-content/uploads/2026/04/100ml-pack-bottle-8.png,false
Shuhrah perfume 100ml Pack,100 ml pack,,shuhrah perfume 100ml Pack by al haramain perfumes,,800,800,INR,true,https://alharamainperfumes.in/product/shuhrah-perfume-100ml/,https://alharamainperfumes.in/wp-content/uploads/2026/04/100ml-pack-bottle-6.png,false
Myself perfume 100ml Pack,"100 ml pack, French",,Myself perfume 100ml Pack by al haramain perfumes,,800,800,INR,true,https://alharamainperfumes.in/product/myself-perfume-100ml/,https://alharamainperfumes.in/wp-content/uploads/2026/04/100ml-pack-bottle-15.png,false
VPH perfume 100ml Pack,"100 ml pack, French",,VPH perfume 100ml Pack by al haramain perfumes,,800,800,INR,true,https://alharamainperfumes.in/product/vph-perfume-100ml/,https://alharamainperfumes.in/wp-content/uploads/2026/04/100ml-pack-bottle-14.png,false
Sabaya perfume 100ml Pack,"100 ml pack, French",,Sabaya perfume 100ml pacjk by al haramain perfumes,,800,800,INR,true,https://alharamainperfumes.in/product/sabaya-perfume-100ml/,https://alharamainperfumes.in/wp-content/uploads/2026/04/100ml-pack-bottle-13.png,false
Mostly wanted perfume 100ml Pack,"100 ml pack, French",,Mostly wanted perfume 100ml Pack by al haramain perfumes,,800,800,INR,true,https://alharamainperfumes.in/product/mostly-wanted-perfume-100ml/,https://alharamainperfumes.in/wp-content/uploads/2026/04/100ml-pack-bottle-12.png,false
Aqua perfume 100ml Pack,"100 ml pack, French",,Created by Al Haramain Perfumes Hyderabad,,800,800,INR,true,https://alharamainperfumes.in/product/aqua-perfume-100ml/,https://alharamainperfumes.in/wp-content/uploads/2026/04/100ml-pack-bottle-11.png,false
London perfume 100ml Pack,"100 ml pack, French",,London perfume 100ml Pack by al haramain perfumes,,800,800,INR,true,https://alharamainperfumes.in/product/london-perfume-100ml/,https://alharamainperfumes.in/wp-content/uploads/2026/04/100ml-pack-bottle-1.png,false
Marwah Scented Bakhoor Sticks,Bakhoor & Oud,,"Experience the rich and luxurious aroma of Marwah Scented Bakhoor Sticks, crafted with a traditional Arabic fragrance blend. Infused with the deep and captivating notes of Agarwood (Oud), precious woods, and warm Amber, this bakhoor releases a sophisticated scent that fills your space with elegance. As the fragrance settles, a gentle touch of Sandalwood emerges, leaving behind a smooth, calming aroma. making them perfect for both daily use and elegant display. Designed for lovers of authentic Arabic fragrances, Saleh Bakhoor creates a welcoming and luxurious atmosphere wherever it is used. Fragrance Type: Arabic / Oriental Packaging: Elegant Glass Jar Best For Use In: Homes & Living Rooms Prayer Rooms / Mosques Special Occasions & Gatherings Meditation & Relaxation Spaces Perfume Boutiques & Showrooms",50grams,1000,1000,INR,true,https://alharamainperfumes.in/product/marwah-scented-bakhoor-sticks/,https://alharamainperfumes.in/wp-content/uploads/2026/03/marwah.jpg,false
Wow oud perfume pack,100 ml pack,,Wow oud perfume 100ml perfume pack by al haramain perfumes,,1200,1200,INR,true,https://alharamainperfumes.in/product/wow-oud-perfume-pack/,https://alharamainperfumes.in/wp-content/uploads/2026/03/Gemini_Generated_Image_xvyd7hxvyd7hxvyd.png,false
Shagaf oud perfume pack,100 ml pack,,Shagaf oud perfume pack by alharamain perfumes,,1200,1200,INR,true,https://alharamainperfumes.in/product/shagaf-oud-perfume-pack/,https://alharamainperfumes.in/wp-content/uploads/2026/03/Gemini_Generated_Image_l3a00nl3a00nl3a0.png,false
White oud super perfume pack,100 ml pack,,White oud super perfume pack by alharamain perfumes,,1200,1200,INR,true,https://alharamainperfumes.in/product/white-oud-super-perfume-pack/,https://alharamainperfumes.in/wp-content/uploads/2026/03/Gemini_Generated_Image_849vpf849vpf849v.png,false
Greatness of oud perfume pack,100 ml pack,,Greatness of oud perfume pack by alharamain perfumes,,1500,1500,INR,true,https://alharamainperfumes.in/product/greatness-of-oud-perfume-pack/,https://alharamainperfumes.in/wp-content/uploads/2026/04/Greatness-for-oud-2.png,false
Night oud perfume pack,100 ml pack,,Night oud perfume pack by alharamain perfumes,,1200,1200,INR,true,https://alharamainperfumes.in/product/night-oud-perfume-pack/,https://alharamainperfumes.in/wp-content/uploads/2026/03/Gemini_Generated_Image_nc0fnznc0fnznc0f.png,false
Woody oud perfume pack,100 ml pack,,Woody oud perfume pack by alharamain perfumes,,1200,1200,INR,true,https://alharamainperfumes.in/product/woody-oud-perfume-pack/,https://alharamainperfumes.in/wp-content/uploads/2026/03/Gemini_Generated_Image_t6hy4yt6hy4yt6hy.png,false
Arabi Tonka perfume pack,100 ml pack,,Created by Al Haramain Perfumes Hyderabad,,1200,1200,INR,true,https://alharamainperfumes.in/product/arabi-tonka-perfume-pack/,https://alharamainperfumes.in/wp-content/uploads/2026/04/Arabian-tonka-1.jpg,false
Rebel pack,30 ML Series,,Rebel 30 ml pure perfume series pack by alharamain perfumes,,300,300,INR,true,https://alharamainperfumes.in/product/rebel-pack/,https://alharamainperfumes.in/wp-content/uploads/2026/02/WhatsApp-Image-2026-02-21-at-7.48.10-PM-1.jpeg,false
White Oud pack,30 ML Series,,White Oud 30 ml pure perfume series pack by alharamain perfumes,,300,300,INR,true,https://alharamainperfumes.in/product/white-oud-pack/,https://alharamainperfumes.in/wp-content/uploads/2026/02/WhatsApp-Image-2026-02-21-at-7.47.11-PM.jpeg,false
Bhakhoor pack,30 ML Series,,Created by Al Haramain Perfumes Hyderabad,,300,300,INR,true,https://alharamainperfumes.in/product/bhakhoor-pack/,https://alharamainperfumes.in/wp-content/uploads/2026/02/WhatsApp-Image-2026-02-21-at-7.46.30-PM-1.jpeg,false
Satin mood pack,30 ML Series,,Satin mood 30 ml pure perfume series pack by alharamain perfumes,,300,300,INR,true,https://alharamainperfumes.in/product/satin-mood-pack/,https://alharamainperfumes.in/wp-content/uploads/2026/02/WhatsApp-Image-2026-02-21-at-7.45.07-PM-1.jpeg,false
Glory Oud pack,30 ML Series,,Glory Oud 30 ml pure perfume series pack by alharamain perfumes,,300,300,INR,true,https://alharamainperfumes.in/product/glory-oud-pack/,https://alharamainperfumes.in/wp-content/uploads/2026/02/92014b7b-55cf-4221-be84-ba13109dd8a9.jpeg,false
Tygar luxury Perfume Pack,French,,"Tygar luxury perfume 80 ml pure perfume pack by alharamain perfumes Tygar Luxury Perfume by Al Haramain Perfumes is crafted for special moments that deserve distinction. Bright citrus notes open the fragrance with refined freshness, while aromatic and musky accords add depth and confidence. A warm amber base leaves a rich, long-lasting trail, making Tygar the perfect choice for celebrations, evenings, and unforgettable occasions.",,2250,2250,INR,true,https://alharamainperfumes.in/product/tygar-luxury-perfume/,https://alharamainperfumes.in/wp-content/uploads/2026/01/Gemini_Generated_Image_yq6nbiyq6nbiyq6n.png,false
Oud cambodi Perfume,,,oud cambodi Oud cambodi Created by Al Haramain Perfumes Hyderabad.,"10ml, 25ml, 50ml, 100ml",300,2500,INR,true,https://alharamainperfumes.in/product/oud-cambodi-perfume/,https://alharamainperfumes.in/wp-content/uploads/2025/12/Gemini_Generated_Image_lfqffylfqffylfqf-1.png,false
Oud cambodi Attar,,,oud cambodi oud cambodi Created by Al Haramain Perfumes Hyderabad.,"3ml, 6ml, 12ml",250,1000,INR,true,https://alharamainperfumes.in/product/oud-cambodi-attar/,https://alharamainperfumes.in/wp-content/uploads/2025/09/WhatsApp-Image-2025-11-08-at-10.13.31-PM.jpeg,false
Sentosa Singapore Attar,"Clone Attar, French Attar, Premium Attars",,"Sentosa Singapore Step into the world of balance, as this fragrance transcends stillness and clarity into living form. Inspired by Singapore’s spirit of harmony, it flows with precision yet breathes with softness. Calm unfolds as a ritual, where structure meets grace, and evolution moves gently toward serenity.","3 ml, 6 ml, 12 ml",250,1000,INR,true,https://alharamainperfumes.in/product/sentosa-singapore-attar/,https://alharamainperfumes.in/wp-content/uploads/2025/09/WhatsApp-Image-2025-11-08-at-10.13.31-PM.jpeg,false
Sentosa Singapore Perfume,"Clone Perfumes, French, Premium Perfumes",,"Sentosa Singapore Step into the world of balance, as this fragrance transcends stillness and clarity into living form. Inspired by Singapore’s spirit of harmony, it flows with precision yet breathes with softness. Calm unfolds as a ritual, where structure meets grace, and evolution moves gently toward serenity.","10 ml, 25 ml, 50 ml, 100ml",300,2500,INR,true,https://alharamainperfumes.in/product/sentosa-singapore-perfume/,https://alharamainperfumes.in/wp-content/uploads/2025/12/Gemini_Generated_Image_lfqffylfqffylfqf-1.png,false
Sekushi Perfume,,,Sekushi Sekushi Created by Al Haramain Perfumes Hyderabad.,"10 ml, 25 ml, 50 ml, 100ml",150,1200,INR,true,https://alharamainperfumes.in/product/sekushi-perfume/,https://alharamainperfumes.in/wp-content/uploads/2025/12/WhatsApp-Image-2025-12-30-at-8.10.40-PM.jpeg,false
Sekushi Attar,,,Sekushi Sekushi Created by Al Haramain Perfumes Hyderabad.,"3 ml, 6 ml, 12 ml",100,400,INR,true,https://alharamainperfumes.in/product/sekushi-attar/,https://alharamainperfumes.in/wp-content/uploads/2025/09/WhatsApp-Image-2025-11-08-at-10.13.31-PM.jpeg,false
Apple cinnamon (Attar),,,Created by Al Haramain Perfumes Hyderabad,"3 ml, 6 ml, 12 ml",100,200,INR,true,https://alharamainperfumes.in/product/apple-cinnamon-attar/,https://alharamainperfumes.in/wp-content/uploads/2025/09/WhatsApp-Image-2025-11-08-at-10.13.31-PM.jpeg,false
Apple cinnamon (perfume),,,Created by Al Haramain Perfumes Hyderabad,"10 ml, 25 ml, 50 ml, 100ml",100,500,INR,true,https://alharamainperfumes.in/product/apple-cinnamon-perfume/,https://alharamainperfumes.in/wp-content/uploads/2025/12/WhatsApp-Image-2025-12-30-at-8.10.40-PM.jpeg,false
The moon luxury Perfume pack,,,The moon luxury perfume 80 ml pure perfume pack by alharamain perfumes,,3350,3350,INR,true,https://alharamainperfumes.in/product/the-moon-luxury-perfume/,https://alharamainperfumes.in/wp-content/uploads/2025/12/Gemini_Generated_Image_bku1ffbku1ffbku1.png,false
Qatari oud Perfume,Arabic Attar,,Qatari oud Qatari oud Created by Al Haramain Perfumes Hyderabad.,"10 ml, 25 ml, 50 ml, 100ml",200,1500,INR,true,https://alharamainperfumes.in/product/qatari-oud/,https://alharamainperfumes.in/wp-content/uploads/2025/12/WhatsApp-Image-2025-12-06-at-6.55.34-PM.jpeg,false
Qatari oud Attar,Arabic Attar,,Qatari oud Qatari oud Created by Al Haramain Perfumes Hyderabad.,"3 ml, 6 ml, 12 ml",150,600,INR,true,https://alharamainperfumes.in/product/qatari-oud-in-attar-form/,https://alharamainperfumes.in/wp-content/uploads/2025/09/WhatsApp-Image-2025-11-08-at-10.13.31-PM.jpeg,false
Bvl Tygar Perfume,"Clone Perfumes, French, French Perfumes, Premium Perfumes",,"Tygar is a Citrus Aromatic fragrance for men. Tygar was launched in 2016. bvl Tygar, Created by Al Haramain Perfumes Hyderabad.","10 ml, 25 ml, 50 ml, 100ml",300,2500,INR,true,https://alharamainperfumes.in/product/bvl-tygar-inspired-loose-perfume-fragrance/,https://alharamainperfumes.in/wp-content/uploads/2025/12/Gemini_Generated_Image_lfqffylfqffylfqf-1.png,true
Outlands Perfume,"Clone Perfumes, French",,Outlands Outlands Created by Al Haramain Perfumes Hyderabad.,"10 ml, 25 ml, 50 ml, 100ml",150,1200,INR,true,https://alharamainperfumes.in/product/outlands-loose-perfume-by-fragrance/,https://alharamainperfumes.in/wp-content/uploads/2021/04/IMG_5374-scaled.jpg,false
Outlands Attar,"Clone Attar, French Attar",,Outlands Outlands Created by Al Haramain Perfumes Hyderabad.,"3 ml, 6 ml, 12 ml",150,600,INR,true,https://alharamainperfumes.in/product/outlands-loose-attar-fragrance/,https://alharamainperfumes.in/wp-content/uploads/2025/09/WhatsApp-Image-2025-11-08-at-10.13.31-PM.jpeg,false
Virdaan Perfume,"Clone Perfumes, French",,Virdaan Virdaan Created by Al Haramain Perfumes Hyderabad.,"10 ml, 25 ml, 50 ml, 100ml",200,1500,INR,true,https://alharamainperfumes.in/product/virdaan-loose-perfume-by-fragrance/,https://alharamainperfumes.in/wp-content/uploads/2025/12/WhatsApp-Image-2025-12-06-at-6.55.34-PM.jpeg,false
Virdaan Attar,"Clone Attar, French Attar",,Virdaan Virdaan Created by Al Haramain Perfumes Hyderabad.,"3 ml, 6 ml, 12 ml",150,600,INR,true,https://alharamainperfumes.in/product/virdaan-loose-attar-fragrance/,https://alharamainperfumes.in/wp-content/uploads/2025/09/WhatsApp-Image-2025-11-08-at-10.13.31-PM.jpeg,false
Oud elixir Perfume,"Clone Perfumes, Premium Perfumes",,Oud elixir,"10 ml, 25 ml, 50 ml, 100ml",300,2500,INR,true,https://alharamainperfumes.in/product/oud-elixir-loose-perfume-fragrance/,https://alharamainperfumes.in/wp-content/uploads/2025/12/Gemini_Generated_Image_lfqffylfqffylfqf-1.png,false
Oud elixir Attar,"Arabic Attar, Clone Attar, Premium Attars",,Oud elixir Oud elixir Created by Al Haramain Perfumes Hyderabad.,"3 ml, 6 ml, 12 ml",250,1000,INR,true,https://alharamainperfumes.in/product/oud-elixir-loose-attar-fragrance/,https://alharamainperfumes.in/wp-content/uploads/2025/09/WhatsApp-Image-2025-11-08-at-10.13.31-PM.jpeg,false
Enigma pour homme Roj (Perfume),Clone Perfumes,,Enigma pour homme Roj Enigma pour homme Roj Created by Al Haramain Perfumes Hyderabad.,"10 ml, 25 ml, 50 ml, 100ml",150,1200,INR,true,https://alharamainperfumes.in/product/enigma-pour-homme-roj-loose-perfume-by-fragrance/,https://alharamainperfumes.in/wp-content/uploads/2021/04/IMG_5374-scaled.jpg,false
Enigma pour homme Roj (Attar ),"Clone Attar, French Attar",,Enigma pour homme Roj Enigma pour homme Roj Created by Al Haramain Perfumes Hyderabad,"3 ml, 6 ml, 12 ml",100,400,INR,true,https://alharamainperfumes.in/product/enigma-pour-homme-roj-loose-attar-fragrance/,https://alharamainperfumes.in/wp-content/uploads/2025/09/WhatsApp-Image-2025-11-08-at-10.13.31-PM.jpeg,false
Oud Rose wood (Attar),"Arabic Attar, Clone Attar, Premium Attars",,Oud Rose wood Oud Rose wood Created by Al Haramain Perfumes Hyderabad.,"3 ml, 6 ml, 12 ml",250,1000,INR,false,https://alharamainperfumes.in/product/oud-rose-wood-loose-attar-fragrance/,https://alharamainperfumes.in/wp-content/uploads/2025/09/WhatsApp-Image-2025-11-08-at-10.13.31-PM.jpeg,false
Oud Rose wood (Perfume),"Clone Perfumes, Premium Perfumes",,Oud Rose wood,"10 ml, 25 ml, 50 ml, 100ml",300,2500,INR,false,https://alharamainperfumes.in/product/oud-rose-wood-loose-perfume-fragrance/,https://alharamainperfumes.in/wp-content/uploads/2025/12/Gemini_Generated_Image_lfqffylfqffylfqf-1.png,false
Terroni (Perfume),"Clone Perfumes, Premium Perfumes",,Terroni,"10 ml, 25 ml, 50 ml, 100ml",300,2500,INR,false,https://alharamainperfumes.in/product/terroni-loose-perfume-fragrance/,https://alharamainperfumes.in/wp-content/uploads/2025/12/Gemini_Generated_Image_lfqffylfqffylfqf-1.png,false
Terroni (Attar ),"Arabic Attar, Clone Attar, Premium Attars",,Terroni Terroni Created by Al Haramain Perfumes Hyderabad.,"3 ml, 6 ml, 12 ml",250,1000,INR,false,https://alharamainperfumes.in/product/terroni-loose-attar-fragrance/,https://alharamainperfumes.in/wp-content/uploads/2025/09/WhatsApp-Image-2025-11-08-at-10.13.31-PM.jpeg,false
Taksim turkey (Perfume),"Clone Perfumes, Premium Perfumes",,"Taksim turkey A fragrance that carries the notion of connection, with Istanbul as its muse, where bridges rise beyond stone to unite voices, cultures and time. It flows with the rhythm of dialogue, luminous and fluid, turning encounters into harmony. Each drop unveils the enduring beauty of unity, eternal in fragrance.","10 ml, 25 ml, 50 ml, 100ml",300,2500,INR,true,https://alharamainperfumes.in/product/taksim-turkey-loose-perfume-fragrance/,https://alharamainperfumes.in/wp-content/uploads/2025/12/Gemini_Generated_Image_lfqffylfqffylfqf-1.png,false
Taksim turkey (Attar),"Arabic Attar, Clone Attar, Premium Attars",,"Taksim turkey A fragrance that carries the notion of connection, with Istanbul as its muse, where bridges rise beyond stone to unite voices, cultures and time. It flows with the rhythm of dialogue, luminous and fluid, turning encounters into harmony. Each drop unveils the enduring beauty of unity, eternal in fragrance.","3 ml, 6 ml, 12 ml",250,1000,INR,true,https://alharamainperfumes.in/product/taksim-turkey-loose-attar-fragrance/,https://alharamainperfumes.in/wp-content/uploads/2025/09/WhatsApp-Image-2025-11-08-at-10.13.31-PM.jpeg,false
Imperial valley super 50ml pack,"50 ML premium, 50ml",,50 mL premium pack,,1000,1000,INR,true,https://alharamainperfumes.in/product/imperial-valley-super/,https://alharamainperfumes.in/wp-content/uploads/2025/11/WhatsApp-Image-2025-11-28-at-6.44.20-PM.jpeg,false
Hudson valley 50ml pack,"50 ML premium, 50ml",,50 mL premium pack,,1000,1000,INR,true,https://alharamainperfumes.in/product/hudson-valley/,https://alharamainperfumes.in/wp-content/uploads/2025/11/WhatsApp-Image-2025-11-28-at-6.29.07-PM.jpeg,false
Marj Oud 50ml pack,"50 ML premium, 50ml",,50 mL premium pack,,1000,1000,INR,true,https://alharamainperfumes.in/product/marj-oud/,https://alharamainperfumes.in/wp-content/uploads/2025/11/WhatsApp-Image-2025-11-28-at-6.38.23-PM.jpeg,false
Bin sheikh super 50ml pack,"50 ML premium, 50ml",,50 mL premium pack,,1500,1500,INR,true,https://alharamainperfumes.in/product/bin-sheikh-super/,https://alharamainperfumes.in/wp-content/uploads/2025/11/WhatsApp-Image-2025-11-28-at-6.28.23-PM.jpeg,false
100ml ultra blue skull pack,"100 ml pack, 100ml, Fancy Bottles, Perfume Bottles",,Created by Al Haramain Perfumes Hyderabad,,1000,1000,INR,true,https://alharamainperfumes.in/product/100ml-ultra-blue-skull-pack/,https://alharamainperfumes.in/wp-content/uploads/2025/11/9779a95e-6cb7-4d3a-97bd-036c37e17dba.jpeg,false
Greenley (Perfume),"Clone Perfumes, French",,Greenley Greenley Created by Al Haramain Perfumes Hyderabad.,"10 ml, 25 ml, 50 ml, 100ml",200,1500,INR,true,https://alharamainperfumes.in/product/greenley-loose-perfume-by-fragrance/,https://alharamainperfumes.in/wp-content/uploads/2025/12/WhatsApp-Image-2025-12-06-at-6.55.34-PM.jpeg,false
Greenley (Attar),"Clone Attar, French Attar",,Greenley Greenley Created by Al Haramain Perfumes Hyderabad.,"3 ml, 6 ml, 12 ml",150,600,INR,true,https://alharamainperfumes.in/product/greenley-loose-attar-fragrance/,https://alharamainperfumes.in/wp-content/uploads/2025/09/WhatsApp-Image-2025-11-08-at-10.13.31-PM.jpeg,false
Ambre Narguile (Perfume),Clone Perfumes,,Created by Al Haramain Perfumes Hyderabad,"10 ml, 25 ml, 50 ml, 100ml",150,1200,INR,true,https://alharamainperfumes.in/product/ambre-narguile-loose-perfume-by-fragrance/,https://alharamainperfumes.in/wp-content/uploads/2021/04/IMG_5374-scaled.jpg,false
Ambre Narguile (Attar),"Clone Attar, French Attar",,Created by Al Haramain Perfumes Hyderabad,"3 ml, 6 ml, 12 ml",150,600,INR,true,https://alharamainperfumes.in/product/ambre-narguile-loose-attar-fragrance/,https://alharamainperfumes.in/wp-content/uploads/2025/09/WhatsApp-Image-2025-11-08-at-10.13.31-PM.jpeg,false
Renaissance xerj (Attar),"Clone Attar, French Attar",,Renaissance Renaissance Created by Al Haramain Perfumes Hyderabad,"3 ml, 6 ml, 12 ml",100,400,INR,true,https://alharamainperfumes.in/product/renaissance-loose-attar-fragrance/,https://alharamainperfumes.in/wp-content/uploads/2025/09/WhatsApp-Image-2025-11-08-at-10.13.31-PM.jpeg,false
Renaissance xerj(Perfume),"Clone Perfumes, French",,Renaissance Renaissance Created by Al Haramain Perfumes Hyderabad.,"10 ml, 25 ml, 50 ml, 100ml",150,1200,INR,true,https://alharamainperfumes.in/product/renaissance-loose-perfume-by-fragrance/,https://alharamainperfumes.in/wp-content/uploads/2025/12/Screenshot-2025-12-11-124116.png,false
Flower shaped 6 ml car perfume refillable Blue bottle,"6ml, Accessories, Car Freshener",,"A Refillable hanging car freshener bottle adds look and fragrance to your car. Can be used in any car, just hang the bottle on the rearview mirror and let the fragrance slowly release. The fragrance will slowly release eventually, for a boost of fragrance just shake or tilt the bottle to get instant freshness. The fragrance lasts up to 30 days depending on usage.",,150,150,INR,false,https://alharamainperfumes.in/product/flower-shaped-6-ml-car-perfume-refillable-blue-bottle/,https://alharamainperfumes.in/wp-content/uploads/2025/11/WhatsApp-Image-2025-11-22-at-7.52.42-PM-1-1.jpeg,false
Flower shaped 6 ml car perfume refillable Pink bottle,"6ml, Accessories, Car Freshener",,"A Refillable hanging car freshener bottle adds look and fragrance to your car. Can be used in any car, just hang the bottle on the rearview mirror and let the fragrance slowly release. The fragrance will slowly release eventually, for a boost of fragrance just shake or tilt the bottle to get instant freshness. The fragrance lasts up to 30 days depending on usage.",,150,150,INR,false,https://alharamainperfumes.in/product/flower-shaped-6-ml-car-perfume-refillable-pink-bottle/,https://alharamainperfumes.in/wp-content/uploads/2025/11/WhatsApp-Image-2025-11-22-at-7.52.42-PM-2-1.jpeg,false
Flower shaped 6 ml car perfume refillable Yellow bottle,"6ml, Accessories, Air Freshener",,"A Refillable hanging car freshener bottle adds look and fragrance to your car. Can be used in any car, just hang the bottle on the rearview mirror and let the fragrance slowly release. The fragrance will slowly release eventually, for a boost of fragrance just shake or tilt the bottle to get instant freshness. The fragrance lasts up to 30 days depending on usage.",,150,150,INR,false,https://alharamainperfumes.in/product/flower-shaped-6-ml-car-perfume-refillable-yellow-bottle/,https://alharamainperfumes.in/wp-content/uploads/2025/11/WhatsApp-Image-2025-11-22-at-7.52.42-PM.jpeg,false
Gentleman reserve super (Attar),"Clone Attar, French Attar, French Attars, Premium Attars",,"Gentleman reserve super Gentleman reserve super , Created by Al Haramain Perfumes Hyderabad.","3 ml, 6 ml, 12 ml",250,1000,INR,true,https://alharamainperfumes.in/product/gentleman-reserve-super-loose-attar-fragrance/,https://alharamainperfumes.in/wp-content/uploads/2025/09/WhatsApp-Image-2025-11-08-at-10.13.31-PM.jpeg,true
Resalah khanjar premium gift set pack,Gift Sets,,35 mL glass khanjar bottle with beautiful golden design,,1000,1000,INR,true,https://alharamainperfumes.in/product/resalah-khanjar-premium-gift-set/,https://alharamainperfumes.in/wp-content/uploads/2025/11/IMG_1134-scaled.jpeg,false
Khamra khanjar premium gift set pack,Gift Sets,,35 mL glass khanjar bottle with beautiful golden design,,1000,1000,INR,true,https://alharamainperfumes.in/product/khamra-khanjar-premium-gift-set/,https://alharamainperfumes.in/wp-content/uploads/2025/11/IMG_1132-scaled.jpeg,false
Garçon Manqué (Attar),"Clone Attar, French Attar, French Attars, Premium Attars",,"Garçon Manqué Garçon Manqué inspired fragrance Attar, Created by Al Haramain Perfumes Hyderabad.","3 ml, 6 ml, 12 ml",250,1000,INR,true,https://alharamainperfumes.in/product/garcon-manque-loose-attar-fragrance/,https://alharamainperfumes.in/wp-content/uploads/2025/09/WhatsApp-Image-2025-11-08-at-10.13.31-PM.jpeg,true
Garçon Manqué (Perfume),"Clone Perfumes, French, French Perfumes, Premium Perfumes",,Garçon Manqué Garçon Manqué Created by Al Haramain Perfumes Hyderabad.,"10 ml, 25 ml, 50 ml, 100ml",300,2500,INR,true,https://alharamainperfumes.in/product/garcon-manque-loose-perfume-fragrance/,https://alharamainperfumes.in/wp-content/uploads/2025/12/Gemini_Generated_Image_lfqffylfqffylfqf-1.png,true
Delphinus (Perfume),"Clone Perfumes, French",,Delphinus Delphinus Created by Al Haramain Perfumes Hyderabad.,"10 ml, 25 ml, 50 ml, 100ml",400,3500,INR,true,https://alharamainperfumes.in/product/delphinus-loose-perfume-fragrance/,https://alharamainperfumes.in/wp-content/uploads/2025/12/Gemini_Generated_Image_lfqffylfqffylfqf-1.png,false
Delphinus (Attar),"Clone Attar, French Attar, French Attars, Premium Attars",,"Delphinus amber super natural tone Delphinus amber super natural tone Attar, Created by Al Haramain Perfumes Hyderabad.","3 ml, 6 ml, 12 ml, 24ml",300,1200,INR,true,https://alharamainperfumes.in/product/delphinus-loose-attar-fragrance/,https://alharamainperfumes.in/wp-content/uploads/2025/09/WhatsApp-Image-2025-11-08-at-10.13.31-PM.jpeg,true
Dates Delight (Perfume),Clone Perfumes,,Dates Delight Dates Delight Created by Al Haramain Perfumes Hyderabad.,"10 ml, 25 ml, 50 ml, 100ml",150,1200,INR,true,https://alharamainperfumes.in/product/dates-delight-loose-perfume-by-fragrance/,https://alharamainperfumes.in/wp-content/uploads/2021/04/IMG_5374-scaled.jpg,false
Dates Delight (Attar),"Clone Attar, French Attar",,Dates Delight Dates Delight Created by Al Haramain Perfumes Hyderabad.,"3 ml, 6 ml, 12 ml",150,600,INR,true,https://alharamainperfumes.in/product/dates-delight-loose-attar-fragrance/,https://alharamainperfumes.in/wp-content/uploads/2025/09/WhatsApp-Image-2025-11-08-at-10.13.31-PM.jpeg,false
Blue talisman (Perfume),"Clone Perfumes, French",,Blue talisman Blue talisman Created by Al Haramain Perfumes Hyderabad.,"10 ml, 25 ml, 50 ml, 100ml",200,1500,INR,true,https://alharamainperfumes.in/product/blue-talisman-loose-perfume-by-fragrance/,https://alharamainperfumes.in/wp-content/uploads/2025/12/WhatsApp-Image-2025-12-06-at-6.55.34-PM.jpeg,false
Blue talisman(Attar),"Clone Attar, French Attar",,Blue talisman Blue talisman Created by Al Haramain Perfumes Hyderabad.,"3 ml, 6 ml, 12 ml",150,600,INR,true,https://alharamainperfumes.in/product/blue-talismanloose-attar-fragrance/,https://alharamainperfumes.in/wp-content/uploads/2025/09/WhatsApp-Image-2025-11-08-at-10.13.31-PM.jpeg,false
ANI eco Nishan (Perfume),"Clone Perfumes, French",,Created by Al Haramain Perfumes Hyderabad,"10 ml, 25 ml, 50 ml, 100ml",100,800,INR,true,https://alharamainperfumes.in/product/ani-eco-nishan-loose-perfume-fragrance/,https://alharamainperfumes.in/wp-content/uploads/2021/04/IMG_5374-scaled.jpg,false
ANI eco Nishan (Attar),"Clone Attar, French Attar",,Created by Al Haramain Perfumes Hyderabad,"3 ml, 6 ml, 12 ml",100,400,INR,true,https://alharamainperfumes.in/product/ani-eco-nishan-loose-attar-fragrance/,https://alharamainperfumes.in/wp-content/uploads/2025/09/WhatsApp-Image-2025-11-08-at-10.13.31-PM.jpeg,false
Ani super Nishan (Perfume),"Clone Perfumes, French, Premium Perfumes",,Created by Al Haramain Perfumes Hyderabad,"10 ml, 25 ml, 50 ml, 100ml",300,2500,INR,true,https://alharamainperfumes.in/product/ani-super-nishan-loose-perfume-fragrance/,https://alharamainperfumes.in/wp-content/uploads/2025/12/Gemini_Generated_Image_lfqffylfqffylfqf-1.png,false
Ani super Nishan (Attar),"Clone Attar, French Attar, Premium Attars",,Created by Al Haramain Perfumes Hyderabad,"3 ml, 6 ml, 12 ml",250,1000,INR,true,https://alharamainperfumes.in/product/ani-super-nishan-loose-attar-fragrance/,https://alharamainperfumes.in/wp-content/uploads/2025/09/WhatsApp-Image-2025-11-08-at-10.13.31-PM.jpeg,false
Shamama amber super natural tone (Attar),"Arabic Attars, Clone Attar, French Attar, Premium Attars",,"Shamama amber super natural tone Shamama amber super natural tone Attar, Created by Al Haramain Perfumes Hyderabad.","3 ml, 6 ml, 12 ml, 24ml",300,1200,INR,false,https://alharamainperfumes.in/product/shamama-amber-super-natural-tone-loose-attar-fragrance/,https://alharamainperfumes.in/wp-content/uploads/2025/09/WhatsApp-Image-2025-11-08-at-10.13.31-PM.jpeg,true
Shamama amber natural tone eco (Attar),"Arabic Attar, Arabic Attars, Clone Attar",,Shamama amber natural tone eco Shamama amber natural tone eco Created by Al Haramain Perfumes Hyderabad.,"3 ml, 6 ml, 12 ml",150,600,INR,false,https://alharamainperfumes.in/product/shamama-amber-natural-tone-eco-loose-attar-fragrance/,https://alharamainperfumes.in/wp-content/uploads/2025/09/WhatsApp-Image-2025-11-08-at-10.13.31-PM.jpeg,true
Al haramain Torino 21 (Perfume),"Clone Perfumes, French Perfumes",,Created by Al Haramain Perfumes Hyderabad,"10 ml, 25 ml, 50 ml, 100ml",150,1200,INR,true,https://alharamainperfumes.in/product/al-haramain-torino-21-loose-perfume-by-fragrance/,https://alharamainperfumes.in/wp-content/uploads/2021/04/IMG_5374-scaled.jpg,true
Al haramain Torino 21 (Attar),"Clone Attar, French Attar, French Attars",,Created by Al Haramain Perfumes Hyderabad,"3 ml, 6 ml, 12 ml",100,400,INR,true,https://alharamainperfumes.in/product/al-haramain-torino-21-loose-attar-fragrance/,https://alharamainperfumes.in/wp-content/uploads/2025/09/WhatsApp-Image-2025-11-08-at-10.13.31-PM.jpeg,true
Man Glacial Essence (Perfume),Clone Perfumes,,Man Glacial Essence Man Glacial Essence Created by Al Haramain Perfumes Hyderabad.,"10 ml, 25 ml, 50 ml, 100ml",150,1200,INR,true,https://alharamainperfumes.in/product/man-glacial-essence-loose-perfume-by-fragrance/,https://alharamainperfumes.in/wp-content/uploads/2021/04/IMG_5374-scaled.jpg,false
Man Glacial Essence (Attar),"Clone Attar, French Attar",,Man Glacial Essence Man Glacial Essence Created by Al Haramain Perfumes Hyderabad,"3 ml, 6 ml, 12 ml",100,400,INR,true,https://alharamainperfumes.in/product/man-glacial-essence-loose-attar-fragrance/,https://alharamainperfumes.in/wp-content/uploads/2025/09/WhatsApp-Image-2025-11-08-at-10.13.31-PM.jpeg,false
Patchouli Ardent Guerla (Perfume),"Clone Perfumes, French, Premium Perfumes",,Patchouli Ardent Guerla Patchouli Ardent Guerla Created by Al Haramain Perfumes Hyderabad.,"10 ml, 25 ml, 50 ml, 100ml",300,2500,INR,true,https://alharamainperfumes.in/product/patchouli-ardent-guerla-loose-perfume-fragrance/,https://alharamainperfumes.in/wp-content/uploads/2025/12/Gemini_Generated_Image_lfqffylfqffylfqf-1.png,false
Patchouli Ardent Guerla (Attar),"Clone Attar, French Attar, Premium Attars",,"Patchouli Ardent Guerla Patchouli Ardent Guerlai Attar, Created by Al Haramain Perfumes Hyderabad.","3 ml, 6 ml, 12 ml",250,1000,INR,true,https://alharamainperfumes.in/product/patchouli-ardent-guerla-loose-attar-fragrance/,https://alharamainperfumes.in/wp-content/uploads/2025/09/WhatsApp-Image-2025-11-08-at-10.13.31-PM.jpeg,false
TF Lost cherry (Attar),"Clone Attar, French Attar",,TF Lost cherry TF Lost cherry Created by Al Haramain Perfumes Hyderabad,"3 ml, 6 ml, 12 ml",100,400,INR,false,https://alharamainperfumes.in/product/tf-lost-cherry-loose-attar-fragrance/,https://alharamainperfumes.in/wp-content/uploads/2025/09/WhatsApp-Image-2025-11-08-at-10.13.31-PM.jpeg,false
TF Lost cherry (Perfume),"Clone Perfumes, French",,TF Lost cherry TF Lost cherry Created by Al Haramain Perfumes Hyderabad.,"10 ml, 25 ml, 50 ml, 100ml",100,800,INR,false,https://alharamainperfumes.in/product/tf-lost-cherry-loose-perfume-fragrance/,https://alharamainperfumes.in/wp-content/uploads/2021/04/IMG_5374-scaled.jpg,false
Shisha (Attar),"Arabic Attar, Clone Attar",,Shisha Shisha Created by Al Haramain Perfumes Hyderabad,"3 ml, 6 ml, 12 ml",100,400,INR,false,https://alharamainperfumes.in/product/shisha-loose-attar-fragrance/,https://alharamainperfumes.in/wp-content/uploads/2025/09/WhatsApp-Image-2025-11-08-at-10.13.31-PM.jpeg,false
Shisha (Perfume),Clone Perfumes,,Shisha Shisha Created by Al Haramain Perfumes Hyderabad.,"10 ml, 25 ml, 50 ml, 100ml",150,1200,INR,true,https://alharamainperfumes.in/product/shisha-loose-perfume-by-fragrance/,https://alharamainperfumes.in/wp-content/uploads/2021/04/IMG_5374-scaled.jpg,false
Aqua d gio elixir (Perfume),"Clone Perfumes, French",,Created by Al Haramain Perfumes Hyderabad,"10 ml, 25 ml, 50 ml, 100ml",200,1500,INR,true,https://alharamainperfumes.in/product/aqua-d-gio-elixir-loose-perfume-by-fragrance/,https://alharamainperfumes.in/wp-content/uploads/2021/04/IMG_5374-scaled.jpg,false
Aqua d gio elixir (Attar),"Clone Attar, French Attar",,Created by Al Haramain Perfumes Hyderabad,"3 ml, 6 ml, 12 ml",150,600,INR,true,https://alharamainperfumes.in/product/aqua-d-gio-elixir-loose-attar-fragrance/,https://alharamainperfumes.in/wp-content/uploads/2025/09/WhatsApp-Image-2025-11-08-at-10.13.31-PM.jpeg,false
Myself super (Perfume),"Clone Perfumes, French",,Myself super Myself super Created by Al Haramain Perfumes Hyderabad.,"10 ml, 25 ml, 50 ml, 100ml",200,1500,INR,true,https://alharamainperfumes.in/product/myself-super-loose-perfume-by-fragrance/,https://alharamainperfumes.in/wp-content/uploads/2025/12/WhatsApp-Image-2025-12-06-at-6.55.34-PM.jpeg,false
Myself super (Attar),"Clone Attar, French Attar",,Myself super Myself super Created by Al Haramain Perfumes Hyderabad.,"3 ml, 6 ml, 12 ml",150,600,INR,true,https://alharamainperfumes.in/product/myself-super-loose-attar-fragrance/,https://alharamainperfumes.in/wp-content/uploads/2025/09/WhatsApp-Image-2025-11-08-at-10.13.31-PM.jpeg,false
California dream (Perfume),"Clone Perfumes, French",,California dream California dream Created by Al Haramain Perfumes Hyderabad.,"10 ml, 25 ml, 50 ml, 100ml",200,1500,INR,true,https://alharamainperfumes.in/product/california-dream-loose-perfume-by-fragrance/,https://alharamainperfumes.in/wp-content/uploads/2021/04/IMG_5374-scaled.jpg,false
California dream (Attar),"Clone Attar, French Attar",,California dream California dream Created by Al Haramain Perfumes Hyderabad.,"3 ml, 6 ml, 12 ml",150,600,INR,true,https://alharamainperfumes.in/product/california-dream-loose-attar-fragrance/,https://alharamainperfumes.in/wp-content/uploads/2025/09/WhatsApp-Image-2025-11-08-at-10.13.31-PM.jpeg,false
Oud cadenza (Perfume),"Clone Perfumes, Premium Perfumes",,Oud cadenza Oud cadenza Created by Al Haramain Perfumes Hyderabad.,"10 ml, 25 ml, 50 ml, 100ml",300,2500,INR,true,https://alharamainperfumes.in/product/oud-cadenza-loose-perfume-fragrance/,https://alharamainperfumes.in/wp-content/uploads/2025/12/Gemini_Generated_Image_lfqffylfqffylfqf-1.png,false
Oud cadenza (Attar),"Arabic Attar, Clone Attar, Premium Attars",,"Oud cadenza Oud cadenza inspired fragrance Attar, Created by Al Haramain Perfumes Hyderabad.","3 ml, 6 ml, 12 ml",250,1000,INR,true,https://alharamainperfumes.in/product/oud-cadenza-loose-attar-fragrance/,https://alharamainperfumes.in/wp-content/uploads/2025/09/WhatsApp-Image-2025-11-08-at-10.13.31-PM.jpeg,false
Aoud Leather Mont (Attar),"Arabic Attar, Clone Attar, Premium Attars",,Created by Al Haramain Perfumes Hyderabad,"3 ml, 6 ml, 12 ml",250,1000,INR,true,https://alharamainperfumes.in/product/aoud-leather-mont-loose-attar-fragrance/,https://alharamainperfumes.in/wp-content/uploads/2025/09/WhatsApp-Image-2025-11-08-at-10.13.31-PM.jpeg,false
Aoud Leather Mont (Perfume),"Clone Perfumes, Premium Perfumes",,Created by Al Haramain Perfumes Hyderabad,"10 ml, 25 ml, 50 ml, 100ml",300,2500,INR,true,https://alharamainperfumes.in/product/aoud-leather-mont-loose-perfume-fragrance/,https://alharamainperfumes.in/wp-content/uploads/2025/12/Gemini_Generated_Image_lfqffylfqffylfqf-1.png,false
Ricci club (Attar),"Arabic Attar, Clone Attar",,Ricci club Oud tahnoun Ricci club Created by Al Haramain Perfumes Hyderabad,"3 ml, 6 ml, 12 ml",100,400,INR,true,https://alharamainperfumes.in/product/ricci-club-loose-attar-fragrance/,https://alharamainperfumes.in/wp-content/uploads/2025/09/WhatsApp-Image-2025-11-08-at-10.13.31-PM.jpeg,false
Ricci club (Perfume),"Clone Perfumes, French",,Ricci club Ricci club Created by Al Haramain Perfumes Hyderabad.,"10 ml, 25 ml, 50 ml, 100ml",150,1200,INR,true,https://alharamainperfumes.in/product/ricci-club-loose-perfume-by-fragrance/,https://alharamainperfumes.in/wp-content/uploads/2021/04/IMG_5374-scaled.jpg,false
Wulong cha (Perfume),"Clone Perfumes, French",,Wulong cha Wulong cha Created by Al Haramain Perfumes Hyderabad.,"10 ml, 25 ml, 50 ml, 100ml",150,1200,INR,true,https://alharamainperfumes.in/product/wulong-cha-loose-perfume-by-fragrance/,https://alharamainperfumes.in/wp-content/uploads/2021/04/IMG_5374-scaled.jpg,false
Wulong cha (Attar),"Clone Attar, French Attar",,Wulong cha Wulong cha Created by Al Haramain Perfumes Hyderabad,"3 ml, 6 ml, 12 ml",100,400,INR,true,https://alharamainperfumes.in/product/wulong-cha-loose-attar-fragrance/,https://alharamainperfumes.in/wp-content/uploads/2025/09/WhatsApp-Image-2025-11-08-at-10.13.31-PM.jpeg,false
Clive art deco cypress XX1 (Perfume),"Clone Perfumes, French",,Clive art deco cypress XX1 Clive art deco cypress XX1 Created by Al Haramain Perfumes Hyderabad.,"10 ml, 25 ml, 50 ml, 100ml",200,1500,INR,true,https://alharamainperfumes.in/product/clive-art-deco-cypress-xx1-loose-perfume-by-fragrance/,https://alharamainperfumes.in/wp-content/uploads/2025/12/WhatsApp-Image-2025-12-06-at-6.55.34-PM.jpeg,false
Clive art deco cypress XX1(Attar),"Clone Attar, French Attar",,Clive art deco cypress XX1 Clive art deco cypress XX1 Created by Al Haramain Perfumes Hyderabad.,"3 ml, 6 ml, 12 ml",150,600,INR,true,https://alharamainperfumes.in/product/clive-art-deco-cypress-xx1loose-attar-fragrance/,https://alharamainperfumes.in/wp-content/uploads/2025/09/WhatsApp-Image-2025-11-08-at-10.13.31-PM.jpeg,false
Eros energy (Perfume),"Clone Perfumes, French",,Eros energy Eros energy Created by Al Haramain Perfumes Hyderabad.,"10 ml, 25 ml, 50 ml, 100ml",150,1200,INR,true,https://alharamainperfumes.in/product/eros-energy-loose-perfume-by-fragrance/,https://alharamainperfumes.in/wp-content/uploads/2021/04/IMG_5374-scaled.jpg,false
Eros energy (Attar),"Clone Attar, French Attar",,Eros energy Eros energy Created by Al Haramain Perfumes Hyderabad.,"3 ml, 6 ml, 12 ml",150,600,INR,true,https://alharamainperfumes.in/product/eros-energy-loose-attar-fragrance/,https://alharamainperfumes.in/wp-content/uploads/2025/09/WhatsApp-Image-2025-11-08-at-10.13.31-PM.jpeg,false
Sora legend of the sky (Perfume),"Clone Perfumes, French",,Sora legend of the sky Sora legend of the sky Created by Al Haramain Perfumes Hyderabad.,"10 ml, 25 ml, 50 ml, 100ml",100,800,INR,true,https://alharamainperfumes.in/product/sora-legend-of-the-sky-loose-perfume-fragrance/,https://alharamainperfumes.in/wp-content/uploads/2021/04/IMG_5374-scaled.jpg,false
Sora legend of the sky (Attar),"Clone Attar, French Attar",,Sora legend of the sky Sora legend of the sky Created by Al Haramain Perfumes Hyderabad.,"3 ml, 6 ml, 12 ml",100,400,INR,true,https://alharamainperfumes.in/product/sora-legend-of-the-sky-loose-attar-fragrance/,https://alharamainperfumes.in/wp-content/uploads/2025/09/WhatsApp-Image-2025-11-08-at-10.13.31-PM.jpeg,false
Forever wanted elixir (Perfume),"Clone Perfumes, French",,Forever wanted elixir Forever wanted elixir Created by Al Haramain Perfumes Hyderabad.,"10 ml, 25 ml, 50 ml, 100ml",100,800,INR,true,https://alharamainperfumes.in/product/forever-wanted-elixir-loose-perfume-fragrance/,https://alharamainperfumes.in/wp-content/uploads/2021/04/IMG_5374-scaled.jpg,false
Forever wanted elixir (Attar),"Clone Attar, French Attar",,Forever wanted elixir Forever wanted elixir Created by Al Haramain Perfumes Hyderabad.,"3 ml, 6 ml, 12 ml",100,400,INR,true,https://alharamainperfumes.in/product/forever-wanted-elixir-loose-attar-fragrance/,https://alharamainperfumes.in/wp-content/uploads/2025/09/WhatsApp-Image-2025-11-08-at-10.13.31-PM.jpeg,false
V. Donna Born in Roma intense (Perfume),"Clone Perfumes, French",,Born in Roma intense Born in Roma intense Created by Al Haramain Perfumes Hyderabad.,"10 ml, 25 ml, 50 ml, 100ml",100,800,INR,true,https://alharamainperfumes.in/product/born-in-roma-intense-loose-perfume-fragrance/,https://alharamainperfumes.in/wp-content/uploads/2021/04/IMG_5374-scaled.jpg,false
V. Donna Born in Roma intense (Attar),"Clone Attar, French Attar",,Born in Roma intense Born in Roma intense Created by Al Haramain Perfumes Hyderabad.,"3 ml, 6 ml, 12 ml",100,400,INR,true,https://alharamainperfumes.in/product/born-in-roma-intense-loose-attar-fragrance/,https://alharamainperfumes.in/wp-content/uploads/2025/09/WhatsApp-Image-2025-11-08-at-10.13.31-PM.jpeg,false
The wedding silk santal (Attar),"Clone Attar, French Attar",,The wedding silk santal The wedding silk santal Created by Al Haramain Perfumes Hyderabad.,"3 ml, 6 ml, 12 ml",100,400,INR,false,https://alharamainperfumes.in/product/the-wedding-silk-santal-loose-attar-fragrance/,https://alharamainperfumes.in/wp-content/uploads/2025/09/WhatsApp-Image-2025-11-08-at-10.13.31-PM.jpeg,false
The wedding silk santal (Perfume),"Clone Perfumes, French",,The wedding silk santal The wedding silk santal Created by Al Haramain Perfumes Hyderabad.,"10 ml, 25 ml, 50 ml, 100ml",100,800,INR,true,https://alharamainperfumes.in/product/the-wedding-silk-santal-loose-perfume-fragrance/,https://alharamainperfumes.in/wp-content/uploads/2021/04/IMG_5374-scaled.jpg,false
Yum marshmallow (Perfume),"Clone Perfumes, French",,Yum marshmallow Yum marshmallow Created by Al Haramain Perfumes Hyderabad.,"10 ml, 25 ml, 50 ml, 100ml",150,1200,INR,true,https://alharamainperfumes.in/product/yum-marshmallow-loose-perfume-fragrance/,https://alharamainperfumes.in/wp-content/uploads/2021/04/IMG_5374-scaled.jpg,false
Yum marshmallow (Attar),"Clone Attar, French Attar",,Yum marshmallow Yum marshmallow Created by Al Haramain Perfumes Hyderabad.,"3 ml, 6 ml, 12 ml",150,600,INR,true,https://alharamainperfumes.in/product/yum-marshmallow-loose-attar-fragrance/,https://alharamainperfumes.in/wp-content/uploads/2025/09/WhatsApp-Image-2025-11-08-at-10.13.31-PM.jpeg,false
Le male le parfum JPG (Perfume),"Clone Perfumes, French",,Le male le parfum Le male le parfum Created by Al Haramain Perfumes Hyderabad.,"10 ml, 25 ml, 50 ml, 100ml",200,1500,INR,true,https://alharamainperfumes.in/product/le-male-le-parfum-loose-perfume-by-fragrance/,https://alharamainperfumes.in/wp-content/uploads/2021/04/IMG_5374-scaled.jpg,false
Le male le parfum JPG (Attar),"Clone Attar, French Attar",,Le male le parfum Le male le parfum Created by Al Haramain Perfumes Hyderabad.,"3 ml, 6 ml, 12 ml",150,600,INR,true,https://alharamainperfumes.in/product/le-male-le-parfum-loose-attar-fragrance/,https://alharamainperfumes.in/wp-content/uploads/2025/09/WhatsApp-Image-2025-11-08-at-10.13.31-PM.jpeg,false
Intense Oud gucc (Perfume),"Clone Perfumes, Premium Perfumes",,Intense Oud gucc Intense Oud gucc Created by Al Haramain Perfumes Hyderabad.,"10 ml, 25 ml, 50 ml, 100ml",300,2500,INR,true,https://alharamainperfumes.in/product/intense-oud-gucc-loose-perfume-fragrance/,https://alharamainperfumes.in/wp-content/uploads/2025/12/Gemini_Generated_Image_lfqffylfqffylfqf-1.png,false
Intense Oud gucc (Attar),"Arabic Attar, Clone Attar, Premium Attars",,"Intense Oud gucc Intense Oud gucc inspired fragrance Attar, Created by Al Haramain Perfumes Hyderabad.","3 ml, 6 ml, 12 ml",250,1000,INR,true,https://alharamainperfumes.in/product/intense-oud-gucc-loose-attar-fragrance/,https://alharamainperfumes.in/wp-content/uploads/2025/09/WhatsApp-Image-2025-11-08-at-10.13.31-PM.jpeg,false
Voice of snake (Perfume),"Clone Perfumes, French",,Voice of snake Voice of snake Created by Al Haramain Perfumes Hyderabad.,"10 ml, 25 ml, 50 ml, 100ml",200,1500,INR,true,https://alharamainperfumes.in/product/voice-of-snake-loose-perfume-by-fragrance/,https://alharamainperfumes.in/wp-content/uploads/2025/12/WhatsApp-Image-2025-12-06-at-6.55.34-PM.jpeg,false
Voice of snake (Attar),"Clone Attar, French Attar",,Voice of snake Voice of snake Created by Al Haramain Perfumes Hyderabad.,"3 ml, 6 ml, 12 ml",150,600,INR,true,https://alharamainperfumes.in/product/voice-of-snake-loose-attar-fragrance/,https://alharamainperfumes.in/wp-content/uploads/2025/09/WhatsApp-Image-2025-11-08-at-10.13.31-PM.jpeg,false
Le male lover JPG (Perfume),"Clone Perfumes, French",,Le male lover Le male lover Created by Al Haramain Perfumes Hyderabad.,"10 ml, 25 ml, 50 ml, 100ml",100,800,INR,false,https://alharamainperfumes.in/product/le-male-lover-loose-perfume-fragrance/,https://alharamainperfumes.in/wp-content/uploads/2021/04/IMG_5374-scaled.jpg,false
Le male lover JPG (Attar),"Clone Attar, French Attar",,Le male lover Le male lover Created by Al Haramain Perfumes Hyderabad.,"3 ml, 6 ml, 12 ml",100,400,INR,false,https://alharamainperfumes.in/product/le-male-lover-loose-attar-fragrance/,https://alharamainperfumes.in/wp-content/uploads/2025/09/WhatsApp-Image-2025-11-08-at-10.13.31-PM.jpeg,false
Into the night (Perfume),"Clone Perfumes, French",,Into the night Into the night Created by Al Haramain Perfumes Hyderabad.,"10 ml, 25 ml, 50 ml, 100ml",150,1200,INR,true,https://alharamainperfumes.in/product/into-the-night-loose-perfume-by-fragrance/,https://alharamainperfumes.in/wp-content/uploads/2021/04/IMG_5374-scaled.jpg,false
Blanche bete (Perfume),"Clone Perfumes, French, Premium Perfumes",,Blanche bete Blanche bete Created by Al Haramain Perfumes Hyderabad.,"10 ml, 25 ml, 50 ml, 100ml",300,2500,INR,true,https://alharamainperfumes.in/product/blanche-bete-loose-perfume-fragrance/,https://alharamainperfumes.in/wp-content/uploads/2025/12/Gemini_Generated_Image_lfqffylfqffylfqf-1.png,false
Blanche bete (Attar),"Clone Attar, French Attar, Premium Attars",,"Blanche bete Blanche bete inspired fragrance Attar, Created by Al Haramain Perfumes Hyderabad.","3 ml, 6 ml, 12 ml",250,1000,INR,true,https://alharamainperfumes.in/product/blanche-bete-loose-attar-fragrance/,https://alharamainperfumes.in/wp-content/uploads/2025/09/WhatsApp-Image-2025-11-08-at-10.13.31-PM.jpeg,false
Bianco latte (Perfume),"Clone Perfumes, French",,Created by Al Haramain Perfumes Hyderabad,"10 ml, 25 ml, 50 ml, 100ml",100,800,INR,true,https://alharamainperfumes.in/product/bianco-latte-loose-perfume-fragrance/,https://alharamainperfumes.in/wp-content/uploads/2021/04/IMG_5374-scaled.jpg,false
Bianco latte (Attar),"Clone Attar, French Attar",,Created by Al Haramain Perfumes Hyderabad,"3 ml, 6 ml, 12 ml",100,400,INR,true,https://alharamainperfumes.in/product/bianco-latte-loose-attar-fragrance/,https://alharamainperfumes.in/wp-content/uploads/2025/09/WhatsApp-Image-2025-11-08-at-10.13.31-PM.jpeg,false
Kahwa the victorious (Attar),"Arabic Attar, Clone Attar, Premium Attars",,"Kahwa the victorious Kahwa the victorious Attar, Created by Al Haramain Perfumes Hyderabad.","3 ml, 6 ml, 12 ml",250,1000,INR,false,https://alharamainperfumes.in/product/kahwa-the-victorious-loose-attar-fragrance/,https://alharamainperfumes.in/wp-content/uploads/2025/09/WhatsApp-Image-2025-11-08-at-10.13.31-PM.jpeg,false
Kahwa the victorious (Perfume),"Clone Perfumes, Premium Perfumes",,Kahwa the victorious Kahwa the victorious Created by Al Haramain Perfumes Hyderabad.,"10 ml, 25 ml, 50 ml, 100ml",300,2500,INR,false,https://alharamainperfumes.in/product/kahwa-the-victorious-loose-perfume-fragrance/,https://alharamainperfumes.in/wp-content/uploads/2021/04/IMG_5374-scaled.jpg,false
Greenwich village (Perfume),"Clone Perfumes, French, Premium Perfumes",,Greenwich village Greenwich village Created by Al Haramain Perfumes Hyderabad.,"10 ml, 25 ml, 50 ml, 100ml",300,2500,INR,true,https://alharamainperfumes.in/product/greenwich-village-loose-perfume-fragrance/,https://alharamainperfumes.in/wp-content/uploads/2021/04/IMG_5374-scaled.jpg,false
Greenwich village (Attar ),"Clone Attar, French Attar, Premium Attars",,"Greenwich village Greenwich village Attar, Created by Al Haramain Perfumes Hyderabad.","3 ml, 6 ml, 12 ml",250,1000,INR,true,https://alharamainperfumes.in/product/greenwich-village-loose-attar-fragrance/,https://alharamainperfumes.in/wp-content/uploads/2025/09/WhatsApp-Image-2025-11-08-at-10.13.31-PM.jpeg,false
Ice 100 ML Pack EDP,100 ml pack,,Ice 100 ml pure perfume series pack by alharamain perfumes,,1200,1200,INR,false,https://alharamainperfumes.in/product/ice-100-ml-edp/,https://alharamainperfumes.in/wp-content/uploads/2025/07/WhatsApp-Image-2025-07-26-at-11.49.06-AM-4.jpeg,false
Bleu 100 ML Pack EDP,100 ml pack,,Bleu 100 ml pure perfume series pack by alharamain perfumes,,1500,1500,INR,true,https://alharamainperfumes.in/product/bleu-100-ml-edp/,https://alharamainperfumes.in/wp-content/uploads/2025/07/WhatsApp-Image-2025-07-26-at-11.49.06-AM-2.jpeg,false
Ultra man 100 ML Pack EDP,100 ml pack,,Ultra man 100 ml pure perfume series pack by alharamain perfumes,,1200,1200,INR,true,https://alharamainperfumes.in/product/ultra-man-100-ml-edp/,https://alharamainperfumes.in/wp-content/uploads/2025/07/WhatsApp-Image-2025-07-26-at-11.49.06-AM-1.jpeg,false
Vip Heroes 100 ML Pack EDP,100 ml pack,,Vip Heroes 100 ml pure perfume series pack by alharamain perfumes,,1200,1200,INR,true,https://alharamainperfumes.in/product/vip-heroes-100-ml-edp/,https://alharamainperfumes.in/wp-content/uploads/2025/07/WhatsApp-Image-2025-07-26-at-11.49.06-AM.jpeg,false
Jazz club (Perfume),"Clone Perfumes, French",,Jazz club Jazz club Created by Al Haramain Perfumes Hyderabad.,"10 ml, 25 ml, 50 ml, 100ml",150,1200,INR,true,https://alharamainperfumes.in/product/jazz-club-loose-perfume-by-fragrance/,https://alharamainperfumes.in/wp-content/uploads/2021/04/IMG_5374-scaled.jpg,false
Jazz club (Attar),"Clone Attar, French Attar",,Jazz club Jazz club Created by Al Haramain Perfumes Hyderabad.,"3 ml, 6 ml, 12 ml",100,400,INR,true,https://alharamainperfumes.in/product/jazz-club-loose-attar-fragrance/,https://alharamainperfumes.in/wp-content/uploads/2025/09/WhatsApp-Image-2025-11-08-at-10.13.31-PM.jpeg,false
Immensite super (Perfume),"Clone Perfumes, Premium Perfumes",,Immensite super Immensite super Created by Al Haramain Perfumes Hyderabad.,"10 ml, 25 ml, 50 ml, 100ml",300,2500,INR,true,https://alharamainperfumes.in/product/immensite-super-loose-perfume-fragrance/,https://alharamainperfumes.in/wp-content/uploads/2021/04/IMG_5374-scaled.jpg,false
Immensite super (Attar),"Clone Attar, French Attar, Premium Attars",,"Immensite super Immensite super Attar, Created by Al Haramain Perfumes Hyderabad.","3 ml, 6 ml, 12 ml",250,1000,INR,true,https://alharamainperfumes.in/product/immensite-super-loose-attar-fragrance/,https://alharamainperfumes.in/wp-content/uploads/2025/09/WhatsApp-Image-2025-11-08-at-10.13.31-PM.jpeg,false
Lafayette street (Perfume),"Clone Perfumes, French",,Lafayette street Lafayette street Created by Al Haramain Perfumes Hyderabad.,"10 ml, 25 ml, 50 ml, 100ml",200,1500,INR,true,https://alharamainperfumes.in/product/lafayette-street-loose-perfume-by-fragrance/,https://alharamainperfumes.in/wp-content/uploads/2021/04/IMG_5374-scaled.jpg,false
Lafayette street (Attar),"Clone Attar, French Attar",,Lafayette street Lafayette street Created by Al Haramain Perfumes Hyderabad.,"3 ml, 6 ml, 12 ml",150,600,INR,true,https://alharamainperfumes.in/product/lafayette-street-loose-attar-fragrance/,https://alharamainperfumes.in/wp-content/uploads/2025/09/WhatsApp-Image-2025-11-08-at-10.13.31-PM.jpeg,false
Stronger with you Sandal(Perfume),"Clone Perfumes, French",,Stronger with you Sandal Stronger with you Sandal Created by Al Haramain Perfumes Hyderabad.,"10 ml, 25 ml, 50 ml, 100ml",100,800,INR,false,https://alharamainperfumes.in/product/stronger-with-you-sandalloose-perfume-fragrance/,https://alharamainperfumes.in/wp-content/uploads/2021/04/IMG_5374-scaled.jpg,false
Stronger with you Sandal (Attar),"Clone Attar, French Attar",,Stronger with you Sandal Stronger with you Sandal Created by Al Haramain Perfumes Hyderabad.,"3 ml, 6 ml, 12 ml",100,400,INR,false,https://alharamainperfumes.in/product/stronger-with-you-sandal-loose-attar-fragrance/,https://alharamainperfumes.in/wp-content/uploads/2025/09/WhatsApp-Image-2025-11-08-at-10.13.31-PM.jpeg,false
New York nights (Attar),"Arabic Attar, Clone Attar",,New York nights New York nights Created by Al Haramain Perfumes Hyderabad.,"3 ml, 6 ml, 12 ml",150,600,INR,true,https://alharamainperfumes.in/product/new-york-nights-loose-attar-fragrance/,https://alharamainperfumes.in/wp-content/uploads/2025/09/WhatsApp-Image-2025-11-08-at-10.13.31-PM.jpeg,false
New York nights (Perfume),"Clone Perfumes, French",,New York nights New York nights Created by Al Haramain Perfumes Hyderabad.,"10 ml, 25 ml, 50 ml, 100ml",150,1200,INR,true,https://alharamainperfumes.in/product/new-york-nights-loose-perfume-by-fragrance/,https://alharamainperfumes.in/wp-content/uploads/2021/04/IMG_5374-scaled.jpg,false
Into the night (Attar),"Clone Attar, French Attar",,Into the night Into the night Created by Al Haramain Perfumes Hyderabad.,"3 ml, 6 ml, 12 ml",100,400,INR,true,https://alharamainperfumes.in/product/into-the-night-loose-attar-fragrance/,https://alharamainperfumes.in/wp-content/uploads/2025/09/WhatsApp-Image-2025-11-08-at-10.13.31-PM.jpeg,false
Bottled bold citrus (Perfume),"Clone Perfumes, French",,Bottled bold citrus Bottled bold citrus Created by Al Haramain Perfumes Hyderabad.,"10 ml, 25 ml, 50 ml, 100ml",100,800,INR,true,https://alharamainperfumes.in/product/bottled-bold-citrus-loose-perfume-fragrance/,https://alharamainperfumes.in/wp-content/uploads/2021/04/IMG_5374-scaled.jpg,false
Bottled bold citrus (Attar),"Clone Attar, French Attar",,Bottled bold citrus Bottled bold citrus Created by Al Haramain Perfumes Hyderabad.,"3 ml, 6 ml, 12 ml",100,400,INR,true,https://alharamainperfumes.in/product/bottled-bold-citrus-loose-attar-fragrance/,https://alharamainperfumes.in/wp-content/uploads/2025/09/WhatsApp-Image-2025-11-08-at-10.13.31-PM.jpeg,false
Bottled bold citrus super (Perfume),"Clone Perfumes, French",,Bottled bold citrus super Bottled bold citrus super Created by Al Haramain Perfumes Hyderabad.,"10 ml, 25 ml, 50 ml, 100ml",300,2500,INR,true,https://alharamainperfumes.in/product/bottled-bold-citrus-super-loose-perfume-fragrance/,https://alharamainperfumes.in/wp-content/uploads/2021/04/IMG_5374-scaled.jpg,false
Bottled bold citrus super (Attar),"Clone Attar, French Attar, Premium Attars",,Bottled bold citrus super Bottled bold citrus super attar Created by Al Haramain Perfumes Hyderabad.,"3 ml, 6 ml, 12 ml",200,800,INR,true,https://alharamainperfumes.in/product/bottled-bold-citrus-super-loose-attar-fragrance/,https://alharamainperfumes.in/wp-content/uploads/2025/09/WhatsApp-Image-2025-11-08-at-10.13.31-PM.jpeg,false
Stronger with you oud (Perfume),"Clone Perfumes, French",,Stronger with you oud Stronger with you oud Created by Al Haramain Perfumes Hyderabad.,"10 ml, 25 ml, 50 ml, 100ml",300,2500,INR,true,https://alharamainperfumes.in/product/stronger-with-you-oud-loose-perfume-fragrance/,https://alharamainperfumes.in/wp-content/uploads/2021/04/IMG_5374-scaled.jpg,false
Stronger with you oud (Attar),"Arabic Attar, Clone Attar, Premium Attars",,"Stronger with you oud Stronger with you oud Attar, Created by Al Haramain Perfumes Hyderabad.","3 ml, 6 ml, 12 ml",250,1000,INR,true,https://alharamainperfumes.in/product/stronger-with-you-oud-loose-attar-fragrance/,https://alharamainperfumes.in/wp-content/uploads/2025/09/WhatsApp-Image-2025-11-08-at-10.13.31-PM.jpeg,false
Stronger with you absolutely (Attar),"Clone Attar, French Attar, Premium Attars",,Stronger with you absolutely Stronger with you absolutely Created by Al Haramain Perfumes Hyderabad.,"3 ml, 6 ml, 12 ml",100,400,INR,true,https://alharamainperfumes.in/product/stronger-with-you-absolutely-loose-attar-fragrance/,https://alharamainperfumes.in/wp-content/uploads/2025/09/WhatsApp-Image-2025-11-08-at-10.13.31-PM.jpeg,false
Stronger with you absolutely (Perfume),"Clone Perfumes, French",,Stronger with you absolutely Stronger with you absolutely Created by Al Haramain Perfumes Hyderabad.,"10 ml, 25 ml, 50 ml, 100ml",150,1200,INR,true,https://alharamainperfumes.in/product/stronger-with-you-absolutely-loose-perfume-by-fragrance/,https://alharamainperfumes.in/wp-content/uploads/2021/04/IMG_5374-scaled.jpg,false
Stronger with you intensely (Perfume),"Clone Perfumes, French",,Stronger with you intensely Stronger with you intensely Created by Al Haramain Perfumes Hyderabad.,"10 ml, 25 ml, 50 ml, 100ml",150,1200,INR,true,https://alharamainperfumes.in/product/stronger-with-you-intensely-loose-perfume-by-fragrance/,https://alharamainperfumes.in/wp-content/uploads/2021/04/IMG_5374-scaled.jpg,false
Stronger with you intensely (Attar),"Clone Attar, French Attar, Premium Attars",,Stronger with you intensely Stronger with you intensely Created by Al Haramain Perfumes Hyderabad.,"3 ml, 6 ml, 12 ml",100,400,INR,true,https://alharamainperfumes.in/product/stronger-with-you-intensely-loose-attar-fragrance/,https://alharamainperfumes.in/wp-content/uploads/2025/09/WhatsApp-Image-2025-11-08-at-10.13.31-PM.jpeg,false
Cactus Garden (Attar),"Clone Attar, French Attar",,Cactus Garden Cactus Garden Created by Al Haramain Perfumes Hyderabad.,"3 ml, 6 ml, 12 ml",300,1200,INR,false,https://alharamainperfumes.in/product/cactus-garden-loose-attar-fragrance/,https://alharamainperfumes.in/wp-content/uploads/2025/09/WhatsApp-Image-2025-11-08-at-10.13.31-PM.jpeg,false
Cactus Garden (Perfume),"Clone Perfumes, French",,"Cactus Garden Cactus Garden, Created by Al Haramain Perfumes Hyderabad.","10 ml, 25 ml, 50 ml, 100ml",400,3500,INR,false,https://alharamainperfumes.in/product/cactus-garden-loose-perfume-fragrance/,https://alharamainperfumes.in/wp-content/uploads/2021/04/IMG_5374-scaled.jpg,false
Moody pack,30 ML Series,,Moody 30 ml pure perfume series pack by alharamain perfumes,,300,300,INR,true,https://alharamainperfumes.in/product/moody-pack/,https://alharamainperfumes.in/wp-content/uploads/2025/07/dafecf33-a983-4237-819e-c5690c4cbc92-5.jpeg,false
Resalah pack,30 ML Series,,Resalah 30 ml pure perfume series pack by alharamain perfumes,,300,300,INR,true,https://alharamainperfumes.in/product/resalah-pack/,https://alharamainperfumes.in/wp-content/uploads/2025/07/dafecf33-a983-4237-819e-c5690c4cbc92-4.jpeg,false
Khamrah pack,30 ML Series,,Khamrah 30 ml pure perfume series pack by alharamain perfumes,,300,300,INR,false,https://alharamainperfumes.in/product/khamrah-pack/,https://alharamainperfumes.in/wp-content/uploads/2025/07/dafecf33-a983-4237-819e-c5690c4cbc92-3.jpeg,false
Wood Oud pack,30 ML Series,,Wood Oud 30 ml pure perfume series pack by alharamain perfumes,,300,300,INR,true,https://alharamainperfumes.in/product/wood-oud-pack/,https://alharamainperfumes.in/wp-content/uploads/2025/07/dafecf33-a983-4237-819e-c5690c4cbc92-2.jpeg,false
Intense cafe mont (Perfume),"Clone Perfumes, French",,Intense cafe mont Intense cafe mont Created by Al Haramain Perfumes Hyderabad.,"10 ml, 25 ml, 50 ml, 100ml",150,1200,INR,true,https://alharamainperfumes.in/product/intense-cafe-mont-loose-perfume-by-fragrance/,https://alharamainperfumes.in/wp-content/uploads/2021/04/IMG_5374-scaled.jpg,false
Intense cafe mont (Attar),"Clone Attar, French Attar, Premium Attars",,Intense cafe mont Intense cafe mont Created by Al Haramain Perfumes Hyderabad.,"3 ml, 6 ml, 12 ml",100,400,INR,true,https://alharamainperfumes.in/product/intense-cafe-mont-loose-attar-fragrance/,https://alharamainperfumes.in/wp-content/uploads/2025/09/WhatsApp-Image-2025-11-08-at-10.13.31-PM.jpeg,false
Silver pack,30 ML Series,,Silver 30 ml pure perfume series pack by alharamain perfumes,,300,300,INR,true,https://alharamainperfumes.in/product/silver-pack/,https://alharamainperfumes.in/wp-content/uploads/2025/07/dafecf33-a983-4237-819e-c5690c4cbc92-1.jpeg,false
Sensation pack,30 ML Series,,Sensation 30 ml pure perfume series pack by alharamain perfumes,,300,300,INR,true,https://alharamainperfumes.in/product/sensation-pack/,https://alharamainperfumes.in/wp-content/uploads/2025/07/dafecf33-a983-4237-819e-c5690c4cbc92.jpeg,false
Ventus pack,30 ML Series,,Ventus pack 30 mL pure perfume series pack by alharamain perfumes,,300,300,INR,true,https://alharamainperfumes.in/product/ventus-pack/,https://alharamainperfumes.in/wp-content/uploads/2025/07/WhatsApp-Image-2025-05-19-at-3.25.07-PM.jpeg,false
city of stars (Perfume),"Clone Perfumes, French",,city of stars city of stars Created by Al Haramain Perfumes Hyderabad.,"10 ml, 25 ml, 50 ml, 100ml",300,2500,INR,true,https://alharamainperfumes.in/product/city-of-stars-loose-perfume-fragrance/,https://alharamainperfumes.in/wp-content/uploads/2021/04/IMG_5374-scaled.jpg,false
city of stars (Attar),"Arabic Attar, Clone Attar, Premium Attars",,"city of stars city of stars Attar, Created by Al Haramain Perfumes Hyderabad.","3 ml, 6 ml, 12 ml",250,1000,INR,true,https://alharamainperfumes.in/product/city-of-stars-loose-attar-fragrance/,https://alharamainperfumes.in/wp-content/uploads/2025/09/WhatsApp-Image-2025-11-08-at-10.13.31-PM.jpeg,false
Hacivat (Attar),"Clone Attar, French Attar",,Hacivat Hacivat Created by Al Haramain Perfumes Hyderabad.,"3 ml, 6 ml, 12 ml",150,600,INR,true,https://alharamainperfumes.in/product/hacivat-loose-attar-fragrance/,https://alharamainperfumes.in/wp-content/uploads/2025/09/WhatsApp-Image-2025-11-08-at-10.13.31-PM.jpeg,false
Hacivat (Perfume),"Clone Perfumes, French",,Hacivat Hacivat Created by Al Haramain Perfumes Hyderabad.,"10 ml, 25 ml, 50 ml, 100ml",200,1500,INR,true,https://alharamainperfumes.in/product/hacivat-loose-perfume-by-fragrance/,https://alharamainperfumes.in/wp-content/uploads/2021/04/IMG_5374-scaled.jpg,false
Promise super (Attar),"Clone Attar, French Attar, Premium Attars",,Promise super Promise super Created by Al Haramain Perfumes Hyderabad.,"3 ml, 6 ml, 12 ml",500,2000,INR,true,https://alharamainperfumes.in/product/promise-super-loose-attar-fragrance/,https://alharamainperfumes.in/wp-content/uploads/2025/09/WhatsApp-Image-2025-11-08-at-10.13.31-PM.jpeg,false
Promise super (Perfume),"Clone Perfumes, French, French Perfumes, Premium Perfumes",,Promise super Promise super Created by Al Haramain Perfumes Hyderabad.,"10 ml, 25 ml, 50 ml, 100ml",750,6000,INR,true,https://alharamainperfumes.in/product/promise-super-loose-perfume-by-fragrance/,https://alharamainperfumes.in/wp-content/uploads/2021/04/IMG_5374-scaled.jpg,true
Perseus (Attar),"Clone Attar, French Attar",,Perseus Perseus Created by Al Haramain Perfumes Hyderabad.,"3 ml, 6 ml, 12 ml",100,400,INR,false,https://alharamainperfumes.in/product/perseus-loose-attar-fragrance-2/,https://alharamainperfumes.in/wp-content/uploads/2025/09/WhatsApp-Image-2025-11-08-at-10.13.31-PM.jpeg,false
Perseus (Perfume),"Clone Perfumes, French",,Perseus Perseus Created by Al Haramain Perfumes Hyderabad.,"10 ml, 25 ml, 50 ml, 100ml",150,1200,INR,false,https://alharamainperfumes.in/product/perseus-loose-perfume-by-fragrance-2/,https://alharamainperfumes.in/wp-content/uploads/2021/04/IMG_5374-scaled.jpg,false
LV Les Sables Roses for women and men (Perfume),"Clone Perfumes, French, French Perfumes",,LV Les Sables Roses for women and men LV Les Sables Roses for women and men Created by Al Haramain Perfumes Hyderabad.,"10 ml, 25 ml, 50 ml, 100ml",500,4000,INR,true,https://alharamainperfumes.in/product/lv-les-sables-roses-for-women-and-men-loose-perfume-by-fragrance/,https://alharamainperfumes.in/wp-content/uploads/2021/04/IMG_5374-scaled.jpg,true
LV Les Sables Roses for women and men (Attar),"Clone Attar, French Attar",,LV Les Sables Roses for women and men LV Les Sables Roses for women and men Created by Al Haramain Perfumes Hyderabad.,"3 ml, 6 ml, 12 ml",300,1200,INR,true,https://alharamainperfumes.in/product/lv-les-sables-roses-for-women-and-men-loose-attar-fragrance/,https://alharamainperfumes.in/wp-content/uploads/2025/09/WhatsApp-Image-2025-11-08-at-10.13.31-PM.jpeg,false
Grapefruit fragrance (Attar),"Clone Attar, French Attar",,Grapefruit fragrance Grapefruit fragrance Created by Al Haramain Perfumes Hyderabad.,"3 ml, 6 ml, 12 ml",100,400,INR,false,https://alharamainperfumes.in/product/grapefruit-fragrance-loose-attar-fragrance/,https://alharamainperfumes.in/wp-content/uploads/2025/09/WhatsApp-Image-2025-11-08-at-10.13.31-PM.jpeg,false
Grapefruit fragrance (Perfume),"Clone Perfumes, French",,Grapefruit fragrance Grapefruit fragrance Created by Al Haramain Perfumes Hyderabad.,"10 ml, 25 ml, 50 ml, 100ml",100,800,INR,true,https://alharamainperfumes.in/product/grapefruit-fragrance-loose-perfume-fragrance/,https://alharamainperfumes.in/wp-content/uploads/2021/04/IMG_5374-scaled.jpg,false
Lemon fragrance (Perfume),"Clone Perfumes, French",,Lemon fragrance Lemon fragrance Created by Al Haramain Perfumes Hyderabad.,"10 ml, 25 ml, 50 ml, 100ml",100,800,INR,true,https://alharamainperfumes.in/product/lemon-fragrance-loose-perfume-fragrance/,https://alharamainperfumes.in/wp-content/uploads/2021/04/IMG_5374-scaled.jpg,false
Lemon fragrance (Attar),"Clone Attar, French Attar",,Lemon fragrance Lemon fragrance Created by Al Haramain Perfumes Hyderabad.,"3 ml, 6 ml, 12 ml",100,400,INR,false,https://alharamainperfumes.in/product/lemon-fragrance-loose-attar-fragrance/,https://alharamainperfumes.in/wp-content/uploads/2025/09/WhatsApp-Image-2025-11-08-at-10.13.31-PM.jpeg,false
Grape fragrance (Attar),"Clone Attar, French Attar",,Grape fragrance Grape fragrance Created by Al Haramain Perfumes Hyderabad.,"3 ml, 6 ml, 12 ml",100,400,INR,false,https://alharamainperfumes.in/product/grape-fragrance-loose-attar-fragrance/,https://alharamainperfumes.in/wp-content/uploads/2025/09/WhatsApp-Image-2025-11-08-at-10.13.31-PM.jpeg,false
Grape fragrance (Perfume),"Clone Perfumes, French",,Grape fragrance Grape fragrance Created by Al Haramain Perfumes Hyderabad.,"10 ml, 25 ml, 50 ml, 100ml",100,800,INR,false,https://alharamainperfumes.in/product/grape-fragrance-loose-perfume-fragrance/,https://alharamainperfumes.in/wp-content/uploads/2021/04/IMG_5374-scaled.jpg,false
Cinnamon fragrance oil (Perfume),"Clone Perfumes, French, Indian",,Cinnamon fragrance oil Cinnamon fragrance oil Created by Al Haramain Perfumes Hyderabad.,"10 ml, 25 ml, 50 ml, 100ml",100,800,INR,false,https://alharamainperfumes.in/product/cinnamon-fragrance-oil-loose-perfume-fragrance/,https://alharamainperfumes.in/wp-content/uploads/2021/04/IMG_5374-scaled.jpg,false
Cinnamon fragrance oil (Attar),"Clone Attar, French Attar",,Cinnamon fragrance oil Cinnamon fragrance oil Created by Al Haramain Perfumes Hyderabad.,"3 ml, 6 ml, 12 ml",100,400,INR,false,https://alharamainperfumes.in/product/cinnamon-fragrance-oil-loose-attar-fragrance/,https://alharamainperfumes.in/wp-content/uploads/2025/09/WhatsApp-Image-2025-11-08-at-10.13.31-PM.jpeg,false
Clove fragrance oil (Attar),"Arabic Attar, Clone Attar",,Clove fragrance oil Clove fragrance oil Created by Al Haramain Perfumes Hyderabad.,"3 ml, 6 ml, 12 ml",150,600,INR,false,https://alharamainperfumes.in/product/clove-fragrance-oil-loose-attar-fragrance/,https://alharamainperfumes.in/wp-content/uploads/2025/09/WhatsApp-Image-2025-11-08-at-10.13.31-PM.jpeg,false
Clove fragrance oil (Perfume),Clone Perfumes,,Clove fragrance oil Clove fragrance oil Created by Al Haramain Perfumes Hyderabad.,"10 ml, 25 ml, 50 ml, 100ml",150,1200,INR,true,https://alharamainperfumes.in/product/clove-fragrance-oil-loose-perfume-by-fragrance/,https://alharamainperfumes.in/wp-content/uploads/2021/04/IMG_5374-scaled.jpg,false
Majestic special Oud (Perfume),"Clone Perfumes, Premium Perfumes",,Majestic special Oud Majestic special Oud Created by Al Haramain Perfumes Hyderabad.,"10 ml, 25 ml, 50 ml, 100ml",300,2500,INR,true,https://alharamainperfumes.in/product/majestic-special-oud-loose-perfume-fragrance/,https://alharamainperfumes.in/wp-content/uploads/2025/12/Gemini_Generated_Image_lfqffylfqffylfqf-1.png,false
Majestic special Oud (Attar),"Arabic Attar, Clone Attar, Premium Attars",,"Majestic special Oud Majestic special Oud inspired fragrance Attar, Created by Al Haramain Perfumes Hyderabad.","3 ml, 6 ml, 12 ml",250,1000,INR,true,https://alharamainperfumes.in/product/majestic-special-oud-loose-attar-fragrance/,https://alharamainperfumes.in/wp-content/uploads/2025/09/WhatsApp-Image-2025-11-08-at-10.13.31-PM.jpeg,false
Rebel (Perfume),"Clone Perfumes, French",,Rebel Rebel Created by Al Haramain Perfumes Hyderabad.,"10 ml, 25 ml, 50 ml, 100ml",100,800,INR,true,https://alharamainperfumes.in/product/rebel-loose-perfume-fragrance/,https://alharamainperfumes.in/wp-content/uploads/2021/04/IMG_5374-scaled.jpg,false
Rebel (Attar),"Clone Attar, French Attar",,Rebel Rebel lavender rasas Created by Al Haramain Perfumes Hyderabad.,"3 ml, 6 ml, 12 ml",100,400,INR,true,https://alharamainperfumes.in/product/rebel-loose-attar-fragrance/,https://alharamainperfumes.in/wp-content/uploads/2025/09/WhatsApp-Image-2025-11-08-at-10.13.31-PM.jpeg,false
Valaya (Perfume),Clone Perfumes,,Valaya Valaya Created by Al Haramain Perfumes Hyderabad.,"10 ml, 25 ml, 50 ml, 100ml",200,1500,INR,true,https://alharamainperfumes.in/product/valaya-loose-perfume-by-fragrance/,https://alharamainperfumes.in/wp-content/uploads/2021/04/IMG_5374-scaled.jpg,false
Valaya (Attar),"Clone Attar, French Attar",,Valaya Valaya Created by Al Haramain Perfumes Hyderabad.,"3 ml, 6 ml, 12 ml",150,600,INR,true,https://alharamainperfumes.in/product/valaya-loose-attar-fragrance/,https://alharamainperfumes.in/wp-content/uploads/2025/09/WhatsApp-Image-2025-11-08-at-10.13.31-PM.jpeg,false
Oud lavender rasas (Perfume),"Clone Perfumes, Indian",,Oud lavender rasas Oud lavender rasas Created by Al Haramain Perfumes Hyderabad.,"10 ml, 25 ml, 50 ml, 100ml",100,800,INR,true,https://alharamainperfumes.in/product/oud-lavender-rasas-loose-perfume-fragrance/,https://alharamainperfumes.in/wp-content/uploads/2021/04/IMG_5374-scaled.jpg,false
Oud lavender Rasasi (Attar),"Clone Attar, French Attar",,Oud lavender rasas Oud lavender rasas Created by Al Haramain Perfumes Hyderabad.,"3 ml, 6 ml, 12 ml",100,400,INR,true,https://alharamainperfumes.in/product/oud-lavender-rasas-loose-attar-fragrance/,https://alharamainperfumes.in/wp-content/uploads/2025/09/WhatsApp-Image-2025-11-08-at-10.13.31-PM.jpeg,false
Sedley (Attar),"Clone Attar, French Attar",,Sedley Sedley Created by Al Haramain Perfumes Hyderabad.,"3 ml, 6 ml, 12 ml",150,600,INR,true,https://alharamainperfumes.in/product/sedley-loose-attar-fragrance-2/,https://alharamainperfumes.in/wp-content/uploads/2025/09/WhatsApp-Image-2025-11-08-at-10.13.31-PM.jpeg,false
Berry black super (Perfume),"Clone Perfumes, French",,Created by Al Haramain Perfumes Hyderabad,"10 ml, 25 ml, 50 ml, 100ml",150,1200,INR,true,https://alharamainperfumes.in/product/berry-black-super-loose-perfume-by-fragrance/,https://alharamainperfumes.in/wp-content/uploads/2021/04/IMG_5374-scaled.jpg,false
Percival (Perfume),"Clone Perfumes, French",,Percival Percival Created by Al Haramain Perfumes Hyderabad.,"10 ml, 25 ml, 50 ml, 100ml",150,1200,INR,true,https://alharamainperfumes.in/product/percival-loose-perfume-by-fragrance/,https://alharamainperfumes.in/wp-content/uploads/2021/04/IMG_5374-scaled.jpg,false
Berry black super (Attar),"Arabic Attar, Clone Attar",,Created by Al Haramain Perfumes Hyderabad,"3 ml, 6 ml, 12 ml",150,600,INR,true,https://alharamainperfumes.in/product/berry-black-super-loose-attar-fragrance/,https://alharamainperfumes.in/wp-content/uploads/2025/09/WhatsApp-Image-2025-11-08-at-10.13.31-PM.jpeg,false
Sedley (Perfume),Clone Perfumes,,Sedley Sedley Created by Al Haramain Perfumes Hyderabad.,"10 ml, 25 ml, 50 ml, 100ml",200,1500,INR,true,https://alharamainperfumes.in/product/sedley-loose-perfume-by-fragrance/,https://alharamainperfumes.in/wp-content/uploads/2021/04/IMG_5374-scaled.jpg,false
Percival (Attar),"Clone Attar, French Attar",,Percival Percival Created by Al Haramain Perfumes Hyderabad.,"3 ml, 6 ml, 12 ml",150,600,INR,true,https://alharamainperfumes.in/product/sedley-loose-attar-fragrance/,https://alharamainperfumes.in/wp-content/uploads/2025/09/WhatsApp-Image-2025-11-08-at-10.13.31-PM.jpeg,false
This is her dream (Perfume),"Clone Perfumes, French",,This is her dream This is her dream perfume Created by Al Haramain Perfumes Hyderabad.,"10 ml, 25 ml, 50 ml, 100ml",100,800,INR,true,https://alharamainperfumes.in/product/this-is-her-dream-loose-perfume-fragrance/,https://alharamainperfumes.in/wp-content/uploads/2021/04/IMG_5374-scaled.jpg,false
This is her dream (Attar),"Clone Attar, French Attar",,This is her dream This is her dream. Created by Al Haramain Perfumes Hyderabad.,"3 ml, 6 ml, 12 ml",100,400,INR,true,https://alharamainperfumes.in/product/this-is-her-dream-attarloose-attar-fragrance-2/,https://alharamainperfumes.in/wp-content/uploads/2025/09/WhatsApp-Image-2025-11-08-at-10.13.31-PM.jpeg,false
Happy cliniq pour fem (Perfume),"Clone Perfumes, French",,Happy cliniq pour fem Happy cliniq pour fem Created by Al Haramain Perfumes Hyderabad.,"10 ml, 25 ml, 50 ml, 100ml",150,1200,INR,false,https://alharamainperfumes.in/product/happy-cliniq-pour-fem-loose-perfume-by-fragrance/,https://alharamainperfumes.in/wp-content/uploads/2021/04/IMG_5374-scaled.jpg,false
Happy cliniq pour fem (Attar),"Clone Attar, French Attar",,Happy cliniq pour fem Happy cliniq pour fem Created by Al Haramain Perfumes Hyderabad.,"3 ml, 6 ml, 12 ml",100,400,INR,false,https://alharamainperfumes.in/product/happy-cliniq-pour-fem-loose-attar-fragrance/,https://alharamainperfumes.in/wp-content/uploads/2025/09/WhatsApp-Image-2025-11-08-at-10.13.31-PM.jpeg,false
V. Uomo Coral fantasy born in R (Perfume),Clone Perfumes,,Coral fantasy born in R Coral fantasy born in R Created by Al Haramain Perfumes Hyderabad.,"10 ml, 25 ml, 50 ml, 100ml",200,1500,INR,true,https://alharamainperfumes.in/product/coral-fantasy-born-in-r-loose-perfume-by-fragrance/,https://alharamainperfumes.in/wp-content/uploads/2021/04/IMG_5374-scaled.jpg,false
V. Uomo Coral fantasy born in R (Attar),"Arabic Attar, Clone Attar",,Coral fantasy born in R Coral fantasy born in R Created by Al Haramain Perfumes Hyderabad.,"3 ml, 6 ml, 12 ml",150,600,INR,true,https://alharamainperfumes.in/product/coral-fantasy-born-in-r-loose-attar-fragrance/,https://alharamainperfumes.in/wp-content/uploads/2025/09/WhatsApp-Image-2025-11-08-at-10.13.31-PM.jpeg,false
Hibiscus mahaja (Attar),"Arabic Attar, Clone Attar, Premium Attars",,"Hibiscus mahaja Hibiscus mahaja inspired fragrance Attar, Created by Al Haramain Perfumes Hyderabad.","3 ml, 6 ml, 12 ml",250,1000,INR,true,https://alharamainperfumes.in/product/hibiscus-mahaja-loose-attar-fragrance/,https://alharamainperfumes.in/wp-content/uploads/2025/09/WhatsApp-Image-2025-11-08-at-10.13.31-PM.jpeg,false
Hibiscus mahaja (Perfume),Clone Perfumes,,Hibiscus mahaja Hibiscus mahaja Created by Al Haramain Perfumes Hyderabad.,"10 ml, 25 ml, 50 ml, 100ml",300,2500,INR,true,https://alharamainperfumes.in/product/hibiscus-mahaja-loose-perfume-fragrance/,https://alharamainperfumes.in/wp-content/uploads/2025/12/Gemini_Generated_Image_lfqffylfqffylfqf-1.png,false
1212 pack,30 ML Series,,Created by Al Haramain Perfumes Hyderabad,,300,300,INR,true,https://alharamainperfumes.in/product/12-12-pack/,https://alharamainperfumes.in/wp-content/uploads/2025/05/21baeebc-aff1-4277-84e5-af2343fad0c1.jpeg,false
Kaaf (Perfume),"Clone Perfumes, French",,Kaaf Kaaf Created by Al Haramain Perfumes Hyderabad.,"10 ml, 25 ml, 50 ml, 100ml",100,800,INR,true,https://alharamainperfumes.in/product/kaaf-loose-perfume-fragrance/,https://alharamainperfumes.in/wp-content/uploads/2021/04/IMG_5374-scaled.jpg,false
Kaaf (Attar),"Clone Attar, French Attar",,Kaaf Kaaf Created by Al Haramain Perfumes Hyderabad.,"3 ml, 6 ml, 12 ml",100,400,INR,true,https://alharamainperfumes.in/product/kaaf-loose-attar-fragrance/,https://alharamainperfumes.in/wp-content/uploads/2025/09/WhatsApp-Image-2025-11-08-at-10.13.31-PM.jpeg,false
African leather body perfume 20gm,,,Created by Al Haramain Perfumes Hyderabad,,200,200,INR,false,https://alharamainperfumes.in/product/african-leather-body-perfume-20gm/,https://alharamainperfumes.in/wp-content/uploads/2025/05/27f074a4-7ab1-41de-ae8c-ad41142d50ce.jpeg,false
Imperial valley body perfume 20gm,,,,,200,200,INR,true,https://alharamainperfumes.in/product/imperial-valley-body-perfume-20gm/,https://alharamainperfumes.in/wp-content/uploads/2025/05/27f074a4-7ab1-41de-ae8c-ad41142d50ce.jpeg,false
Ameer al Oud body perfume 20gm,,,Created by Al Haramain Perfumes Hyderabad,,200,200,INR,true,https://alharamainperfumes.in/product/ameer-al-oud-body-perfume-20gm/,https://alharamainperfumes.in/wp-content/uploads/2025/05/27f074a4-7ab1-41de-ae8c-ad41142d50ce.jpeg,false
Khamra body perfume 20gm,,,,,200,200,INR,true,https://alharamainperfumes.in/product/khamra-body-perfume-20gm/,https://alharamainperfumes.in/wp-content/uploads/2025/05/27f074a4-7ab1-41de-ae8c-ad41142d50ce.jpeg,false
Akoya super (Perfume ),Clone Perfumes,,Created by Al Haramain Perfumes Hyderabad,"10 ml, 25 ml, 50 ml, 100ml",200,1500,INR,true,https://alharamainperfumes.in/product/akoya-super-loose-perfume-by-fragrance/,https://alharamainperfumes.in/wp-content/uploads/2021/04/IMG_5374-scaled.jpg,false
Akoya super (Attar),"Arabic Attar, Clone Attar",,Created by Al Haramain Perfumes Hyderabad,"3 ml, 6 ml, 12 ml",150,600,INR,true,https://alharamainperfumes.in/product/akoya-super-loose-attar-fragrance/,https://alharamainperfumes.in/wp-content/uploads/2025/09/WhatsApp-Image-2025-11-08-at-10.13.31-PM.jpeg,false
Akoya (Perfume),"Clone Perfumes, French",,Created by Al Haramain Perfumes Hyderabad,"10 ml, 25 ml, 50 ml, 100ml",100,800,INR,false,https://alharamainperfumes.in/product/akoya-loose-perfume-fragrance/,https://alharamainperfumes.in/wp-content/uploads/2021/04/IMG_5374-scaled.jpg,false
Akoya (Attar),"Clone Attar, French Attar",,Created by Al Haramain Perfumes Hyderabad,"3 ml, 6 ml, 12 ml",100,400,INR,false,https://alharamainperfumes.in/product/akoya-loose-attar-fragrance/,https://alharamainperfumes.in/wp-content/uploads/2025/09/WhatsApp-Image-2025-11-08-at-10.13.31-PM.jpeg,false
Oud for happiness (Perfume ),"Clone Perfumes, French",,Oud for happiness Oud for happiness Created by Al Haramain Perfumes Hyderabad.,"10 ml, 25 ml, 50 ml, 100ml",100,800,INR,true,https://alharamainperfumes.in/product/oud-for-happiness-loose-perfume-fragrance/,https://alharamainperfumes.in/wp-content/uploads/2021/04/IMG_5374-scaled.jpg,false
Oud for happiness (Attar),"Clone Attar, French Attar",,Oud for happiness Oud for happiness Created by Al Haramain Perfumes Hyderabad.,"3 ml, 6 ml, 12 ml",100,400,INR,true,https://alharamainperfumes.in/product/oud-for-happiness-loose-attar-fragrance/,https://alharamainperfumes.in/wp-content/uploads/2025/09/WhatsApp-Image-2025-11-08-at-10.13.31-PM.jpeg,false
God of fire (Perfume),Clone Perfumes,,God of fire God of fire Created by Al Haramain Perfumes Hyderabad.,"10 ml, 25 ml, 50 ml, 100ml",150,1200,INR,true,https://alharamainperfumes.in/product/god-of-fire-loose-perfume-by-fragrance/,https://alharamainperfumes.in/wp-content/uploads/2021/04/IMG_5374-scaled.jpg,false
God of fire (Attar),"Arabic Attar, Clone Attar",,God of fire God of fire Created by Al Haramain Perfumes Hyderabad.,"3 ml, 6 ml, 12 ml",100,400,INR,true,https://alharamainperfumes.in/product/god-of-fire-loose-attar-fragrance/,https://alharamainperfumes.in/wp-content/uploads/2025/09/WhatsApp-Image-2025-11-08-at-10.13.31-PM.jpeg,false
Philosykos (Perfume),"Clone Perfumes, French",,Philosykos Philosykos Created by Al Haramain Perfumes Hyderabad.,"10 ml, 25 ml, 50 ml, 100ml",150,1200,INR,true,https://alharamainperfumes.in/product/philosykos-loose-perfume-by-fragrance/,https://alharamainperfumes.in/wp-content/uploads/2021/04/IMG_5374-scaled.jpg,false
Philosykos (Attar),"Arabic Attar, Clone Attar",,Philosykos Philosykos Created by Al Haramain Perfumes Hyderabad.,"3 ml, 6 ml, 12 ml",150,600,INR,true,https://alharamainperfumes.in/product/philosykos-loose-attar-fragrance/,https://alharamainperfumes.in/wp-content/uploads/2025/09/WhatsApp-Image-2025-11-08-at-10.13.31-PM.jpeg,false
Ilio (Perfume),Clone Perfumes,,Ilio Ilio Created by Al Haramain Perfumes Hyderabad.,"10 ml, 25 ml, 50 ml, 100ml",300,2500,INR,true,https://alharamainperfumes.in/product/ilio-loose-perfume-fragrance/,https://alharamainperfumes.in/wp-content/uploads/2021/04/IMG_5374-scaled.jpg,false
Ilio (Attar),"Arabic Attar, Clone Attar, Premium Attars",,"Ilio super Ilio inspired fragrance Attar, Created by Al Haramain Perfumes Hyderabad.","3 ml, 6 ml, 12 ml",250,1000,INR,true,https://alharamainperfumes.in/product/ilio-loose-attar-fragrance/,https://alharamainperfumes.in/wp-content/uploads/2025/09/WhatsApp-Image-2025-11-08-at-10.13.31-PM.jpeg,false
9 am(Perfume),Clone Perfumes,,Created by Al Haramain Perfumes Hyderabad,"10 ml, 25 ml, 50 ml, 100ml",200,1500,INR,true,https://alharamainperfumes.in/product/9-amloose-perfume-by-fragrance/,https://alharamainperfumes.in/wp-content/uploads/2021/04/IMG_5374-scaled.jpg,false
9 am (Attar),"Arabic Attar, Clone Attar",,Created by Al Haramain Perfumes Hyderabad,"3 ml, 6 ml, 12 ml",150,600,INR,true,https://alharamainperfumes.in/product/9-am-loose-attar-fragrance/,https://alharamainperfumes.in/wp-content/uploads/2025/09/WhatsApp-Image-2025-11-08-at-10.13.31-PM.jpeg,false
Un jardin herme (Perfume),"Clone Perfumes, French, French Perfumes",,Un jardin herme Un jardin herme Created by Al Haramain Perfumes Hyderabad.,"10 ml, 25 ml, 50 ml, 100ml",100,800,INR,true,https://alharamainperfumes.in/product/un-jardin-herme-loose-perfume-fragrance/,https://alharamainperfumes.in/wp-content/uploads/2021/04/IMG_5374-scaled.jpg,true
Un jardin herme (Attar),"Clone Attar, French Attar, French Attars",,Un jardin herme Un jardin herme Created by Al Haramain Perfumes Hyderabad.,"3 ml, 6 ml, 12 ml",100,400,INR,true,https://alharamainperfumes.in/product/un-jardin-herme-loose-attar-fragrance/,https://alharamainperfumes.in/wp-content/uploads/2025/09/WhatsApp-Image-2025-11-08-at-10.13.31-PM.jpeg,true
Fantasm (Perfume),"Clone Perfumes, French",,Fantasm Fantasm Created by Al Haramain Perfumes Hyderabad.,"10 ml, 25 ml, 50 ml, 100ml",150,1200,INR,true,https://alharamainperfumes.in/product/fantasm-loose-perfume-by-fragrance/,https://alharamainperfumes.in/wp-content/uploads/2021/04/IMG_5374-scaled.jpg,false
Fantasm (Attar),"Clone Attar, French Attar",,Fantasm Fantasm Created by Al Haramain Perfumes Hyderabad.,"3 ml, 6 ml, 12 ml",100,400,INR,true,https://alharamainperfumes.in/product/fantasm-loose-attar-fragrance/,https://alharamainperfumes.in/wp-content/uploads/2025/09/WhatsApp-Image-2025-11-08-at-10.13.31-PM.jpeg,false
Goddess mug (Perfume),"Clone Perfumes, French",,Goddess mug Goddess mug Created by Al Haramain Perfumes Hyderabad.,"10 ml, 25 ml, 50 ml, 100ml",100,800,INR,true,https://alharamainperfumes.in/product/goddess-mug-loose-perfume-fragrance/,https://alharamainperfumes.in/wp-content/uploads/2021/04/IMG_5374-scaled.jpg,false
Goddess mug (Attar),"Clone Attar, French Attar, Premium Attars",,Goddess mug Goddess mug Created by Al Haramain Perfumes Hyderabad.,"3 ml, 6 ml, 12 ml",100,400,INR,true,https://alharamainperfumes.in/product/goddess-mug-loose-attar-fragrance/,https://alharamainperfumes.in/wp-content/uploads/2025/09/WhatsApp-Image-2025-11-08-at-10.13.31-PM.jpeg,false
Imagination eco (Perfume),"Clone Perfumes, French, French Perfumes",,Imagination eco Imagination eco Created by Al Haramain Perfumes Hyderabad.,"10 ml, 25 ml, 50 ml, 100ml",100,800,INR,true,https://alharamainperfumes.in/product/imagination-eco-loose-perfume-fragrance/,https://alharamainperfumes.in/wp-content/uploads/2021/04/IMG_5374-scaled.jpg,true
Imagination eco (Attar),"Clone Attar, French Attar, French Attars",,Imagination eco Imagination eco Created by Al Haramain Perfumes Hyderabad.,"3 ml, 6 ml, 12 ml",100,400,INR,true,https://alharamainperfumes.in/product/imagination-eco-loose-attar-fragrance/,https://alharamainperfumes.in/wp-content/uploads/2025/09/WhatsApp-Image-2025-11-08-at-10.13.31-PM.jpeg,true
Babycat super (Perfume),Clone Perfumes,,Created by Al Haramain Perfumes Hyderabad,"10 ml, 25 ml, 50 ml, 100ml",300,2500,INR,true,https://alharamainperfumes.in/product/babycat-super-loose-perfume-fragrance/,https://alharamainperfumes.in/wp-content/uploads/2021/04/IMG_5374-scaled.jpg,false
Babycat super (Attar),"Arabic Attar, Clone Attar, Premium Attars",,Created by Al Haramain Perfumes Hyderabad,"3 ml, 6 ml, 12 ml",250,1000,INR,true,https://alharamainperfumes.in/product/babycat-super-loose-attar-fragrance/,https://alharamainperfumes.in/wp-content/uploads/2025/09/WhatsApp-Image-2025-11-08-at-10.13.31-PM.jpeg,false
Babycat (Perfume),"Clone Perfumes, French",,Created by Al Haramain Perfumes Hyderabad,"10 ml, 25 ml, 50 ml, 100ml",150,1200,INR,true,https://alharamainperfumes.in/product/babycat-loose-perfume-by-fragrance/,https://alharamainperfumes.in/wp-content/uploads/2021/04/IMG_5374-scaled.jpg,false
Babycat (Attar),"Clone Attar, French Attar, Premium Attars",,Created by Al Haramain Perfumes Hyderabad,"3 ml, 6 ml, 12 ml",100,400,INR,true,https://alharamainperfumes.in/product/babycat-loose-attar-fragrance/,https://alharamainperfumes.in/wp-content/uploads/2025/09/WhatsApp-Image-2025-11-08-at-10.13.31-PM.jpeg,false
Meteore super (Perfume),Clone Perfumes,,Meteore super Meteore super Created by Al Haramain Perfumes Hyderabad.,"10 ml, 25 ml, 50 ml, 100ml",300,2500,INR,true,https://alharamainperfumes.in/product/meteore-super-loose-perfume-fragrance/,https://alharamainperfumes.in/wp-content/uploads/2021/04/IMG_5374-scaled.jpg,false
Meteore super (Attar),"Arabic Attar, Clone Attar, Premium Attars",,"Meteore super Meteore super inspired fragrance Attar, Created by Al Haramain Perfumes Hyderabad.","3 ml, 6 ml, 12 ml",250,1000,INR,true,https://alharamainperfumes.in/product/meteore-super-loose-attar-fragrance/,https://alharamainperfumes.in/wp-content/uploads/2025/09/WhatsApp-Image-2025-11-08-at-10.13.31-PM.jpeg,false
Kunafa chocolate Dubai (Perfume),"Clone Perfumes, Indian",,Kunafa chocolate Dubai Kunafa chocolate Dubai Created by Al Haramain Perfumes Hyderabad.,"10 ml, 25 ml, 50 ml, 100ml",100,800,INR,true,https://alharamainperfumes.in/product/kunafa-chocolate-dubai-loose-perfume-fragrance/,https://alharamainperfumes.in/wp-content/uploads/2021/04/IMG_5374-scaled.jpg,false
Kunafa chocolate Dubai (Attar),"Clone Attar, Indian Attar, Premium Attars",,Kunafa chocolate Dubai Kunafa chocolate Dubai Created by Al Haramain Perfumes Hyderabad.,"3 ml, 6 ml, 12 ml",100,400,INR,true,https://alharamainperfumes.in/product/kunafa-chocolate-dubai-loose-attar-fragrance/,https://alharamainperfumes.in/wp-content/uploads/2025/09/WhatsApp-Image-2025-11-08-at-10.13.31-PM.jpeg,false
Erba pack,30 ML Series,,Erba 30 ml pure perfume series pack by alharamain perfumes,,300,300,INR,true,https://alharamainperfumes.in/product/erba-pack/,https://alharamainperfumes.in/wp-content/uploads/2025/04/8df418bd-e0d0-481c-942e-3a56378affa4-9.jpg,false
White musk pack,30 ML Series,,White musk 30 ml pure perfume series pack by alharamain perfumes,,300,300,INR,false,https://alharamainperfumes.in/product/white-musk-pack/,https://alharamainperfumes.in/wp-content/uploads/2025/04/8df418bd-e0d0-481c-942e-3a56378affa4-8.jpg,false
Savage pack,30 ML Series,,Savage 30 ml pure perfume series pack by alharamain perfumes,,300,300,INR,true,https://alharamainperfumes.in/product/savage-pack/,https://alharamainperfumes.in/wp-content/uploads/2025/04/8df418bd-e0d0-481c-942e-3a56378affa4-7.jpg,false
R7 pack,30 ML Series,,R7 30 ml pure perfume series pack by alharamain perfumes,,300,300,INR,false,https://alharamainperfumes.in/product/r7-pack/,https://alharamainperfumes.in/wp-content/uploads/2025/04/8df418bd-e0d0-481c-942e-3a56378affa4-6.jpg,false
Bombshell pack,30 ML Series,,Bombshell 30 ml pure perfume series pack by alharamain perfumes,,300,300,INR,true,https://alharamainperfumes.in/product/bombshell-pack/,https://alharamainperfumes.in/wp-content/uploads/2025/04/8df418bd-e0d0-481c-942e-3a56378affa4-5.jpg,false
Ultra blue pack,30 ML Series,,Ultra blue 30 ml pure perfume series pack by alharamain perfumes,,300,300,INR,true,https://alharamainperfumes.in/product/ultra-blue-pack/,https://alharamainperfumes.in/wp-content/uploads/2025/04/c287097f-4b08-48a8-ad42-95831a941352-4.jpg,false
Imperial valley pack,30 ML Series,,Imperial valley 30 ml pure perfume series pack by alharamain perfumes,,300,300,INR,true,https://alharamainperfumes.in/product/imperial-valley-pack/,https://alharamainperfumes.in/wp-content/uploads/2025/04/c287097f-4b08-48a8-ad42-95831a941352-3.jpg,false
Marj pack,30 ML Series,,Marj 30 ml pure perfume series pack by alharamain perfumes,,300,300,INR,true,https://alharamainperfumes.in/product/marj-pack/,https://alharamainperfumes.in/wp-content/uploads/2025/04/c287097f-4b08-48a8-ad42-95831a941352-2.jpg,false
Ameer al Oud pack,30 ML Series,,Created by Al Haramain Perfumes Hyderabad,,300,300,INR,true,https://alharamainperfumes.in/product/ameer-al-oud-pack/,https://alharamainperfumes.in/wp-content/uploads/2025/04/c287097f-4b08-48a8-ad42-95831a941352-1.jpg,false
Areej pack,30 ML Series,,Created by Al Haramain Perfumes Hyderabad,,300,300,INR,true,https://alharamainperfumes.in/product/areej-pack-2/,https://alharamainperfumes.in/wp-content/uploads/2025/04/6b6f0de3-32b1-43d9-bf9c-43dbc9587587.jpg,false
1000 wishes pack,30 ML Series,,Created by Al Haramain Perfumes Hyderabad,,300,300,INR,true,https://alharamainperfumes.in/product/areej-pack/,https://alharamainperfumes.in/wp-content/uploads/2025/04/c287097f-4b08-48a8-ad42-95831a941352.jpg,false
Yum pistachio (Perfume),"Clone Perfumes, Indian",,Yum pistachio Yum pistachio Created by Al Haramain Perfumes Hyderabad.,"10 ml, 25 ml, 50 ml, 100ml",100,800,INR,true,https://alharamainperfumes.in/product/yum-pistachio-loose-perfume-fragrance/,https://alharamainperfumes.in/wp-content/uploads/2021/04/IMG_5374-scaled.jpg,false
Yum pistachio (Attar),"Clone Attar, Indian Attar, Premium Attars",,Yum pistachio Yum pistachio Created by Al Haramain Perfumes Hyderabad.,"3 ml, 6 ml, 12 ml",100,400,INR,true,https://alharamainperfumes.in/product/yum-pistachio-loose-attar-fragrance/,https://alharamainperfumes.in/wp-content/uploads/2025/09/WhatsApp-Image-2025-11-08-at-10.13.31-PM.jpeg,false
Blue sapphire victorious (Perfume),"Clone Perfumes, Indian, Premium Perfumes",,"Blue sapphire victorious Inspired by Dahn Al Oudh Lujain by Ajm, Created by Al Haramain Perfumes Hyderabad.","10 ml, 25 ml, 50 ml, 100ml",800,7500,INR,true,https://alharamainperfumes.in/product/blue-sapphire-victorious-loose-perfume-fragrance/,https://alharamainperfumes.in/wp-content/uploads/2021/04/IMG_5374-scaled.jpg,false
Blue sapphire victorious (Attar),"Arabic Attar, Clone Attar, Premium Attars",,"Blue sapphire victorious Blue sapphire victorious Attar, Created by Al Haramain Perfumes Hyderabad.","3 ml, 6 ml, 12 ml",700,2500,INR,true,https://alharamainperfumes.in/product/blue-sapphire-victorious-loose-attar-fragrance/,https://alharamainperfumes.in/wp-content/uploads/2025/09/WhatsApp-Image-2025-11-08-at-10.13.31-PM.jpeg,false
Ventus absolu super (Perfume),"Clone Perfumes, French Perfumes",,Ventus absolu super Ventus absolu super Created by Al Haramain Perfumes Hyderabad.,"10 ml, 25 ml, 50 ml, 100ml",300,2500,INR,true,https://alharamainperfumes.in/product/ventus-absolu-super-loose-perfume-fragrance/,https://alharamainperfumes.in/wp-content/uploads/2021/04/IMG_5374-scaled.jpg,true
Ventus absolu super (Attar),"Arabic Attar, Clone Attar, French Attars, Premium Attars",,"Ventus absolu super Ventus absolu super inspired fragrance Attar, Created by Al Haramain Perfumes Hyderabad.","3 ml, 6 ml, 12 ml",250,1000,INR,true,https://alharamainperfumes.in/product/ventus-absolu-super-loose-attar-fragrance/,https://alharamainperfumes.in/wp-content/uploads/2025/09/WhatsApp-Image-2025-11-08-at-10.13.31-PM.jpeg,true
Artisan varvatos (Perfume),"Clone Perfumes, French",,Created by Al Haramain Perfumes Hyderabad,"10 ml, 25 ml, 50 ml, 100ml",100,800,INR,true,https://alharamainperfumes.in/product/artisan-varvatos-loose-perfume-fragrance/,https://alharamainperfumes.in/wp-content/uploads/2021/04/IMG_5374-scaled.jpg,false
Artisan varvatos (Attar),"Clone Attar, French Attar, Premium Attars",,Created by Al Haramain Perfumes Hyderabad,"3 ml, 6 ml, 12 ml",100,400,INR,true,https://alharamainperfumes.in/product/artisan-varvatos-loose-attar-fragrance/,https://alharamainperfumes.in/wp-content/uploads/2025/09/WhatsApp-Image-2025-11-08-at-10.13.31-PM.jpeg,false
Santal 33 (Perfume),Clone Perfumes,,Santal 33 Santal 33 Created by Al Haramain Perfumes Hyderabad.,"10 ml, 25 ml, 50 ml, 100ml",150,1200,INR,true,https://alharamainperfumes.in/product/santal-33-loose-perfume-by-fragrance/,https://alharamainperfumes.in/wp-content/uploads/2021/04/IMG_5374-scaled.jpg,false
Santal 33 (Attar),"Arabic Attar, Clone Attar",,Santal 33 Santal 33 Created by Al Haramain Perfumes Hyderabad.,"3 ml, 6 ml, 12 ml",150,600,INR,true,https://alharamainperfumes.in/product/santal-33-loose-attar-fragrance/,https://alharamainperfumes.in/wp-content/uploads/2025/09/WhatsApp-Image-2025-11-08-at-10.13.31-PM.jpeg,false
Barakah Ajm (Perfume),Clone Perfumes,,Created by Al Haramain Perfumes Hyderabad,"10 ml, 25 ml, 50 ml, 100ml",200,1500,INR,true,https://alharamainperfumes.in/product/barakah-ajm-loose-perfume-by-fragrance/,https://alharamainperfumes.in/wp-content/uploads/2021/04/IMG_5374-scaled.jpg,false
Barakah Ajm (Attar),"Arabic Attar, Clone Attar",,Created by Al Haramain Perfumes Hyderabad,"3 ml, 6 ml, 12 ml",150,600,INR,true,https://alharamainperfumes.in/product/barakah-ajm-loose-attar-fragrance/,https://alharamainperfumes.in/wp-content/uploads/2025/09/WhatsApp-Image-2025-11-08-at-10.13.31-PM.jpeg,false
Sweet strawberry car perfume (3 mL refillable bottle.),"Accessories, Car Freshener",,Use in car after removing the seal inside . Fragrance comes out of the porous material cap on top .,,50,50,INR,true,https://alharamainperfumes.in/product/sweet-strawberry-car-perfume-3-ml-refillable-bottle/,https://alharamainperfumes.in/wp-content/uploads/2025/03/WhatsApp-Image-2025-01-07-at-1.46.29-PM-6.jpeg,false
V canto (Perfume),"Clone Perfumes, French",,V canto V canto Created by Al Haramain Perfumes Hyderabad.,"10 ml, 25 ml, 50 ml, 100ml",100,800,INR,false,https://alharamainperfumes.in/product/v-canto-loose-perfume-fragrance/,https://alharamainperfumes.in/wp-content/uploads/2021/04/IMG_5374-scaled.jpg,false
V canto (Attar),"Clone Attar, French Attar, Premium Attars",,V canto V canto Created by Al Haramain Perfumes Hyderabad.,"3 ml, 6 ml, 12 ml",100,400,INR,false,https://alharamainperfumes.in/product/v-canto-loose-attar-fragrance/,https://alharamainperfumes.in/wp-content/uploads/2025/09/WhatsApp-Image-2025-11-08-at-10.13.31-PM.jpeg,false
Egoiste platinum (Perfume),Clone Perfumes,,Egoiste platinum Egoiste platinum Created by Al Haramain Perfumes Hyderabad.,"10 ml, 25 ml, 50 ml, 100ml",150,1200,INR,false,https://alharamainperfumes.in/product/egoiste-platinum-loose-perfume-by-fragrance/,https://alharamainperfumes.in/wp-content/uploads/2021/04/IMG_5374-scaled.jpg,false
Egoiste platinum (Attar),"Arabic Attar, Clone Attar, Premium Attars",,Egoiste platinum Egoiste platinum Created by Al Haramain Perfumes Hyderabad.,"3 ml, 6 ml, 12 ml",100,400,INR,false,https://alharamainperfumes.in/product/egoiste-platinum-loose-attar-fragrance/,https://alharamainperfumes.in/wp-content/uploads/2025/09/WhatsApp-Image-2025-11-08-at-10.13.31-PM.jpeg,false
Eclaire lataf (Perfume),Clone Perfumes,,Eclaire lataf Eclaire lataf Created by Al Haramain Perfumes Hyderabad.,"10 ml, 25 ml, 50 ml, 100ml",100,800,INR,true,https://alharamainperfumes.in/product/eclaire-lataf-loose-perfume-fragrance/,https://alharamainperfumes.in/wp-content/uploads/2021/04/IMG_5374-scaled.jpg,false
Eclaire lataf (Attar),"Arabic Attar, Clone Attar, Premium Attars",,Eclaire lataf Eclaire lataf Created by Al Haramain Perfumes Hyderabad.,"3 ml, 6 ml, 12 ml",100,400,INR,true,https://alharamainperfumes.in/product/eclaire-lataf-loose-attar-fragrance/,https://alharamainperfumes.in/wp-content/uploads/2025/09/WhatsApp-Image-2025-11-08-at-10.13.31-PM.jpeg,false
Madawi gold (Perfume),"Arabic Perfumes, Clone Perfumes",,"Madawi gold Madawi gold, Created by Al Haramain Perfumes Hyderabad.","10 ml, 25 ml, 50 ml, 100ml",300,2500,INR,true,https://alharamainperfumes.in/product/madawi-gold-loose-perfume-fragrance/,https://alharamainperfumes.in/wp-content/uploads/2021/04/IMG_5374-scaled.jpg,true
Madawi gold (Attar),"Arabic Attar, Clone Attar, French Attars, Premium Attars",,"Madawi gold Madawi gold inspired fragrance Attar, Created by Al Haramain Perfumes Hyderabad.","3 ml, 6 ml, 12 ml",250,1000,INR,true,https://alharamainperfumes.in/product/madawi-gold-loose-attar-fragrance/,https://alharamainperfumes.in/wp-content/uploads/2025/09/WhatsApp-Image-2025-11-08-at-10.13.31-PM.jpeg,true
Meydan spirit of Dubai (Perfume),Clone Perfumes,,Meydan spirit of Dubai Meydan spirit of Dubai Created by Al Haramain Perfumes Hyderabad.,"10 ml, 25 ml, 50 ml, 100ml",150,1200,INR,true,https://alharamainperfumes.in/product/meydan-spirit-of-dubai-loose-perfume-by-fragrance/,https://alharamainperfumes.in/wp-content/uploads/2021/04/IMG_5374-scaled.jpg,false
Meydan spirit of Dubai (Attar),"Arabic Attar, Clone Attar, Premium Attars",,Meydan spirit of Dubai Meydan spirit of Dubai Created by Al Haramain Perfumes Hyderabad.,"3 ml, 6 ml, 12 ml",100,400,INR,true,https://alharamainperfumes.in/product/meydan-spirit-of-dubai-loose-attar-fragrance/,https://alharamainperfumes.in/wp-content/uploads/2025/09/WhatsApp-Image-2025-11-08-at-10.13.31-PM.jpeg,false
Wild fruits mancer (Perfume),"Clone Perfumes, French",,Wild fruits mancer Wild fruits mancer Created by Al Haramain Perfumes Hyderabad.,"10 ml, 25 ml, 50 ml, 100ml",100,800,INR,true,https://alharamainperfumes.in/product/wild-fruits-mancer-loose-perfume-fragrance/,https://alharamainperfumes.in/wp-content/uploads/2021/04/IMG_5374-scaled.jpg,false
Wild fruits mancer (Attar),"Clone Attar, French Attar, Premium Attars",,Wild fruits mancer Wild fruits mancer Created by Al Haramain Perfumes Hyderabad.,"3 ml, 6 ml, 12 ml",100,400,INR,true,https://alharamainperfumes.in/product/wild-fruits-mancer-loose-attar-fragrance/,https://alharamainperfumes.in/wp-content/uploads/2025/09/WhatsApp-Image-2025-11-08-at-10.13.31-PM.jpeg,false
Musky garden (Perfume),Clone Perfumes,,Musky garden Musky garden Created by Al Haramain Perfumes Hyderabad.,"10 ml, 25 ml, 50 ml, 100ml",100,800,INR,true,https://alharamainperfumes.in/product/musky-garden-loose-perfume-fragrance/,https://alharamainperfumes.in/wp-content/uploads/2021/04/IMG_5374-scaled.jpg,false
Musky garden (Attar),"Arabic Attar, Clone Attar, Premium Attars",,Musky garden Musky garden Created by Al Haramain Perfumes Hyderabad.,"3 ml, 6 ml, 12 ml",100,400,INR,true,https://alharamainperfumes.in/product/musky-garden-loose-attar-fragrance/,https://alharamainperfumes.in/wp-content/uploads/2025/09/WhatsApp-Image-2025-11-08-at-10.13.31-PM.jpeg,false
Million gold intense (Perfume),Clone Perfumes,,Million gold intense Million gold intense Created by Al Haramain Perfumes Hyderabad.,"10 ml, 25 ml, 50 ml, 100ml",200,1500,INR,true,https://alharamainperfumes.in/product/million-gold-intense-loose-perfume-by-fragrance/,https://alharamainperfumes.in/wp-content/uploads/2021/04/IMG_5374-scaled.jpg,false
Million gold intense (Attar),"Arabic Attar, Clone Attar",,Million gold intense Million gold intense Created by Al Haramain Perfumes Hyderabad.,"3 ml, 6 ml, 12 ml",150,600,INR,true,https://alharamainperfumes.in/product/million-gold-intense-loose-attar-fragrance/,https://alharamainperfumes.in/wp-content/uploads/2025/09/WhatsApp-Image-2025-11-08-at-10.13.31-PM.jpeg,false
5 Attar combo offer box Premium (Arabic),"12ml, Gift Sets",,Created by Al Haramain Perfumes Hyderabad,,2400,2400,INR,true,https://alharamainperfumes.in/product/5-attar-combo-offer-box-premium-arabic/,https://alharamainperfumes.in/wp-content/uploads/2025/02/0ab65e97-2d69-41d7-8767-faf26a33dde8.jpeg,false
5 Attar combo offer box (Ladies),"12ml, Gift Sets, Women's",,Created by Al Haramain Perfumes Hyderabad,,1600,1600,INR,true,https://alharamainperfumes.in/product/5-attar-combo-offer-box-ladies/,https://alharamainperfumes.in/wp-content/uploads/2025/02/0ab65e97-2d69-41d7-8767-faf26a33dde8.jpeg,false
5 Attar combo offer box (French),"12ml, Gift Sets",,Created by Al Haramain Perfumes Hyderabad,,1600,1600,INR,true,https://alharamainperfumes.in/product/5-attar-combo-offer-box-french/,https://alharamainperfumes.in/wp-content/uploads/2025/02/0ab65e97-2d69-41d7-8767-faf26a33dde8.jpeg,false
5 Attar combo offer box (Arabic),"12ml, Gift Sets",,Created by Al Haramain Perfumes Hyderabad,,1600,1600,INR,true,https://alharamainperfumes.in/product/5-attar-combo-offer-box-arabic/,https://alharamainperfumes.in/wp-content/uploads/2025/02/0ab65e97-2d69-41d7-8767-faf26a33dde8.jpeg,false
Fame intense (Perfume),"Clone Perfumes, French",,Fame intense Fame intense Created by Al Haramain Perfumes Hyderabad.,"10 ml, 25 ml, 50 ml, 100ml",100,800,INR,true,https://alharamainperfumes.in/product/fame-intense-loose-perfume-fragrance/,https://alharamainperfumes.in/wp-content/uploads/2021/04/IMG_5374-scaled.jpg,false
Fame intense (Attar),"Clone Attar, French Attar, Premium Attars",,Fame intense Fame intense ocean Created by Al Haramain Perfumes Hyderabad.,"3 ml, 6 ml, 12 ml",100,400,INR,true,https://alharamainperfumes.in/product/fame-intense-loose-attar-fragrance/,https://alharamainperfumes.in/wp-content/uploads/2025/09/WhatsApp-Image-2025-11-08-at-10.13.31-PM.jpeg,false
My bberry black (Perfume),"Clone Perfumes, French",,My bberry black My bberry black Created by Al Haramain Perfumes Hyderabad.,"10 ml, 25 ml, 50 ml, 100ml",100,800,INR,true,https://alharamainperfumes.in/product/my-bberry-black-loose-perfume-fragrance/,https://alharamainperfumes.in/wp-content/uploads/2021/04/IMG_5374-scaled.jpg,false
My bberry black (Attar),"Clone Attar, French Attar, Premium Attars",,My bberry black My bberry black Created by Al Haramain Perfumes Hyderabad.,"3 ml, 6 ml, 12 ml",100,400,INR,true,https://alharamainperfumes.in/product/my-bberry-black-loose-attar-fragrance/,https://alharamainperfumes.in/wp-content/uploads/2025/09/WhatsApp-Image-2025-11-08-at-10.13.31-PM.jpeg,false
Luna rossa ocean (Attar),"Clone Attar, French Attar, Premium Attars",,Luna rossa ocean Luna rossa ocean Created by Al Haramain Perfumes Hyderabad.,"3 ml, 6 ml, 12 ml",100,400,INR,true,https://alharamainperfumes.in/product/luna-rossa-ocean-loose-attar-fragrance/,https://alharamainperfumes.in/wp-content/uploads/2025/09/WhatsApp-Image-2025-11-08-at-10.13.31-PM.jpeg,false
Luna rossa ocean (Perfume),"Clone Perfumes, French",,Luna rossa ocean Luna rossa ocean Created by Al Haramain Perfumes Hyderabad.,"10 ml, 25 ml, 50 ml, 100ml",100,800,INR,true,https://alharamainperfumes.in/product/luna-rossa-ocean-loose-perfume-fragrance/,https://alharamainperfumes.in/wp-content/uploads/2021/04/IMG_5374-scaled.jpg,false
La Vie Est Belle Iris (Perfume),"Clone Perfumes, French",,La Vie Est Belle Iris La Vie Est Belle Iris Created by Al Haramain Perfumes Hyderabad.,"10 ml, 25 ml, 50 ml, 100ml",100,800,INR,true,https://alharamainperfumes.in/product/la-vie-est-belle-iris-loose-perfume-fragrance/,https://alharamainperfumes.in/wp-content/uploads/2021/04/IMG_5374-scaled.jpg,false
La Vie Est Belle Iris (Attar),"Clone Attar, French Attar, Premium Attars",,La Vie Est Belle Iris La Vie Est Belle Iris Created by Al Haramain Perfumes Hyderabad.,"3 ml, 6 ml, 12 ml",100,400,INR,true,https://alharamainperfumes.in/product/la-vie-est-belle-iris-loose-attar-fragrance/,https://alharamainperfumes.in/wp-content/uploads/2025/09/WhatsApp-Image-2025-11-08-at-10.13.31-PM.jpeg,false
Narcotic Delight (Perfume),"Clone Perfumes, French",,Narcotic Delight Narcotic Delight Created by Al Haramain Perfumes Hyderabad.,"10 ml, 25 ml, 50 ml, 100ml",100,800,INR,true,https://alharamainperfumes.in/product/narcotic-delight-loose-perfume-fragrance/,https://alharamainperfumes.in/wp-content/uploads/2021/04/IMG_5374-scaled.jpg,false
Narcotic Delight (Attar),"Clone Attar, French Attar, Premium Attars",,Narcotic Delight Narcotic Delight Created by Al Haramain Perfumes Hyderabad.,"3 ml, 6 ml, 12 ml",100,400,INR,true,https://alharamainperfumes.in/product/narcotic-delight-loose-attar-fragrance/,https://alharamainperfumes.in/wp-content/uploads/2025/09/WhatsApp-Image-2025-11-08-at-10.13.31-PM.jpeg,false
Magic jazeera (Perfume),Clone Perfumes,,Magic jazeera Magic jazeera Created by Al Haramain Perfumes Hyderabad.,"10 ml, 25 ml, 50 ml, 100ml",150,1200,INR,true,https://alharamainperfumes.in/product/magic-jazeera-loose-perfume-by-fragrance/,https://alharamainperfumes.in/wp-content/uploads/2021/04/IMG_5374-scaled.jpg,false
Magic jazeera (Attar),"Arabic Attar, Clone Attar, Premium Attars",,Magic jazeera Magic jazeera Created by Al Haramain Perfumes Hyderabad.,"3 ml, 6 ml, 12 ml",100,400,INR,true,https://alharamainperfumes.in/product/magic-jazeera-loose-attar-fragrance/,https://alharamainperfumes.in/wp-content/uploads/2025/09/WhatsApp-Image-2025-11-08-at-10.13.31-PM.jpeg,false
Kashmar (Attar),"Arabic Attar, Clone Attar, Premium Attars",,"Kashmar Kashmar inspired fragrance Attar, Created by Al Haramain Perfumes Hyderabad.","3 ml, 6 ml, 12 ml",250,1000,INR,true,https://alharamainperfumes.in/product/kashmar-loose-attar-fragrance/,https://alharamainperfumes.in/wp-content/uploads/2025/09/WhatsApp-Image-2025-11-08-at-10.13.31-PM.jpeg,false
Kashmar (Perfume),Clone Perfumes,,"Kashmar Kashmar, Created by Al Haramain Perfumes Hyderabad.","10 ml, 25 ml, 50 ml, 100ml",300,2500,INR,true,https://alharamainperfumes.in/product/kashmar-loose-perfume-fragrance/,https://alharamainperfumes.in/wp-content/uploads/2021/04/IMG_5374-scaled.jpg,false
Biscoff Oudh (Attar),"Arabic Attar, Clone Attar",,Biscoff Oudh Biscoff Oudh Created by Al Haramain Perfumes Hyderabad.,"3 ml, 6 ml, 12 ml",150,600,INR,true,https://alharamainperfumes.in/product/biscoff-oudh-loose-attar-fragrance/,https://alharamainperfumes.in/wp-content/uploads/2025/09/WhatsApp-Image-2025-11-08-at-10.13.31-PM.jpeg,false
Biscoff Oudh (Perfume),Clone Perfumes,,Biscoff Oudh Biscoff Oudh Created by Al Haramain Perfumes Hyderabad.,"10 ml, 25 ml, 50 ml, 100ml",150,1200,INR,true,https://alharamainperfumes.in/product/biscoff-oudh-loose-perfume-by-fragrance/,https://alharamainperfumes.in/wp-content/uploads/2021/04/IMG_5374-scaled.jpg,false
Ward al Zafran (Perfume),Clone Perfumes,,Ward al Zafran Ward al Zafran Created by Al Haramain Perfumes Hyderabad.,"10 ml, 25 ml, 50 ml, 100ml",150,1200,INR,true,https://alharamainperfumes.in/product/ward-al-zafran-loose-perfume-by-fragrance/,https://alharamainperfumes.in/wp-content/uploads/2021/04/IMG_5374-scaled.jpg,false
Ward al Zafran (Attar),"Arabic Attar, Clone Attar, Premium Attars",,Ward al Zafran Ward al Zafran Created by Al Haramain Perfumes Hyderabad.,"3 ml, 6 ml, 12 ml",150,600,INR,true,https://alharamainperfumes.in/product/ward-al-zafran-loose-attar-fragrance/,https://alharamainperfumes.in/wp-content/uploads/2025/09/WhatsApp-Image-2025-11-08-at-10.13.31-PM.jpeg,false
Khamra kahwa (Perfume),"Arabic Perfumes, Clone Perfumes",,Khamra kahwa Khamra kahwa Created by Al Haramain Perfumes Hyderabad.,"10 ml, 25 ml, 50 ml, 100ml",100,800,INR,true,https://alharamainperfumes.in/product/khamra-kahwa-loose-perfume-fragrance/,https://alharamainperfumes.in/wp-content/uploads/2021/04/IMG_5374-scaled.jpg,true
Khamra kahwa (Attar),"Arabic Attar, Arabic Attars, Clone Attar, Premium Attars",,Khamra kahwa Khamra kahwa Created by Al Haramain Perfumes Hyderabad.,"3 ml, 6 ml, 12 ml",100,400,INR,true,https://alharamainperfumes.in/product/khamra-kahwa-loose-attar-fragrance/,https://alharamainperfumes.in/wp-content/uploads/2025/09/WhatsApp-Image-2025-11-08-at-10.13.31-PM.jpeg,true
Centaurus cree (Perfume),"Clone Perfumes, French, French Perfumes",,"Centaurus cree Centaurus cree, Created by Al Haramain Perfumes Hyderabad.","10 ml, 25 ml, 50 ml, 100ml",300,2500,INR,false,https://alharamainperfumes.in/product/centaurus-cree-loose-perfume-fragrance/,https://alharamainperfumes.in/wp-content/uploads/2021/04/IMG_5374-scaled.jpg,true
Centaurus cree (Attar),"Clone Attar, French Attar, French Attars, Premium Attars",,"Centaurus cree Centaurus cree inspired fragrance Attar, Created by Al Haramain Perfumes Hyderabad.","3 ml, 6 ml, 12 ml",250,1000,INR,false,https://alharamainperfumes.in/product/centaurus-cree-loose-attar-fragrance/,https://alharamainperfumes.in/wp-content/uploads/2025/09/WhatsApp-Image-2025-11-08-at-10.13.31-PM.jpeg,true
Queen of Silk Cre (Perfume),"Clone Perfumes, French",,Queen of Silk Cre Queen of Silk Cre Created by Al Haramain Perfumes Hyderabad.,"10 ml, 25 ml, 50 ml, 100ml",100,800,INR,true,https://alharamainperfumes.in/product/queen-of-silk-cre-loose-perfume-fragrance/,https://alharamainperfumes.in/wp-content/uploads/2021/04/IMG_5374-scaled.jpg,false
Queen of Silk Cre (Attar),"Clone Attar, French Attar, Premium Attars",,Queen of Silk Cre Queen of Silk Cre Created by Al Haramain Perfumes Hyderabad.,"3 ml, 6 ml, 12 ml",100,400,INR,true,https://alharamainperfumes.in/product/queen-of-silk-cre-loose-attar-fragrance/,https://alharamainperfumes.in/wp-content/uploads/2025/09/WhatsApp-Image-2025-11-08-at-10.13.31-PM.jpeg,false
Aristrocrat ajm (Perfume),"Clone Perfumes, French Perfumes",,Created by Al Haramain Perfumes Hyderabad,"10 ml, 25 ml, 50 ml, 100ml",200,1500,INR,false,https://alharamainperfumes.in/product/aristrocrat-ajm-loose-perfume-by-fragrance/,https://alharamainperfumes.in/wp-content/uploads/2021/04/IMG_5374-scaled.jpg,true
Aristrocrat ajm (Attar),"Arabic Attar, Clone Attar, French Attars",,Created by Al Haramain Perfumes Hyderabad,"3 ml, 6 ml, 12 ml",150,600,INR,false,https://alharamainperfumes.in/product/aristrocrat-ajm-loose-attar-fragrance/,https://alharamainperfumes.in/wp-content/uploads/2025/09/WhatsApp-Image-2025-11-08-at-10.13.31-PM.jpeg,true
Incense wood super ajm (Perfume),"Clone Perfumes, Premium Perfumes",,Incense wood ajm Incense wood ajm Created by Al Haramain Perfumes Hyderabad.,"10 ml, 25 ml, 50 ml, 100ml",300,2500,INR,true,https://alharamainperfumes.in/product/incense-wood-ajm-loose-perfume-by-fragrance/,https://alharamainperfumes.in/wp-content/uploads/2025/12/Gemini_Generated_Image_lfqffylfqffylfqf-1.png,false
Incense wood super ajm (Attar),"Arabic Attar, Clone Attar, Premium Attars",,Incense wood ajm Incense wood ajm Created by Al Haramain Perfumes Hyderabad.,"3 ml, 6 ml, 12 ml",250,1000,INR,true,https://alharamainperfumes.in/product/incense-wood-ajm-loose-attar-fragrance/,https://alharamainperfumes.in/wp-content/uploads/2025/09/WhatsApp-Image-2025-11-08-at-10.13.31-PM.jpeg,false
Grand soir mf (Perfume),"Clone Perfumes, French, Premium Perfumes",,Grand soir mf Grand soir mf Created by Al Haramain Perfumes Hyderabad.,"10 ml, 25 ml, 50 ml, 100ml",200,1500,INR,true,https://alharamainperfumes.in/product/grand-soir-mf-loose-perfume-by-fragrance/,https://alharamainperfumes.in/wp-content/uploads/2021/04/IMG_5374-scaled.jpg,false
Grand soir mf (Attar),"Clone Attar, French Attar, Premium Attars",,Grand soir mf Grand soir mf Created by Al Haramain Perfumes Hyderabad.,"3 ml, 6 ml, 12 ml",150,600,INR,true,https://alharamainperfumes.in/product/grand-soir-mf-loose-attar-fragrance/,https://alharamainperfumes.in/wp-content/uploads/2025/09/WhatsApp-Image-2025-11-08-at-10.13.31-PM.jpeg,false
Amyris mf (Perfume),"Clone Perfumes, French",,Created by Al Haramain Perfumes Hyderabad,"10 ml, 25 ml, 50 ml, 100ml",150,1200,INR,false,https://alharamainperfumes.in/product/amyris-mf-loose-perfume-by-fragrance/,https://alharamainperfumes.in/wp-content/uploads/2021/04/IMG_5374-scaled.jpg,false
Amyris mf (Attar),"Arabic Attar, Clone Attar, Premium Attars",,Created by Al Haramain Perfumes Hyderabad,"3 ml, 6 ml, 12 ml",150,600,INR,false,https://alharamainperfumes.in/product/amyris-mf-loose-attar-fragrance/,https://alharamainperfumes.in/wp-content/uploads/2025/09/WhatsApp-Image-2025-11-08-at-10.13.31-PM.jpeg,false
Al thair (Perfume),"Clone Perfumes, Premium Perfumes",,Created by Al Haramain Perfumes Hyderabad,"10 ml, 25 ml, 50 ml, 100ml",200,1500,INR,true,https://alharamainperfumes.in/product/al-thair-loose-perfume-fragrance/,https://alharamainperfumes.in/wp-content/uploads/2021/04/IMG_5374-scaled.jpg,false
Al thair (Attar),"Arabic Attar, Clone Attar, Premium Attars",,Created by Al Haramain Perfumes Hyderabad,"3 ml, 6 ml, 12 ml",150,600,INR,true,https://alharamainperfumes.in/product/al-thair-loose-attar-fragrance/,https://alharamainperfumes.in/wp-content/uploads/2025/09/WhatsApp-Image-2025-11-08-at-10.13.31-PM.jpeg,false
Falkar (Perfume),"Clone Perfumes, Premium Perfumes",,Falkar Falkar Created by Al Haramain Perfumes Hyderabad.,"10 ml, 25 ml, 50 ml, 100ml",300,2500,INR,true,https://alharamainperfumes.in/product/falkar-loose-perfume-fragrance/,https://alharamainperfumes.in/wp-content/uploads/2021/04/IMG_5374-scaled.jpg,false
Falkar (Attar),"Arabic Attar, Clone Attar, Premium Attars",,Falkar Falkar Created by Al Haramain Perfumes Hyderabad.,"3 ml, 6 ml, 12 ml",250,1000,INR,true,https://alharamainperfumes.in/product/falkar-loose-attar-fragrance/,https://alharamainperfumes.in/wp-content/uploads/2025/09/WhatsApp-Image-2025-11-08-at-10.13.31-PM.jpeg,false
Oud maracuja (Attar),"Arabic Attar, Arabic Attars, Clone Attar, Premium Attars",,Oud maracuja Oud maracuja Created by Al Haramain Perfumes Hyderabad.,"3 ml, 6 ml, 12 ml",250,1000,INR,true,https://alharamainperfumes.in/product/oud-maracuja-loose-attar-fragrance/,https://alharamainperfumes.in/wp-content/uploads/2025/09/WhatsApp-Image-2025-11-08-at-10.13.31-PM.jpeg,true
Oud maracuja (Perfume),"Arabic Perfumes, Clone Perfumes, Premium Perfumes",,Oud maracuja Oud maracuja Created by Al Haramain Perfumes Hyderabad.,"10 ml, 25 ml, 50 ml, 100ml",300,2500,INR,true,https://alharamainperfumes.in/product/oud-maracuja-loose-perfume-fragrance/,https://alharamainperfumes.in/wp-content/uploads/2021/04/IMG_5374-scaled.jpg,true
Berry kiss vs (Attar),"Clone Attar, French Attar, Premium Attars",,Created by Al Haramain Perfumes Hyderabad,"3 ml, 6 ml, 12 ml",100,400,INR,true,https://alharamainperfumes.in/product/berry-kiss-vs-loose-attar-fragrance/,https://alharamainperfumes.in/wp-content/uploads/2025/09/WhatsApp-Image-2025-11-08-at-10.13.31-PM.jpeg,false
Berry kiss vs (Perfume),"Clone Perfumes, French",,Created by Al Haramain Perfumes Hyderabad,"10 ml, 25 ml, 50 ml, 100ml",100,800,INR,true,https://alharamainperfumes.in/product/berry-kiss-vs-loose-perfume-fragrance/,https://alharamainperfumes.in/wp-content/uploads/2021/04/IMG_5374-scaled.jpg,false
Molecule 01 and black tea (Perfume),"Clone Perfumes, French",,Molecule 01 and black tea Molecule 01 and black tea Created by Al Haramain Perfumes Hyderabad.,"10 ml, 25 ml, 50 ml, 100ml",100,800,INR,true,https://alharamainperfumes.in/product/molecule-01-and-black-tea-loose-perfume-fragrance/,https://alharamainperfumes.in/wp-content/uploads/2021/04/IMG_5374-scaled.jpg,false
Molecule 01 and black tea (Attar),"Clone Attar, French Attar, Premium Attars",,Molecule 01 and black tea Molecule 01 and black tea Created by Al Haramain Perfumes Hyderabad.,"3 ml, 6 ml, 12 ml",100,400,INR,true,https://alharamainperfumes.in/product/molecule-01-and-black-tea-loose-attar-fragrance/,https://alharamainperfumes.in/wp-content/uploads/2025/09/WhatsApp-Image-2025-11-08-at-10.13.31-PM.jpeg,false
More than words super Charminar pack,100ml,,More than words super Charminar pack 100 ml by alharamain perfumes,100 ml,4000,4000,INR,true,https://alharamainperfumes.in/product/more-than-words-super-charminar-pack/,https://alharamainperfumes.in/wp-content/uploads/2024/12/IMG_3537.jpg,false
Imagination super Charminar pack,100ml,,Imagination super Charminar pack 100 ml by alharamain perfumes,100 ml,4000,4000,INR,false,https://alharamainperfumes.in/product/imagination-super-charminar-pack/,https://alharamainperfumes.in/wp-content/uploads/2024/12/IMG_3537.jpg,false
The moon – Charminar pack,100ml,,The moon – Charminar pack 100 ml by alharamain perfumes,100 ml,3500,3500,INR,true,https://alharamainperfumes.in/product/the-moon-charminar-pack/,https://alharamainperfumes.in/wp-content/uploads/2024/12/IMG_3537.jpg,false
Charminar theme 100 ml,"100ml, Gift Sets",,Charminar theme 100 ml perfume bottle with gift box,,2500,7500,INR,true,https://alharamainperfumes.in/product/charminar-theme-100-ml/,https://alharamainperfumes.in/wp-content/uploads/2024/12/IMG_3537.jpg,false
Toy 2 bubble gum moschin (Perfume),"Clone Perfumes, French",,Toy 2 bubble gum moschin Toy 2 bubble gum moschin Created by Al Haramain Perfumes Hyderabad.,"10 ml, 25 ml, 50 ml, 100ml",100,800,INR,true,https://alharamainperfumes.in/product/toy-2-bubble-gum-moschin-loose-perfume-fragrance/,https://alharamainperfumes.in/wp-content/uploads/2021/04/IMG_5374-scaled.jpg,false
Toy 2 bubble gum moschin (Attar),"Clone Attar, French Attar, Premium Attars",,Toy 2 bubble gum moschin Toy 2 bubble gum moschin Created by Al Haramain Perfumes Hyderabad.,"3 ml, 6 ml, 12 ml",100,400,INR,true,https://alharamainperfumes.in/product/toy-2-bubble-gum-moschin-loose-attar-fragrance/,https://alharamainperfumes.in/wp-content/uploads/2025/09/WhatsApp-Image-2025-11-08-at-10.13.31-PM.jpeg,false
Miss lavern (Perfume),"Clone Perfumes, French, Premium Perfumes",,Miss lavern Miss lavern Created by Al Haramain Perfumes Hyderabad.,"10 ml, 25 ml, 50 ml, 100ml",200,1500,INR,false,https://alharamainperfumes.in/product/miss-lavern-loose-perfume-by-fragrance/,https://alharamainperfumes.in/wp-content/uploads/2021/04/IMG_5374-scaled.jpg,false
Miss lavern (Attar),"Arabic Attar, Clone Attar, Premium Attars",,Miss lavern Miss lavern Created by Al Haramain Perfumes Hyderabad.,"3 ml, 6 ml, 12 ml",150,600,INR,false,https://alharamainperfumes.in/product/miss-lavern-loose-attar-fragrance/,https://alharamainperfumes.in/wp-content/uploads/2025/09/WhatsApp-Image-2025-11-08-at-10.13.31-PM.jpeg,false
Amore caffe (Perfume),"Clone Perfumes, French",,Created by Al Haramain Perfumes Hyderabad,"10 ml, 25 ml, 50 ml, 100ml",100,800,INR,true,https://alharamainperfumes.in/product/amore-caffe-loose-perfume-fragrance/,https://alharamainperfumes.in/wp-content/uploads/2021/04/IMG_5374-scaled.jpg,false
Amore caffe (Attar),"Clone Attar, French Attar, Premium Attars",,Created by Al Haramain Perfumes Hyderabad,"3 ml, 6 ml, 12 ml",100,400,INR,true,https://alharamainperfumes.in/product/amore-caffe-loose-attar-fragrance/,https://alharamainperfumes.in/wp-content/uploads/2025/09/WhatsApp-Image-2025-11-08-at-10.13.31-PM.jpeg,false
Groove Escape Xerj (Perfume),"Clone Perfumes, French",,Groove Escape Xerj Groove Escape Xerj Created by Al Haramain Perfumes Hyderabad.,"10 ml, 25 ml, 50 ml, 100ml",100,800,INR,true,https://alharamainperfumes.in/product/groove-escape-xerj-loose-perfume-fragrance/,https://alharamainperfumes.in/wp-content/uploads/2021/04/IMG_5374-scaled.jpg,false
Groove Escape Xerj (Attar),"Clone Attar, French Attar, Premium Attars",,Groove Escape Xerj Groove Escape Xerj Created by Al Haramain Perfumes Hyderabad.,"3 ml, 6 ml, 12 ml",100,400,INR,true,https://alharamainperfumes.in/product/groove-escape-xerj/,https://alharamainperfumes.in/wp-content/uploads/2025/09/WhatsApp-Image-2025-11-08-at-10.13.31-PM.jpeg,false
ombre nomad eco (Perfume),"Clone Perfumes, French",,ombre nomad eco ombre nomad eco Created by Al Haramain Perfumes Hyderabad.,"10 ml, 25 ml, 50 ml, 100ml",100,800,INR,true,https://alharamainperfumes.in/product/ombre-nomad-eco-loose-perfume-fragrance/,https://alharamainperfumes.in/wp-content/uploads/2021/04/IMG_5374-scaled.jpg,false
ombre nomad eco (Attar),"Clone Attar, French Attar, Premium Attars",,ombre nomad eco ombre nomad eco Created by Al Haramain Perfumes Hyderabad.,"3 ml, 6 ml, 12 ml",100,400,INR,true,https://alharamainperfumes.in/product/ombre-nomad-eco-loose-attar-fragrance/,https://alharamainperfumes.in/wp-content/uploads/2025/09/WhatsApp-Image-2025-11-08-at-10.13.31-PM.jpeg,false
Signature absolute mb (Perfume),"Clone Perfumes, French",,Signature absolute mb Signature absolute mb Created by Al Haramain Perfumes Hyderabad.,"10 ml, 25 ml, 50 ml, 100ml",100,800,INR,true,https://alharamainperfumes.in/product/signature-absolute-mb-loose-perfume-fragrance/,https://alharamainperfumes.in/wp-content/uploads/2021/04/IMG_5374-scaled.jpg,false
Signature absolute mb (Attar),"Clone Attar, French Attar, Premium Attars",,Signature absolute mb Signature absolute mb Created by Al Haramain Perfumes Hyderabad.,"3 ml, 6 ml, 12 ml",100,400,INR,false,https://alharamainperfumes.in/product/signature-absolute-mb-loose-attar-fragrance/,https://alharamainperfumes.in/wp-content/uploads/2025/09/WhatsApp-Image-2025-11-08-at-10.13.31-PM.jpeg,false
Elixir elie saa (Perfume),"Clone Perfumes, French",,Elixir elie saa Elixir elie saa Created by Al Haramain Perfumes Hyderabad.,"10 ml, 25 ml, 50 ml, 100ml",100,800,INR,true,https://alharamainperfumes.in/product/elixir-elie-saa-loose-perfume-fragrance/,https://alharamainperfumes.in/wp-content/uploads/2021/04/IMG_5374-scaled.jpg,false
Elixir elie saa (Attar),"Clone Attar, French Attar, Premium Attars",,Elixir elie saa Elixir elie saa Created by Al Haramain Perfumes Hyderabad.,"3 ml, 6 ml, 12 ml",100,400,INR,false,https://alharamainperfumes.in/product/elixir-elie-saa-loose-attar-fragrance/,https://alharamainperfumes.in/wp-content/uploads/2025/09/WhatsApp-Image-2025-11-08-at-10.13.31-PM.jpeg,false
Miss Blooming Bouquet (Attar),"Clone Attar, French Attar, Premium Attars",,Miss Blooming Bouquet Miss Blooming Bouquet Created by Al Haramain Perfumes Hyderabad.,"3 ml, 6 ml, 12 ml",100,400,INR,true,https://alharamainperfumes.in/product/miss-blooming-bouquet-loose-attar-fragrance/,https://alharamainperfumes.in/wp-content/uploads/2025/09/WhatsApp-Image-2025-11-08-at-10.13.31-PM.jpeg,false
Miss Blooming Bouquet (Perfume),"Clone Perfumes, French",,Miss Blooming Bouquet Miss Blooming Bouquet Created by Al Haramain Perfumes Hyderabad.,"10 ml, 25 ml, 50 ml, 100ml",100,800,INR,true,https://alharamainperfumes.in/product/miss-blooming-bouquet-loose-perfume-fragrance/,https://alharamainperfumes.in/wp-content/uploads/2021/04/IMG_5374-scaled.jpg,false
Yara candy (Attar),"Clone Attar, French Attar, Premium Attars",,Yara candy Yara candy Created by Al Haramain Perfumes Hyderabad.,"3 ml, 6 ml, 12 ml",100,400,INR,true,https://alharamainperfumes.in/product/yara-candy-loose-attar-fragrance/,https://alharamainperfumes.in/wp-content/uploads/2025/09/WhatsApp-Image-2025-11-08-at-10.13.31-PM.jpeg,false
Yara candy (Perfume),"Clone Perfumes, French",,Yara candy Yara candy Created by Al Haramain Perfumes Hyderabad.,"10 ml, 25 ml, 50 ml, 100ml",100,800,INR,true,https://alharamainperfumes.in/product/yara-candy-loose-perfume-fragrance/,https://alharamainperfumes.in/wp-content/uploads/2021/04/IMG_5374-scaled.jpg,false
Pour Homme bvlg (Perfume),"Clone Perfumes, French, French Perfumes",,Pour Homme bvlg Pour Homme bvlg Created by Al Haramain Perfumes Hyderabad.,"10 ml, 25 ml, 50 ml, 100ml",100,800,INR,true,https://alharamainperfumes.in/product/pour-homme-bvlg-loose-perfume-fragrance/,https://alharamainperfumes.in/wp-content/uploads/2021/04/IMG_5374-scaled.jpg,true
Pour Homme bvlg (Attar),"Clone Attar, French Attar, French Attars, Premium Attars",,Pour Homme bvlg Pour Homme bvlg Created by Al Haramain Perfumes Hyderabad.,"3 ml, 6 ml, 12 ml",100,400,INR,true,https://alharamainperfumes.in/product/pour-homme-bvlg-loose-attar-fragrance/,https://alharamainperfumes.in/wp-content/uploads/2025/09/WhatsApp-Image-2025-11-08-at-10.13.31-PM.jpeg,true
One million Royal (Attar),"Arabic Attar, Clone Attar, Premium Attars",,One million Royal One million Royal Created by Al Haramain Perfumes Hyderabad.,"3 ml, 6 ml, 12 ml",150,600,INR,true,https://alharamainperfumes.in/product/one-million-royal-loose-attar-fragrance/,https://alharamainperfumes.in/wp-content/uploads/2025/09/WhatsApp-Image-2025-11-08-at-10.13.31-PM.jpeg,false
One million Royal (Perfume),"Clone Perfumes, Premium Perfumes",,One million Royal One million Royal Created by Al Haramain Perfumes Hyderabad.,"10 ml, 25 ml, 50 ml, 100ml",150,1200,INR,true,https://alharamainperfumes.in/product/one-million-royal-loose-perfume-by-fragrance/,https://alharamainperfumes.in/wp-content/uploads/2021/04/IMG_5374-scaled.jpg,false
Noora Swiss (Perfume),"Arabic Perfumes, Clone Perfumes, French",,Noora Swiss Noora Swiss Created by Al Haramain Perfumes Hyderabad.,"10 ml, 25 ml, 50 ml, 100ml",100,800,INR,true,https://alharamainperfumes.in/product/noora-swiss-loose-perfume-fragrance/,https://alharamainperfumes.in/wp-content/uploads/2021/04/IMG_5374-scaled.jpg,true
Noora Swiss (Attar),"Arabic Attars, Clone Attar, French Attar, Premium Attars",,Noora Swiss Noora Swiss Created by Al Haramain Perfumes Hyderabad.,"3 ml, 6 ml, 12 ml",100,400,INR,true,https://alharamainperfumes.in/product/noora-swiss-loose-attar-fragrance/,https://alharamainperfumes.in/wp-content/uploads/2025/09/WhatsApp-Image-2025-11-08-at-10.13.31-PM.jpeg,true
Musk 07 (Perfume),Clone Perfumes,,Musk 07 Musk 07 Created by Al Haramain Perfumes Hyderabad.,"10 ml, 25 ml, 50 ml, 100ml",150,1200,INR,true,https://alharamainperfumes.in/product/musk-07-loose-perfume-by-fragrance/,https://alharamainperfumes.in/wp-content/uploads/2021/04/IMG_5374-scaled.jpg,false
Musk 07 (Attar),"Arabic Attar, Clone Attar, Premium Attars",,Musk 07 Musk 07 Created by Al Haramain Perfumes Hyderabad.,"3 ml, 6 ml, 12 ml",150,600,INR,true,https://alharamainperfumes.in/product/musk-07-loose-attar-fragrance/,https://alharamainperfumes.in/wp-content/uploads/2025/09/WhatsApp-Image-2025-11-08-at-10.13.31-PM.jpeg,false
Intoxicated (Attar),"Arabic Attar, Clone Attar, Premium Attars",,Intoxicated Intoxicated Created by Al Haramain Perfumes Hyderabad.,"3 ml, 6 ml, 12 ml",150,600,INR,false,https://alharamainperfumes.in/product/intoxicated-loose-attar-fragrance/,https://alharamainperfumes.in/wp-content/uploads/2025/09/WhatsApp-Image-2025-11-08-at-10.13.31-PM.jpeg,false
Intoxicated (Perfume),"Clone Perfumes, Premium Perfumes",,Intoxicated Intoxicated Created by Al Haramain Perfumes Hyderabad.,"10 ml, 25 ml, 50 ml, 100ml",200,1500,INR,false,https://alharamainperfumes.in/product/intoxicated-loose-perfume-by-fragrance/,https://alharamainperfumes.in/wp-content/uploads/2021/04/IMG_5374-scaled.jpg,false
Dioriviera (Perfume),"Clone Perfumes, French",,Dioriviera Dioriviera Created by Al Haramain Perfumes Hyderabad.,"10 ml, 25 ml, 50 ml, 100ml",100,800,INR,true,https://alharamainperfumes.in/product/dioriviera-loose-perfume-fragrance/,https://alharamainperfumes.in/wp-content/uploads/2021/04/IMG_5374-scaled.jpg,false
Dioriviera (Attar),"Clone Attar, French Attar, Premium Attars",,Dioriviera Dioriviera Created by Al Haramain Perfumes Hyderabad.,"3 ml, 6 ml, 12 ml",100,400,INR,true,https://alharamainperfumes.in/product/dioriviera-loose-attar-fragrance/,https://alharamainperfumes.in/wp-content/uploads/2025/09/WhatsApp-Image-2025-11-08-at-10.13.31-PM.jpeg,false
Mont oudyssee (Attar),"Clone Attar, French Attar, French Attars, Premium Attars",,Mont oudyssee Mont oudyssee Created by Al Haramain Perfumes Hyderabad.,"3 ml, 6 ml, 12 ml",100,400,INR,false,https://alharamainperfumes.in/product/mont-oudyssee-loose-attar-fragrance/,https://alharamainperfumes.in/wp-content/uploads/2025/09/WhatsApp-Image-2025-11-08-at-10.13.31-PM.jpeg,true
Mont oudyssee (Perfume),"Clone Perfumes, French, French Perfumes",,Mont oudyssee Mont oudyssee Created by Al Haramain Perfumes Hyderabad.,"10 ml, 25 ml, 50 ml, 100ml",100,800,INR,true,https://alharamainperfumes.in/product/mont-oudyssee-loose-perfume-fragrance/,https://alharamainperfumes.in/wp-content/uploads/2021/04/IMG_5374-scaled.jpg,true
Paradise garden le beau (Perfume),"Clone Perfumes, French, French Perfumes",,Paradise garden le beau Paradise garden le beau Created by Al Haramain Perfumes Hyderabad.,"10 ml, 25 ml, 50 ml, 100ml",150,1200,INR,true,https://alharamainperfumes.in/product/paradise-garden-le-beau-loose-perfume-by-fragrance/,https://alharamainperfumes.in/wp-content/uploads/2021/04/IMG_5374-scaled.jpg,true
Paradise garden le beau (Attar),"Clone Attar, French Attar, French Attars, Premium Attars",,"Paradise garden le beau Paradise garden le beau, Created by Al Haramain Perfumes Hyderabad.","3 ml, 6 ml, 12 ml",150,600,INR,true,https://alharamainperfumes.in/product/paradise-garden-le-beau-loose-attar-fragrance/,https://alharamainperfumes.in/wp-content/uploads/2025/09/WhatsApp-Image-2025-11-08-at-10.13.31-PM.jpeg,true
Profumo aqua dg (Attar),"Arabic Attar, Clone Attar, French Perfumes, Premium Attars",,"Profumo aqua dg Profumo aqua dg, Created by Al Haramain Perfumes Hyderabad.","3 ml, 6 ml, 12 ml",150,600,INR,true,https://alharamainperfumes.in/product/profumo-aqua-dg-loose-attar-fragrance/,https://alharamainperfumes.in/wp-content/uploads/2025/09/WhatsApp-Image-2025-11-08-at-10.13.31-PM.jpeg,true
Profumo aqua dg (Perfume),"Clone Perfumes, French, French Perfumes",,Profumo aqua dg Profumo aqua dg Created by Al Haramain Perfumes Hyderabad.,"10 ml, 25 ml, 50 ml, 100ml",150,1200,INR,true,https://alharamainperfumes.in/product/profumo-aqua-dg-loose-perfume-by-fragrance/,https://alharamainperfumes.in/wp-content/uploads/2021/04/IMG_5374-scaled.jpg,true
Shuhrah pack,30 ML Series,,Shuhrah 30 ml pure perfume series pack by alharamain perfumes,,300,300,INR,true,https://alharamainperfumes.in/product/shuhrah-pack/,https://alharamainperfumes.in/wp-content/uploads/2024/11/WhatsApp-Image-2024-11-09-at-13.54.03-1.jpeg,false
Hawas pack,30 ML Series,,Hawas 30 ml pack perfume series pack by alharamain perfumes,,300,300,INR,false,https://alharamainperfumes.in/product/hawas-pack/,https://alharamainperfumes.in/wp-content/uploads/2024/11/WhatsApp-Image-2024-11-09-at-13.54.03.jpeg,false
Jubliation amou (Attar),"Arabic Attar, Clone Attar, Premium Attars",,Jubliation amou Jubliation amou Created by Al Haramain Perfumes Hyderabad.,"3 ml, 6 ml, 12 ml",150,600,INR,false,https://alharamainperfumes.in/product/jubliation-amou-loose-attar-fragrance/,https://alharamainperfumes.in/wp-content/uploads/2025/09/WhatsApp-Image-2025-11-08-at-10.13.31-PM.jpeg,false
Jubliation amou (Perfume),"Clone Perfumes, Premium Perfumes",,Jubliation amou Jubliation amou Created by Al Haramain Perfumes Hyderabad.,"10 ml, 25 ml, 50 ml, 100ml",200,1500,INR,false,https://alharamainperfumes.in/product/jubliation-amou-loose-perfume-by-fragrance/,https://alharamainperfumes.in/wp-content/uploads/2021/04/IMG_5374-scaled.jpg,false
Myrrhe Mystere (Perfume),"Clone Perfumes, Premium Perfumes",,Myrrhe Mystere Myrrhe Mystere Created by Al Haramain Perfumes Hyderabad.,"10 ml, 25 ml, 50 ml, 100ml",200,1500,INR,true,https://alharamainperfumes.in/product/myrrhe-mystere-loose-perfume-by-fragrance/,https://alharamainperfumes.in/wp-content/uploads/2021/04/IMG_5374-scaled.jpg,false
Myrrhe Mystere (Attar),"Arabic Attar, Clone Attar, Premium Attars",,Myrrhe Mystere Myrrhe Mystere Created by Al Haramain Perfumes Hyderabad.,"3 ml, 6 ml, 12 ml",150,600,INR,false,https://alharamainperfumes.in/product/myrrhe-mystere-loose-attar-fragrance/,https://alharamainperfumes.in/wp-content/uploads/2025/09/WhatsApp-Image-2025-11-08-at-10.13.31-PM.jpeg,false
Grey vertiver tf (Perfume),"Clone Perfumes, French Perfumes",,Grey vertiver tf Grey vertiver tf Created by Al Haramain Perfumes Hyderabad.,"10 ml, 25 ml, 50 ml, 100ml",300,2500,INR,true,https://alharamainperfumes.in/product/grey-vertiver-tf-loose-perfume-by-fragrance/,https://alharamainperfumes.in/wp-content/uploads/2021/04/IMG_5374-scaled.jpg,true
Grey vertiver tf (Attar),"Arabic Attar, Clone Attar, French Attars, Premium Attars",,Grey vertiver tf Grey vertiver tf Created by Al Haramain Perfumes Hyderabad.,"3 ml, 6 ml, 12 ml",250,1000,INR,true,https://alharamainperfumes.in/product/grey-vertiver-tf-loose-attar-fragrance/,https://alharamainperfumes.in/wp-content/uploads/2025/09/WhatsApp-Image-2025-11-08-at-10.13.31-PM.jpeg,true
Sabaya pack,30 ML Series,,Sabaya 30 ml pure perfume series pack by alharamain perfumes,,300,300,INR,true,https://alharamainperfumes.in/product/sabaya-pack/,https://alharamainperfumes.in/wp-content/uploads/2024/11/WhatsApp-Image-2024-11-08-at-03.14.37-10.jpeg,false
Mumtaz pack,30 ML Series,,Mumtaz 30 ml pure perfume series pack by alharamain perfumes,,300,300,INR,true,https://alharamainperfumes.in/product/mumtaz-pack/,https://alharamainperfumes.in/wp-content/uploads/2024/11/WhatsApp-Image-2024-11-08-at-03.14.37-9.jpeg,false
Qamar al Layl pack,30 ML Series,,Qamar al Layl 30 ml pure perfume series pack by alharamain perfumes,,300,300,INR,true,https://alharamainperfumes.in/product/qamar-al-layl-pack/,https://alharamainperfumes.in/wp-content/uploads/2024/11/WhatsApp-Image-2024-11-08-at-03.14.37-8.jpeg,false
AQUA pack,30 ML Series,,Created by Al Haramain Perfumes Hyderabad,,300,300,INR,false,https://alharamainperfumes.in/product/aqua-pack/,https://alharamainperfumes.in/wp-content/uploads/2024/11/WhatsApp-Image-2024-11-08-at-03.14.37-7.jpeg,false
LONDON pack,30 ML Series,,LONDON 30 ml pure perfume series pack by alharamain perfumes,,300,300,INR,true,https://alharamainperfumes.in/product/london-pack/,https://alharamainperfumes.in/wp-content/uploads/2024/11/WhatsApp-Image-2024-11-08-at-03.14.37-6.jpeg,false
Lucky 30ml pack,30 ML Series,"Top: Plum, Ozonic notes, Grapefruit and Bergamot | Middle: Hazelnut, Honey, Cedar, Cashmere Wood, Orange Blossom and Jasmine | Base: Amberwood, Patchouli, Vetiver and Oakmoss","1 Million Lucky (Perfume) by Al Haramain Perfumes is a fragrance for women and men. Top notes : Plum, Ozonic notes, Grapefruit and Bergamot Middle notes : Hazelnut, Honey, Cedar, Cashmere Wood, Orange Blossom and Jasmine Base notes : Amberwood, Patchouli, Vetiver and Oakmoss. 1 Million Lucky by Al Haramain Perfumes is a captivating unisex fragrance that blends freshness, sweetness, and woody elegance. It opens with vibrant notes of plum, grapefruit, bergamot, and ozonic accords, creating a bright and uplifting introduction. The heart reveals a rich combination of hazelnut, honey, cedar, cashmere wood, orange blossom, and jasmine, adding warmth and depth. Finally, the fragrance settles into a sophisticated base of amberwood, patchouli, vetiver, and oakmoss, leaving a smooth and lasting impression. Perfect for both everyday wear and special occasions. 1 Million Lucky Perfume Created by Al Haramain Perfumes Hyderabad.",,300,300,INR,true,https://alharamainperfumes.in/product/lucky-pack/,https://alharamainperfumes.in/wp-content/uploads/2024/11/WhatsApp-Image-2024-11-08-at-03.14.37-5.jpeg,false
Classic pack,30 ML Series,,Classic 30 ml pure perfume series pack by alharamain perfumes,,300,300,INR,true,https://alharamainperfumes.in/product/classic-pack/,https://alharamainperfumes.in/wp-content/uploads/2024/11/WhatsApp-Image-2024-11-08-at-03.14.37-4.jpeg,false
Jaguar pack,30 ML Series,,Jaguar pack 30 ml pure perfume series pack by alharamain perfumes,,300,300,INR,true,https://alharamainperfumes.in/product/jaguar-pack/,https://alharamainperfumes.in/wp-content/uploads/2024/11/WhatsApp-Image-2024-11-08-at-03.14.37-3.jpeg,false
VICTUS PACK,30 ML Series,,VICTUS PACK 30 ml pure perfume series pack by alharamain perfumes,,300,300,INR,true,https://alharamainperfumes.in/product/victus-pack/,https://alharamainperfumes.in/wp-content/uploads/2024/11/WhatsApp-Image-2024-11-08-at-03.14.37-2.jpeg,false
Vph pack,30 ML Series,,Vph 30 ml pure perfume series pack by alharamain perfumes,,300,300,INR,true,https://alharamainperfumes.in/product/vph-pack/,https://alharamainperfumes.in/wp-content/uploads/2024/11/WhatsApp-Image-2024-11-08-at-03.14.37.jpeg,false
Bin SHAIK eco (Perfume),"Arabic Perfumes, Clone Perfumes, Premium Perfumes",,Created by Al Haramain Perfumes Hyderabad,"10 ml, 25 ml, 50 ml, 100ml",200,1500,INR,true,https://alharamainperfumes.in/product/bin-shaik-eco-loose-perfume-by-fragrance/,https://alharamainperfumes.in/wp-content/uploads/2021/04/IMG_5374-scaled.jpg,true
Bin SHAIK eco (Attar),"Arabic Attar, Arabic Attars, Clone Attar, Premium Attars",,Created by Al Haramain Perfumes Hyderabad,"3 ml, 6 ml, 12 ml",150,600,INR,true,https://alharamainperfumes.in/product/bin-shaik-eco-loose-attar-fragrance/,https://alharamainperfumes.in/wp-content/uploads/2025/09/WhatsApp-Image-2025-11-08-at-10.13.31-PM.jpeg,true
Moody Arabian (Attar),"Arabic Attars, Clone Attar, French Attar",,Moody Arabian Moody Arabian Created by Al Haramain Perfumes Hyderabad.,"3 ml, 6 ml, 12 ml",100,400,INR,true,https://alharamainperfumes.in/product/moody-arabian-loose-attar-fragrance/,https://alharamainperfumes.in/wp-content/uploads/2025/09/WhatsApp-Image-2025-11-08-at-10.13.31-PM.jpeg,true
Moody Arabian (Perfume),"Arabic Perfumes, Clone Perfumes",,Moody Arabian Moody Arabian Created by Al Haramain Perfumes Hyderabad.,"10 ml, 25 ml, 50 ml, 100ml",100,800,INR,true,https://alharamainperfumes.in/product/moody-arabian-loose-perfume-fragrance/,https://alharamainperfumes.in/wp-content/uploads/2021/04/IMG_5374-scaled.jpg,true
Bloom guc (Perfume),"Clone Perfumes, French",,Bloom guc Bloom guc Created by Al Haramain Perfumes Hyderabad.,"10 ml, 25 ml, 50 ml, 100ml",100,800,INR,true,https://alharamainperfumes.in/product/bloom-guc-loose-perfume-fragrance/,https://alharamainperfumes.in/wp-content/uploads/2021/04/IMG_5374-scaled.jpg,false
Bloom guc (Attar),"Clone Attar, French Attar, Premium Attars",,Bloom guc Bloom guc Created by Al Haramain Perfumes Hyderabad.,"3 ml, 6 ml, 12 ml",100,400,INR,true,https://alharamainperfumes.in/product/bloom-guc-loose-attar-fragrance/,https://alharamainperfumes.in/wp-content/uploads/2025/09/WhatsApp-Image-2025-11-08-at-10.13.31-PM.jpeg,false
Calabria (Perfume),"Clone Perfumes, French",,Calabria Calabria Created by Al Haramain Perfumes Hyderabad.,"10 ml, 25 ml, 50 ml, 100ml",150,1200,INR,true,https://alharamainperfumes.in/product/calabria-loose-perfume-by-fragrance/,https://alharamainperfumes.in/wp-content/uploads/2021/04/IMG_5374-scaled.jpg,false
Calabria (Attar),"Clone Attar, French Attar, Premium Attars",,Calabria Calabria Created by Al Haramain Perfumes Hyderabad.,"3 ml, 6 ml, 12 ml",100,400,INR,true,https://alharamainperfumes.in/product/calabria-loose-attar-fragrance/,https://alharamainperfumes.in/wp-content/uploads/2025/09/WhatsApp-Image-2025-11-08-at-10.13.31-PM.jpeg,false
Royal sabaya (Attar),"Arabic Attar, Clone Attar, Premium Attars",,"Royal sabaya Royal sabaya, Created by Al Haramain Perfumes Hyderabad.","3 ml, 6 ml, 12 ml",150,600,INR,true,https://alharamainperfumes.in/product/royal-sabaya-loose-attar-fragrance/,https://alharamainperfumes.in/wp-content/uploads/2025/09/WhatsApp-Image-2025-11-08-at-10.13.31-PM.jpeg,false
Royal sabaya (Perfume),"Clone Perfumes, French",,Royal sabaya Royal sabaya Created by Al Haramain Perfumes Hyderabad.,"10 ml, 25 ml, 50 ml, 100ml",150,1200,INR,true,https://alharamainperfumes.in/product/royal-sabaya-loose-perfume-by-fragrance/,https://alharamainperfumes.in/wp-content/uploads/2021/04/IMG_5374-scaled.jpg,false
My way super (Perfume),"Clone Perfumes, French, French Perfumes",,"My way super My way super, Created by Al Haramain Perfumes Hyderabad.","10 ml, 25 ml, 50 ml, 100ml",200,1500,INR,false,https://alharamainperfumes.in/product/my-way-super-loose-perfume-by-fragrance/,https://alharamainperfumes.in/wp-content/uploads/2021/04/IMG_5374-scaled.jpg,true
My way super (Attar),"Arabic Attar, Clone Attar, French Attars, Premium Attars",,"My way super My way super, Created by Al Haramain Perfumes Hyderabad.","3 ml, 6 ml, 12 ml",150,600,INR,false,https://alharamainperfumes.in/product/my-way-super-loose-attar-fragrance/,https://alharamainperfumes.in/wp-content/uploads/2025/09/WhatsApp-Image-2025-11-08-at-10.13.31-PM.jpeg,true
Blue oud by IAQ (Perfume),"Clone Perfumes, French",Top: Oud and Blue Lilies | Middle: Leather and Patchouli | Base: Tobacco and Amber,"Blue oud IAQ (Perfume) by Al Haramain Perfumes is a fragrance for women and men. Top notes : Oud and Blue Lilies Middle notes : Leather and Patchouli Base notes : Tobacco and Amber. Blue Oud is a fragrance that begins with bold and stable notes of oud, complemented by the delicate and fresh aroma of blue lilies. The heart reveals a charming blend of patchouli and luxurious leather, while the base combines tobacco and amber to create a wonderful fragrance with a perfect blend. Blue oud IAQ Perfume Created by Al Haramain Perfumes Hyderabad.","10 ml, 25 ml, 50 ml, 100ml",200,1500,INR,true,https://alharamainperfumes.in/product/blue-oud-by-iaq-loose-perfume-fragrance/,https://alharamainperfumes.in/wp-content/uploads/2026/06/glass-bottles-2.png,false
Arabian oriental oud super (Attar),"Arabic Attar, Clone Attar, Premium Attars",,Created by Al Haramain Perfumes Hyderabad,"3 ml, 6 ml, 12 ml",250,1000,INR,false,https://alharamainperfumes.in/product/arabian-oriental-oud-super-loose-attar-fragrance/,https://alharamainperfumes.in/wp-content/uploads/2025/09/WhatsApp-Image-2025-11-08-at-10.13.31-PM.jpeg,false
Arabian oriental oud super (Perfume),Clone Perfumes,,Created by Al Haramain Perfumes Hyderabad,"10 ml, 25 ml, 50 ml, 100ml",300,2500,INR,false,https://alharamainperfumes.in/product/arabian-oriental-oud-super-loose-perfume-by-fragrance/,https://alharamainperfumes.in/wp-content/uploads/2021/04/IMG_5374-scaled.jpg,false
Oud ispahan super (Perfume),"Arabic Perfumes, Clone Perfumes",,Oud ispahan super Oud ispahan super Created by Al Haramain Perfumes Hyderabad.,"10 ml, 25 ml, 50 ml, 100ml",300,2500,INR,true,https://alharamainperfumes.in/product/oud-ispahan-super-loose-perfume-by-fragrance/,https://alharamainperfumes.in/wp-content/uploads/2021/04/IMG_5374-scaled.jpg,true
Oud ispahan super (Attar),"Arabic Attar, Arabic Attars, Clone Attar, Premium Attars",,Oud ispahan super Oud ispahan super Created by Al Haramain Perfumes Hyderabad.,"3 ml, 6 ml, 12 ml",250,1000,INR,true,https://alharamainperfumes.in/product/oud-ispahan-super-loose-attar-fragrance/,https://alharamainperfumes.in/wp-content/uploads/2025/09/WhatsApp-Image-2025-11-08-at-10.13.31-PM.jpeg,true
Oud ispahan (Perfume),"Arabic Perfumes, Clone Perfumes, French",,Oud ispahan Oud ispahan Created by Al Haramain Perfumes Hyderabad.,"10 ml, 25 ml, 50 ml, 100ml",100,800,INR,false,https://alharamainperfumes.in/product/oud-ispahan-loose-perfume-fragrance/,https://alharamainperfumes.in/wp-content/uploads/2021/04/IMG_5374-scaled.jpg,true
Oud ispahan (Attar ),"Arabic Attars, Clone Attar, French Attar, Premium Attars",,Oud ispahan Oud ispahan Created by Al Haramain Perfumes Hyderabad.,"3 ml, 6 ml, 12 ml",100,400,INR,false,https://alharamainperfumes.in/product/oud-ispahan-loose-attar-fragrance/,https://alharamainperfumes.in/wp-content/uploads/2025/09/WhatsApp-Image-2025-11-08-at-10.13.31-PM.jpeg,true
Blue oud by IAQ (Attar),"Clone Attar, French Attar, Premium Attars",Top: Oud and Blue Lilies | Middle: Leather and Patchouli | Base: Tobacco and Amber,"Blue oud IAQ (Perfume) by Al Haramain Perfumes is a fragrance for women and men. Top notes : Oud and Blue Lilies Middle notes : Leather and Patchouli Base notes : Tobacco and Amber. Blue Oud is a fragrance that begins with bold and stable notes of oud, complemented by the delicate and fresh aroma of blue lilies. The heart reveals a charming blend of patchouli and luxurious leather, while the base combines tobacco and amber to create a wonderful fragrance with a perfect blend. Blue oud IAQ Perfume Created by Al Haramain Perfumes Hyderabad.","3 ml, 6 ml, 12 ml",200,800,INR,true,https://alharamainperfumes.in/product/blue-oud-attar-by-iaq-loose-attar-fragrance/,https://alharamainperfumes.in/wp-content/uploads/2025/09/WhatsApp-Image-2025-11-08-at-10.13.31-PM.jpeg,false
Golden drum type oud Daan,Oud burner,,"Manual oud Daan – works with coal Uses of Bakhoor: To Perfume the house, On special occasions like wedding, To create a romantic atmosphere in bedrooms, For welcoming gusts and a gesture of hospitality, Used to boost positive energy and dismiss bad sprits, Used in commercial shops and stores (specially that’s related to clothes) to attract customers and to enhance their buying experience, Used in old medicines, It’s used after a meal cooking or cigarettes smoke to quickly discard the bad smells and perfume the place. It also gives your bath (and water) a wonderful smell!",,400,450,INR,true,https://alharamainperfumes.in/product/golden-drum-type-oud-daan/,https://alharamainperfumes.in/wp-content/uploads/2024/10/IMG_0679-scaled.jpg,false
Golden small grill oud Daan,Oud burner,,"Manual oud Daan – works with coal Uses of Bakhoor: To Perfume the house, On special occasions like wedding, To create a romantic atmosphere in bedrooms, For welcoming gusts and a gesture of hospitality, Used to boost positive energy and dismiss bad sprits, Used in commercial shops and stores (specially that’s related to clothes) to attract customers and to enhance their buying experience, Used in old medicines, It’s used after a meal cooking or cigarettes smoke to quickly discard the bad smells and perfume the place. It also gives your bath (and water) a wonderful smell!",,250,300,INR,false,https://alharamainperfumes.in/product/golden-small-grill-oud-daan/,https://alharamainperfumes.in/wp-content/uploads/2024/10/IMG_0677.png,false
Black golden fountain type oud Daan,Oud burner,,"Manual oud Daan – works with coal Uses of Bakhoor: To Perfume the house, On special occasions like wedding, To create a romantic atmosphere in bedrooms, For welcoming gusts and a gesture of hospitality, Used to boost positive energy and dismiss bad sprits, Used in commercial shops and stores (specially that’s related to clothes) to attract customers and to enhance their buying experience, Used in old medicines, It’s used after a meal cooking or cigarettes smoke to quickly discard the bad smells and perfume the place. It also gives your bath (and water) a wonderful smell!",,350,400,INR,true,https://alharamainperfumes.in/product/black-golden-fountain-type-oud-daan/,https://alharamainperfumes.in/wp-content/uploads/2024/10/IMG_0685.png,false
Metal golden self engrave oud Daan,Oud burner,,"Manual oud Daan – works with coal Uses of Bakhoor: To Perfume the house, On special occasions like wedding, To create a romantic atmosphere in bedrooms, For welcoming gusts and a gesture of hospitality, Used to boost positive energy and dismiss bad sprits, Used in commercial shops and stores (specially that’s related to clothes) to attract customers and to enhance their buying experience, Used in old medicines, It’s used after a meal cooking or cigarettes smoke to quickly discard the bad smells and perfume the place. It also gives your bath (and water) a wonderful smell!",,850,900,INR,true,https://alharamainperfumes.in/product/metal-golden-self-engrave-oud-daan/,https://alharamainperfumes.in/wp-content/uploads/2024/10/IMG_0684.png,false
Flora Gorgeous Gardenia (Perfume),"Clone Perfumes, French, French Perfumes",,Flora Gorgeous Gardenia Flora Gorgeous Gardenia Created by Al Haramain Perfumes Hyderabad.,"10 ml, 25 ml, 50 ml, 100ml",150,1200,INR,true,https://alharamainperfumes.in/product/flora-gorgeous-gardenia-loose-perfume-by-fragrance/,https://alharamainperfumes.in/wp-content/uploads/2021/04/IMG_5374-scaled.jpg,true
Flora Gorgeous Gardenia (Attar),"Clone Attar, French Attar, French Attars, Premium Attars",,Flora Gorgeous Gardenia Flora Gorgeous Gardenia Created by Al Haramain Perfumes Hyderabad.,"3 ml, 6 ml, 12 ml",100,400,INR,true,https://alharamainperfumes.in/product/flora-gorgeous-gardenia-loose-attar-fragrance/,https://alharamainperfumes.in/wp-content/uploads/2025/09/WhatsApp-Image-2025-11-08-at-10.13.31-PM.jpeg,true
Chance (Perfume),"Clone Perfumes, French, French Perfumes",,Chance Chance Created by Al Haramain Perfumes Hyderabad.,"10 ml, 25 ml, 50 ml, 100ml",100,800,INR,true,https://alharamainperfumes.in/product/chance-loose-perfume-fragrance/,https://alharamainperfumes.in/wp-content/uploads/2021/04/IMG_5374-scaled.jpg,true
Chance (Attar),"Clone Attar, French Attar, French Attars, Premium Attars",,Chance Chance Created by Al Haramain Perfumes Hyderabad.,"3 ml, 6 ml, 12 ml",100,400,INR,true,https://alharamainperfumes.in/product/chance-loose-attar-fragrance/,https://alharamainperfumes.in/wp-content/uploads/2025/09/WhatsApp-Image-2025-11-08-at-10.13.31-PM.jpeg,true
Goddess by berry (Perfume),"Clone Perfumes, French, French Perfumes",,Goddess by berry Goddess by berry Created by Al Haramain Perfumes Hyderabad.,"10 ml, 25 ml, 50 ml, 100ml",100,800,INR,true,https://alharamainperfumes.in/product/goddess-by-berry-loose-perfume-fragrance/,https://alharamainperfumes.in/wp-content/uploads/2021/04/IMG_5374-scaled.jpg,true
Goddess by berry (Attar),"Clone Attar, French Attar, French Attars, Premium Attars",,Goddess by berry Goddess by berry Created by Al Haramain Perfumes Hyderabad.,"3 ml, 6 ml, 12 ml",100,400,INR,true,https://alharamainperfumes.in/product/goddess-by-berry-loose-attar-fragrance/,https://alharamainperfumes.in/wp-content/uploads/2025/09/WhatsApp-Image-2025-11-08-at-10.13.31-PM.jpeg,true
Kashka (Perfume),"Clone Perfumes, French",,Kashka Kashka Created by Al Haramain Perfumes Hyderabad.,"10 ml, 25 ml, 50 ml, 100ml",150,1200,INR,true,https://alharamainperfumes.in/product/kashka-loose-perfume-by-fragrance/,https://alharamainperfumes.in/wp-content/uploads/2021/04/IMG_5374-scaled.jpg,false
Kashka (Attar),"Arabic Attar, Clone Attar, Premium Attars",,"Kashka Kashka, Created by Al Haramain Perfumes Hyderabad.","3 ml, 6 ml, 12 ml",150,600,INR,true,https://alharamainperfumes.in/product/kashka-loose-attar-fragrance/,https://alharamainperfumes.in/wp-content/uploads/2025/09/WhatsApp-Image-2025-11-08-at-10.13.31-PM.jpeg,false
One Reflections (Perfume),"Clone Perfumes, French, French Perfumes",,One Reflections One Reflections Created by Al Haramain Perfumes Hyderabad.,"10 ml, 25 ml, 50 ml, 100ml",150,1200,INR,true,https://alharamainperfumes.in/product/one-reflections-loose-perfume-by-fragrance/,https://alharamainperfumes.in/wp-content/uploads/2021/04/IMG_5374-scaled.jpg,true
One Reflections (Attar),"Arabic Attar, Clone Attar, French Attars, Premium Attars",,"One Reflections One Reflections, Created by Al Haramain Perfumes Hyderabad.","3 ml, 6 ml, 12 ml",150,600,INR,true,https://alharamainperfumes.in/product/one-reflections-loose-attar-fragrance/,https://alharamainperfumes.in/wp-content/uploads/2025/09/WhatsApp-Image-2025-11-08-at-10.13.31-PM.jpeg,true
Number 5 super (Perfume),"Clone Perfumes, French, French Perfumes",,"Number 5 super Number 5 super, Created by Al Haramain Perfumes Hyderabad.","10 ml, 25 ml, 50 ml, 100ml",200,1500,INR,true,https://alharamainperfumes.in/product/number-5-super-loose-perfume-by-fragrance/,https://alharamainperfumes.in/wp-content/uploads/2021/04/IMG_5374-scaled.jpg,true
Number 5 super (Attar),"Arabic Attar, Clone Attar, French Attars, Premium Attars",,"Number 5 super Number 5 super, Created by Al Haramain Perfumes Hyderabad.","3 ml, 6 ml, 12 ml",150,600,INR,true,https://alharamainperfumes.in/product/number-5-super-loose-attar-fragrance/,https://alharamainperfumes.in/wp-content/uploads/2025/09/WhatsApp-Image-2025-11-08-at-10.13.31-PM.jpeg,true
Victory Elixir (Perfume),"Clone Perfumes, French",,Victory Elixir Victory Elixir Created by Al Haramain Perfumes Hyderabad.,"10 ml, 25 ml, 50 ml, 100ml",150,1200,INR,true,https://alharamainperfumes.in/product/victory-elixir-loose-perfume-by-fragrance/,https://alharamainperfumes.in/wp-content/uploads/2021/04/IMG_5374-scaled.jpg,false
Victory Elixir (Attar),"Clone Attar, French Attar, Premium Attars",,Victory Elixir Victory Elixir Created by Al Haramain Perfumes Hyderabad.,"3 ml, 6 ml, 12 ml",100,400,INR,true,https://alharamainperfumes.in/product/victory-elixir-loose-attar-fragrance/,https://alharamainperfumes.in/wp-content/uploads/2025/09/WhatsApp-Image-2025-11-08-at-10.13.31-PM.jpeg,false
Bomb infrared (Perfume),"Clone Perfumes, French",,Bomb infrared Bomb infrared Created by Al Haramain Perfumes Hyderabad.,"10 ml, 25 ml, 50 ml, 100ml",100,800,INR,true,https://alharamainperfumes.in/product/bomb-infrared-loose-perfume-fragrance/,https://alharamainperfumes.in/wp-content/uploads/2021/04/IMG_5374-scaled.jpg,false
Bomb infrared (Attar),"Clone Attar, French Attar, Premium Attars",,Bomb infrared Bomb infrared Created by Al Haramain Perfumes Hyderabad.,"3 ml, 6 ml, 12 ml",100,400,INR,true,https://alharamainperfumes.in/product/bomb-infrared-loose-attar-fragrance/,https://alharamainperfumes.in/wp-content/uploads/2025/09/WhatsApp-Image-2025-11-08-at-10.13.31-PM.jpeg,false
Solid blue (Attar),"Clone Attar, French Attar, French Attars, Premium Attars",,"Solid blue Solid blue, Created by Al Haramain Perfumes Hyderabad.","3 ml, 6 ml, 12 ml",100,400,INR,true,https://alharamainperfumes.in/product/solid-blue-loose-attar-fragrance/,https://alharamainperfumes.in/wp-content/uploads/2025/09/WhatsApp-Image-2025-11-08-at-10.13.31-PM.jpeg,true
Solid blue (Perfume),"Clone Perfumes, French, French Perfumes",,Solid blue Solid blue Created by Al Haramain Perfumes Hyderabad.,"10 ml, 25 ml, 50 ml, 100ml",100,800,INR,true,https://alharamainperfumes.in/product/solid-blue-loose-perfume-fragrance/,https://alharamainperfumes.in/wp-content/uploads/2021/04/IMG_5374-scaled.jpg,true
Y Elixir attar (Attar),"Clone Attar, French Attar, Premium Attars",,"Y Elixir attar Y Elixir attar, Created by Al Haramain Perfumes Hyderabad.","3 ml, 6 ml, 12 ml",100,400,INR,true,https://alharamainperfumes.in/product/y-elixir-attar-loose-attar-fragrance/,https://alharamainperfumes.in/wp-content/uploads/2025/09/WhatsApp-Image-2025-11-08-at-10.13.31-PM.jpeg,false
Y Elixir attar (Perfume),"Clone Perfumes, French",,Y Elixir attar Y Elixir attar Created by Al Haramain Perfumes Hyderabad.,"10 ml, 25 ml, 50 ml, 100ml",100,800,INR,true,https://alharamainperfumes.in/product/y-elixir-attar-loose-perfume-fragrance/,https://alharamainperfumes.in/wp-content/uploads/2021/04/IMG_5374-scaled.jpg,false
Black Opium Over Red (Perfume),"Clone Perfumes, French, French Perfumes",,Black Opium Over Red Black Opium Over Red Created by Al Haramain Perfumes Hyderabad.,"10 ml, 25 ml, 50 ml, 100ml",100,800,INR,true,https://alharamainperfumes.in/product/black-opium-over-red-loose-perfume-fragrance/,https://alharamainperfumes.in/wp-content/uploads/2021/04/IMG_5374-scaled.jpg,true
Black Opium Over Red (Attar),"Clone Attar, French Attar, French Attars, Premium Attars",,"Black Opium Over Red Black Opium Over Red, Created by Al Haramain Perfumes Hyderabad.","3 ml, 6 ml, 12 ml",100,400,INR,true,https://alharamainperfumes.in/product/black-opium-over-red-loose-attar-fragrance/,https://alharamainperfumes.in/wp-content/uploads/2025/09/WhatsApp-Image-2025-11-08-at-10.13.31-PM.jpeg,true
The Scent Elixir (Perfume),"Clone Perfumes, French, French Perfumes",,The Scent Elixir The Scent Elixir Created by Al Haramain Perfumes Hyderabad.,"10 ml, 25 ml, 50 ml, 100ml",100,800,INR,true,https://alharamainperfumes.in/product/the-scent-elixir-loose-perfume-fragrance/,https://alharamainperfumes.in/wp-content/uploads/2021/04/IMG_5374-scaled.jpg,true
The Scent Elixir (Attar),"Clone Attar, French Attar, French Attars, Premium Attars",,The Scent Elixir The Scent Elixir Created by Al Haramain Perfumes Hyderabad.,"3 ml, 6 ml, 12 ml",100,400,INR,true,https://alharamainperfumes.in/product/the-scent-elixir-loose-attar-fragrance/,https://alharamainperfumes.in/wp-content/uploads/2025/09/WhatsApp-Image-2025-11-08-at-10.13.31-PM.jpeg,true
Apple Brandy on the Rocks By Kil (Perfume),"Clone Perfumes, French, French Perfumes","Top: Cardamom and Bergamot | Middle: Apple, Rum, Brandy, Pineapple, Vanilla and Moss | Base: Cedar and Ambroxan","Apple Brandy on the Rocks Perfume (By Kil) by Al Haramain Perfumes is aAromatic Fruity fragrance for women and men. Top notes : Cardamom and Bergamot Middle notes : Apple, Rum, Brandy, Pineapple, Vanilla and Moss Base notes : Cedar and Ambroxan. Apple Brandy on the Rocks Perfume Created by Al Haramain Perfumes Hyderabad.","10 ml, 25 ml, 30 ml, 50 ml, 100 ml",150,1200,INR,true,https://alharamainperfumes.in/product/apple-brandy-on-the-rocks-by-killoose-perfume-fragrance/,https://alharamainperfumes.in/wp-content/uploads/2026/06/glass-bottles-2.png,true
Apple Brandy on the Rocks By Kil (Attar),"Clone Attar, French Attar, French Attars, Premium Attars","Top: Cardamom and Bergamot | Middle: Apple, Rum, Brandy, Pineapple, Vanilla and Moss | Base: Cedar and Ambroxan","Apple Brandy on the Rocks Perfume (By Kil) by Al Haramain Perfumes is aAromatic Fruity fragrance for women and men. Top notes : Cardamom and Bergamot Middle notes : Apple, Rum, Brandy, Pineapple, Vanilla and Moss Base notes : Cedar and Ambroxan. Apple Brandy on the Rocks Perfume Created by Al Haramain Perfumes Hyderabad.","3 ml, 6 ml, 12 ml",100,400,INR,true,https://alharamainperfumes.in/product/apple-brandy-on-the-rocks-by-kil-loose-attar-fragrance/,https://alharamainperfumes.in/wp-content/uploads/2025/09/WhatsApp-Image-2025-11-08-at-10.13.31-PM.jpeg,true
Madawi (Perfume),"Arabic Perfumes, Clone Perfumes, French",,"Madawi Madawi ,Created by Al Haramain Perfumes Hyderabad.","10 ml, 25 ml, 50 ml, 100ml",150,1200,INR,true,https://alharamainperfumes.in/product/madawi-loose-perfume-by-fragrance/,https://alharamainperfumes.in/wp-content/uploads/2021/04/IMG_5374-scaled.jpg,true
Madawi (Attar),"Arabic Attar, Arabic Attars, Clone Attar, Premium Attars",,"Madawi Madawi, Created by Al Haramain Perfumes Hyderabad.","3 ml, 6 ml, 12 ml",150,600,INR,true,https://alharamainperfumes.in/product/madawi-loose-attar-fragrance/,https://alharamainperfumes.in/wp-content/uploads/2025/09/WhatsApp-Image-2025-11-08-at-10.13.31-PM.jpeg,true
Leau papier dypti (Attar),"Clone Attar, French Attar, Premium Attars",,Leau papier dypti Leau papier dypti Created by Al Haramain Perfumes Hyderabad.,"3 ml, 6 ml, 12 ml",100,400,INR,true,https://alharamainperfumes.in/product/leau-papier-dypti-loose-attar-fragrance/,https://alharamainperfumes.in/wp-content/uploads/2025/09/WhatsApp-Image-2025-11-08-at-10.13.31-PM.jpeg,false
Leau papier dypti (Perfume),"Clone Perfumes, French",,Leau papier dypti Leau papier dypti Created by Al Haramain Perfumes Hyderabad.,"10 ml, 25 ml, 50 ml, 100ml",100,800,INR,true,https://alharamainperfumes.in/product/leau-papier-dypti-loose-perfume-fragrance/,https://alharamainperfumes.in/wp-content/uploads/2021/04/IMG_5374-scaled.jpg,false
Bad boy extreme (Attar),"Clone Attar, French Attar, French Attars, Premium Attars",,Created by Al Haramain Perfumes Hyderabad,"3 ml, 6 ml, 12 ml",100,400,INR,true,https://alharamainperfumes.in/product/bad-boy-extreme-loose-attar-fragrance/,https://alharamainperfumes.in/wp-content/uploads/2025/09/WhatsApp-Image-2025-11-08-at-10.13.31-PM.jpeg,true
Bad boy extreme (Perfume),"Clone Perfumes, French, French Perfumes",,Created by Al Haramain Perfumes Hyderabad,"10 ml, 25 ml, 50 ml, 100ml",100,800,INR,true,https://alharamainperfumes.in/product/bad-boy-extreme-loose-perfume-fragrance/,https://alharamainperfumes.in/wp-content/uploads/2021/04/IMG_5374-scaled.jpg,true
Delina rose de marley (Perfume),"Clone Perfumes, French, French Perfumes",,Delina rose de marley Delina rose de marley Created by Al Haramain Perfumes Hyderabad.,"10 ml, 25 ml, 50 ml, 100ml",100,800,INR,true,https://alharamainperfumes.in/product/delina-rose-de-marley-loose-perfume-fragrance/,https://alharamainperfumes.in/wp-content/uploads/2021/04/IMG_5374-scaled.jpg,true
Delina rose de marley (Attar),"Clone Attar, French Attar, French Attars, Premium Attars",,"Delina rose de marley Delina rose de marley, Created by Al Haramain Perfumes Hyderabad.","3 ml, 6 ml, 12 ml",100,400,INR,true,https://alharamainperfumes.in/product/delina-rose-de-marley-loose-attar-fragrance/,https://alharamainperfumes.in/wp-content/uploads/2025/09/WhatsApp-Image-2025-11-08-at-10.13.31-PM.jpeg,true
More than words eco (Perfume),"Clone Perfumes, French, French Perfumes",,"More than words eco More than words eco, Created by Al Haramain Perfumes Hyderabad.","10 ml, 25 ml, 50 ml, 100ml",150,1200,INR,true,https://alharamainperfumes.in/product/more-than-words-eco-loose-perfume-by-fragrance/,https://alharamainperfumes.in/wp-content/uploads/2021/04/IMG_5374-scaled.jpg,true
More than words eco (Attar),"Clone Attar, French Attar, French Attars, Premium Attars",,"More than words eco More than words eco, Created by Al Haramain Perfumes Hyderabad.","3 ml, 6 ml, 12 ml",100,400,INR,true,https://alharamainperfumes.in/product/more-than-words-eco-loose-attar-fragrance/,https://alharamainperfumes.in/wp-content/uploads/2025/09/WhatsApp-Image-2025-11-08-at-10.13.31-PM.jpeg,true
Because its you (Attar),"Clone Attar, French Attar, Premium Attars",,Created by Al Haramain Perfumes Hyderabad,"3 ml, 6 ml, 12 ml",100,400,INR,true,https://alharamainperfumes.in/product/because-its-you-loose-attar-fragrance/,https://alharamainperfumes.in/wp-content/uploads/2025/09/WhatsApp-Image-2025-11-08-at-10.13.31-PM.jpeg,false
Because its you (Perfume),"Clone Perfumes, French",,Created by Al Haramain Perfumes Hyderabad,"10 ml, 25 ml, 50 ml, 100ml",100,800,INR,true,https://alharamainperfumes.in/product/because-its-you-loose-perfume-fragrance/,https://alharamainperfumes.in/wp-content/uploads/2021/04/IMG_5374-scaled.jpg,false
Jardin Exclusif (Perfume),"Clone Perfumes, French, French Perfumes",,Jardin Exclusif Jardin Exclusif Created by Al Haramain Perfumes Hyderabad.,"10 ml, 25 ml, 50 ml, 100ml",100,800,INR,true,https://alharamainperfumes.in/product/jardin-exclusif-loose-perfume-fragrance/,https://alharamainperfumes.in/wp-content/uploads/2021/04/IMG_5374-scaled.jpg,true
Jardin Exclusif (Attar),"Clone Attar, French Attar, French Attars, Premium Attars",,"Jardin Exclusif Jardin Exclusif, Created by Al Haramain Perfumes Hyderabad.","3 ml, 6 ml, 12 ml",100,400,INR,true,https://alharamainperfumes.in/product/jardin-exclusif-loose-attar-fragrance/,https://alharamainperfumes.in/wp-content/uploads/2025/09/WhatsApp-Image-2025-11-08-at-10.13.31-PM.jpeg,true
Bin Shaikh super (Perfume),"Arabic Perfumes, Clone Perfumes",,Bin Shaikh super Bin Shaikh super Created by Al Haramain Perfumes Hyderabad.,"10 ml, 25 ml, 50 ml, 100ml",300,2500,INR,true,https://alharamainperfumes.in/product/bin-shaikh-super-loose-perfume-by-fragrance/,https://alharamainperfumes.in/wp-content/uploads/2021/04/IMG_5374-scaled.jpg,true
Bin Shaikh super (Attar),"Arabic Attar, Arabic Attars, Clone Attar, Premium Attars",,Created by Al Haramain Perfumes Hyderabad,"3 ml, 6 ml, 12 ml",250,1000,INR,true,https://alharamainperfumes.in/product/bin-shaikh-super-loose-attar-fragrance/,https://alharamainperfumes.in/wp-content/uploads/2025/09/WhatsApp-Image-2025-11-08-at-10.13.31-PM.jpeg,true
Stronger with you (Perfume),"Clone Perfumes, French, French Perfumes",,Stronger with you Stronger with you Created by Al Haramain Perfumes Hyderabad.,"10 ml, 25 ml, 50 ml, 100ml",150,1200,INR,true,https://alharamainperfumes.in/product/stronger-with-you-loose-perfume-fragrance/,https://alharamainperfumes.in/wp-content/uploads/2021/04/IMG_5374-scaled.jpg,true
Stronger with you (Attar),"Clone Attar, French Attar, French Attars, Premium Attars",,"Stronger with you Stronger with you, Created by Al Haramain Perfumes Hyderabad.","3 ml, 6 ml, 12 ml",100,400,INR,true,https://alharamainperfumes.in/product/stronger-with-you-loose-attar-fragrance/,https://alharamainperfumes.in/wp-content/uploads/2025/09/WhatsApp-Image-2025-11-08-at-10.13.31-PM.jpeg,true
Wicked Deodorant,"Mens, Mens Deodorants",Top: is Freesia; middle note is Brown sugar; base note is Tahitian Vanilla | Middle: is Brown sugar; base note is Tahitian Vanilla | Base: is Tahitian Vanilla,"Wicked is an Oriental Vanilla fragrance for women and men , this deo is made keeping the max concentration of fragrance oil in it , to keep it lasting a projecting for longer periods.Top note is Freesia; middle note is Brown sugar; base note is Tahitian Vanilla.",,250,250,INR,true,https://alharamainperfumes.in/product/wicked-deodorant/,https://alharamainperfumes.in/wp-content/uploads/2024/09/WhatsApp-Image-2025-01-12-at-7.33.20-PM.jpeg,false
Lucky Deodorant,"Mens, Mens Deodorants",,"Lucky is pulsating and captivating scent of woody and gourmand tones. It is described as fresh, vivid and sensual. Hazelnut note enriches the composition of woody elements, with fresh ozone combined with Greengage plum. It is made with max concentration of fragrance allowed in a deo to make it better in lasting than regular deos",,250,250,INR,true,https://alharamainperfumes.in/product/lucky-deodorant/,https://alharamainperfumes.in/wp-content/uploads/2021/03/IMG_8893.jpg,false
Fizzy peach pink (Attar),"Clone Attar, French Attar, French Attars, Premium Attars",,"Fizzy peach pink Fizzy peach pink, Created by Al Haramain Perfumes Hyderabad.","3 ml, 6 ml, 12 ml",100,400,INR,true,https://alharamainperfumes.in/product/fizzy-peach-pink-loose-attar-fragrance/,https://alharamainperfumes.in/wp-content/uploads/2025/09/WhatsApp-Image-2025-11-08-at-10.13.31-PM.jpeg,true
Fizzy peach pink (Perfume),"Clone Perfumes, French, French Perfumes",,Fizzy peach pink Fizzy peach pink Created by Al Haramain Perfumes Hyderabad.,"10 ml, 25 ml, 50 ml, 100ml",100,800,INR,true,https://alharamainperfumes.in/product/fizzy-peach-pink-loose-perfume-fragrance/,https://alharamainperfumes.in/wp-content/uploads/2021/04/IMG_5374-scaled.jpg,true
Naxos (Perfume),"Clone Perfumes, French",,"Naxos Naxos, Created by Al Haramain Perfumes Hyderabad.","10 ml, 25 ml, 50 ml, 100ml",200,1500,INR,true,https://alharamainperfumes.in/product/naxos-loose-perfume-fragrance/,https://alharamainperfumes.in/wp-content/uploads/2021/04/IMG_5374-scaled.jpg,false
Naxos attar (Attar),"Arabic Attar, Clone Attar, Premium Attars",,"Naxos attar Naxos attar, Created by Al Haramain Perfumes Hyderabad.","3 ml, 6 ml, 12 ml",150,600,INR,true,https://alharamainperfumes.in/product/naxos-attar-loose-attar-fragrance/,https://alharamainperfumes.in/wp-content/uploads/2025/09/WhatsApp-Image-2025-11-08-at-10.13.31-PM.jpeg,false
le male elixir super (Perfume),"Clone Perfumes, French, French Perfumes",,"Le male elixir super Le male elixir super, Created by Al Haramain Perfumes Hyderabad.","10 ml, 25 ml, 50 ml, 100ml",200,1500,INR,true,https://alharamainperfumes.in/product/male-elixir-super-loose-perfume-fragrance/,https://alharamainperfumes.in/wp-content/uploads/2021/04/IMG_5374-scaled.jpg,true
Le male elixir super (Attar),"Clone Attar, French Attar, French Attars, Premium Attars",,"Le male elixir super Le male elixir super attar, Created by Al Haramain Perfumes Hyderabad.","3 ml, 6 ml, 12 ml",150,600,INR,true,https://alharamainperfumes.in/product/le-male-elixir-super-loose-attar-fragrance/,https://alharamainperfumes.in/wp-content/uploads/2025/09/WhatsApp-Image-2025-11-08-at-10.13.31-PM.jpeg,true
9pm (Attar),"Clone Attar, French Attar, French Attars, Premium Attars",,Created by Al Haramain Perfumes Hyderabad,"3 ml, 6 ml, 12 ml",100,400,INR,false,https://alharamainperfumes.in/product/9pm-loose-attar-fragrance/,https://alharamainperfumes.in/wp-content/uploads/2025/09/WhatsApp-Image-2025-11-08-at-10.13.31-PM.jpeg,true
9pm (Perfume),"Clone Perfumes, French, French Perfumes",,Created by Al Haramain Perfumes Hyderabad,"10 ml, 25 ml, 50 ml, 100ml",100,800,INR,false,https://alharamainperfumes.in/product/9pm-loose-perfume-fragrance/,https://alharamainperfumes.in/wp-content/uploads/2021/04/IMG_5374-scaled.jpg,true
Noir extreme super (Perfume),"Clone Perfumes, French, French Perfumes",,"Noir extreme super Noir extreme super, Created by Al Haramain Perfumes Hyderabad.","10 ml, 25 ml, 50 ml, 100ml",200,1500,INR,true,https://alharamainperfumes.in/product/noir-extreme-super-loose-perfume-fragrance/,https://alharamainperfumes.in/wp-content/uploads/2021/04/IMG_5374-scaled.jpg,true
Noir extreme super (Attar),"Arabic Attar, Clone Attar, French Attars, Premium Attars",,"Noir extreme super Noir extreme super attar, Created by Al Haramain Perfumes Hyderabad.","3 ml, 6 ml, 12 ml",150,600,INR,true,https://alharamainperfumes.in/product/noir-extreme-super-loose-attar-fragrance/,https://alharamainperfumes.in/wp-content/uploads/2025/09/WhatsApp-Image-2025-11-08-at-10.13.31-PM.jpeg,true
jadore super (Attar),"Clone Attar, French Attar, French Attars, Premium Attars",,"jadore super jadore super attar, Created by Al Haramain Perfumes Hyderabad.","3 ml, 6 ml, 12 ml",150,600,INR,true,https://alharamainperfumes.in/product/jadore-super-loose-attar-fragrance/,https://alharamainperfumes.in/wp-content/uploads/2025/09/WhatsApp-Image-2025-11-08-at-10.13.31-PM.jpeg,true
Dylan turquoise (Attar),"Arabic Attar, Clone Attar, Premium Attars",,"Dylan turquoise Dylan turquoise attar, Created by Al Haramain Perfumes Hyderabad.","3 ml, 6 ml, 12 ml",150,600,INR,false,https://alharamainperfumes.in/product/dylan-turquoise-loose-attar-fragrance/,https://alharamainperfumes.in/wp-content/uploads/2025/09/WhatsApp-Image-2025-11-08-at-10.13.31-PM.jpeg,false
Dylan turquoise (Perfume),"Clone Perfumes, French",,"Dylan turquoise Dylan turquoise, Created by Al Haramain Perfumes Hyderabad.","10 ml, 25 ml, 50 ml, 100ml",150,1200,INR,false,https://alharamainperfumes.in/product/dylan-turquoise-loose-perfume-by-fragrance/,https://alharamainperfumes.in/wp-content/uploads/2021/04/IMG_5374-scaled.jpg,false
Pacific chill (Perfume),"Clone Perfumes, French, French Perfumes",,"Pacific chill Pacific chill, Created by Al Haramain Perfumes Hyderabad.","10 ml, 25 ml, 50 ml, 100ml",100,800,INR,true,https://alharamainperfumes.in/product/pacific-chill-loose-perfume-fragrance/,https://alharamainperfumes.in/wp-content/uploads/2021/04/IMG_5374-scaled.jpg,true
Pacific chill (Attar),"Clone Attar, French Attar, French Attars, Premium Attars",,"Pacific chill Pacific chill, Created by Al Haramain Perfumes Hyderabad.","3 ml, 6 ml, 12 ml",100,400,INR,true,https://alharamainperfumes.in/product/pacific-chill-loose-attar-fragrance/,https://alharamainperfumes.in/wp-content/uploads/2025/09/WhatsApp-Image-2025-11-08-at-10.13.31-PM.jpeg,true
Light blue Italian zest (Attar),"Clone Attar, French Attar, Premium Attars",,"Light blue Italian zest Light blue Italian zest, Created by Al Haramain Perfumes Hyderabad.","3 ml, 6 ml, 12 ml",100,400,INR,true,https://alharamainperfumes.in/product/light-blue-italian-zest-loose-attar-fragrance/,https://alharamainperfumes.in/wp-content/uploads/2025/09/WhatsApp-Image-2025-11-08-at-10.13.31-PM.jpeg,false
Light blue Italian zest (Perfume),"Clone Perfumes, French",,"Light blue Italian zest Light blue Italian zest, Created by Al Haramain Perfumes Hyderabad.","10 ml, 25 ml, 50 ml, 100ml",100,800,INR,true,https://alharamainperfumes.in/product/light-blue-italian-zest-loose-perfume-fragrance/,https://alharamainperfumes.in/wp-content/uploads/2021/04/IMG_5374-scaled.jpg,false
Gentleman reserve eco (Perfume),"Clone Perfumes, French",,"Gentleman reserve eco Gentleman reserve eco, Created by Al Haramain Perfumes Hyderabad.","10 ml, 25 ml, 50 ml, 100ml",200,1500,INR,true,https://alharamainperfumes.in/product/gentleman-reserve-eco-loose-perfume-fragrance/,https://alharamainperfumes.in/wp-content/uploads/2025/12/WhatsApp-Image-2025-12-06-at-6.55.34-PM.jpeg,false
Haltane eco (Perfume),"Clone Perfumes, French, French Perfumes",,"Haltane eco Haltane eco, Created by Al Haramain Perfumes Hyderabad.","10 ml, 25 ml, 50 ml, 100ml",200,1500,INR,true,https://alharamainperfumes.in/product/haltane-eco-loose-perfume-fragrance/,https://alharamainperfumes.in/wp-content/uploads/2021/04/IMG_5374-scaled.jpg,true
Haltane eco (Attar),"Clone Attar, French Attar, French Attars, Premium Attars",,"Haltane eco Haltane eco attar, Created by Al Haramain Perfumes Hyderabad.","3 ml, 6 ml, 12 ml",150,600,INR,true,https://alharamainperfumes.in/product/haltane-eco-loose-attar-fragrance/,https://alharamainperfumes.in/wp-content/uploads/2025/09/WhatsApp-Image-2025-11-08-at-10.13.31-PM.jpeg,true
Gentleman reserve eco (Attar),"Clone Attar, French Attar, Premium Attars",,"Gentleman reserve eco Gentleman reserve eco attar, Created by Al Haramain Perfumes Hyderabad.","3 ml, 6 ml, 12 ml",150,600,INR,true,https://alharamainperfumes.in/product/gentleman-reserve-eco-loose-attar-fragrance/,https://alharamainperfumes.in/wp-content/uploads/2025/09/WhatsApp-Image-2025-11-08-at-10.13.31-PM.jpeg,false
Haltane super (Attar),"Clone Attar, French Attar, French Attars, Premium Attars",,Haltane super Haltane super. Created by Al Haramain Perfumes Hyderabad.,"3 ml, 6 ml, 12 ml",250,1000,INR,true,https://alharamainperfumes.in/product/haltane-super-loose-attar-fragrance/,https://alharamainperfumes.in/wp-content/uploads/2025/09/WhatsApp-Image-2025-11-08-at-10.13.31-PM.jpeg,true
Alexandria 2 super (Attar),"Clone Attar, French Attar, French Attars, Premium Attars",,Created by Al Haramain Perfumes Hyderabad,"3 ml, 6 ml, 12 ml",250,1000,INR,true,https://alharamainperfumes.in/product/alexandria-2-super-loose-attar-fragrance/,https://alharamainperfumes.in/wp-content/uploads/2025/09/WhatsApp-Image-2025-11-08-at-10.13.31-PM.jpeg,true
Gentleman reserve super (Perfume),"Clone Perfumes, French",,"Gentleman reserve super Gentleman reserve super, Created by Al Haramain Perfumes Hyderabad.","10 ml, 25 ml, 50 ml, 100ml",300,2500,INR,true,https://alharamainperfumes.in/product/gentleman-reserve-super-loose-perfume-by-fragrance/,https://alharamainperfumes.in/wp-content/uploads/2025/12/Gemini_Generated_Image_lfqffylfqffylfqf-1.png,false
Haltane super (Perfume),"Clone Perfumes, French, French Perfumes, Premium Perfumes",,"Haltane super Haltane super, Created by Al Haramain Perfumes Hyderabad.","10 ml, 25 ml, 50 ml, 100ml",300,2500,INR,true,https://alharamainperfumes.in/product/haltane-super-loose-perfume-by-fragrance/,https://alharamainperfumes.in/wp-content/uploads/2021/04/IMG_5374-scaled.jpg,true
Alexandria 2 super (Perfume),"Clone Perfumes, French, French Perfumes",,Created by Al Haramain Perfumes Hyderabad,"10 ml, 25 ml, 50 ml, 100ml",300,2500,INR,true,https://alharamainperfumes.in/product/alexandria-2-super-loose-perfume-by-fragrance/,https://alharamainperfumes.in/wp-content/uploads/2021/04/IMG_5374-scaled.jpg,true
Alexandria eco (Perfume),"Clone Perfumes, French, French Perfumes",,Created by Al Haramain Perfumes Hyderabad,"10 ml, 25 ml, 50 ml, 100ml",200,1200,INR,true,https://alharamainperfumes.in/product/lv-immensite-inspired-loose-perfume-by-fragrance-2/,https://alharamainperfumes.in/wp-content/uploads/2021/04/IMG_5374-scaled.jpg,true
Lv Immensite (Perfume),"Clone Perfumes, French, French Perfumes",,"Lv Immensite inspired Lv Immensite inspired, Created by Al Haramain Perfumes Hyderabad.","10 ml, 25 ml, 50 ml, 100ml",150,1200,INR,true,https://alharamainperfumes.in/product/lv-immensite-inspired-loose-perfume-by-fragrance/,https://alharamainperfumes.in/wp-content/uploads/2021/04/IMG_5374-scaled.jpg,true
Lv Immensite (Attar),"Clone Attar, French Attar, French Attars, Premium Attars",,"Lv Immensite inspired Lv Immensite inspired Attar, Created by Al Haramain Perfumes Hyderabad.","3 ml, 6 ml, 12 ml",150,600,INR,true,https://alharamainperfumes.in/product/lv-immensite-inspired-loose-attar-fragrance/,https://alharamainperfumes.in/wp-content/uploads/2025/09/WhatsApp-Image-2025-11-08-at-10.13.31-PM.jpeg,true
Alexandria eco (Attar),"Clone Attar, French Attar, French Attars, Premium Attars",,Created by Al Haramain Perfumes Hyderabad,"3 ml, 6 ml, 12 ml",100,400,INR,true,https://alharamainperfumes.in/product/alexandria-eco-loose-attar-fragrance/,https://alharamainperfumes.in/wp-content/uploads/2025/09/WhatsApp-Image-2025-11-08-at-10.13.31-PM.jpeg,true
Myself ysl (Attar),"Clone Attar, French Attar, French Attars, Premium Attars",,"Myself ysl inspired Myself ysl inspired Attar, Created by Al Haramain Perfumes Hyderabad.","3 ml, 6 ml, 12 ml",100,400,INR,true,https://alharamainperfumes.in/product/myself-ysl-inspired-loose-attar-fragrance/,https://alharamainperfumes.in/wp-content/uploads/2025/09/WhatsApp-Image-2025-11-08-at-10.13.31-PM.jpeg,true
Myself ysl (Perfume),"Clone Perfumes, French, French Perfumes",,"Myself ysl inspired Myself ysl inspired fragrance, Created by Al Haramain Perfumes Hyderabad.","10 ml, 25 ml, 50 ml, 100ml",100,800,INR,true,https://alharamainperfumes.in/product/myself-ysl-inspired-loose-perfume-fragrance/,https://alharamainperfumes.in/wp-content/uploads/2021/04/IMG_5374-scaled.jpg,true
CR7 gift set,"100ml, Fancy Bottles, Perfume Bottles",,"100 ml cr7 inspired fragrance in a beautiful imported football golden bottle, with gift box",,800,800,INR,false,https://alharamainperfumes.in/product/cr7-gift-set/,https://alharamainperfumes.in/wp-content/uploads/2024/07/IMG_6593.jpg,false
Vanilla sex tf (Perfume),"Clone Perfumes, French",,"Vanilla sex tf inspired Vanilla sex tf inspired fragrance, Created by Al Haramain Perfumes Hyderabad.","10 ml, 25 ml, 50 ml, 100ml",100,800,INR,true,https://alharamainperfumes.in/product/vanilla-sex-tf-inspired-loose-perfume-fragrance/,https://alharamainperfumes.in/wp-content/uploads/2021/04/IMG_5374-scaled.jpg,false
Vanilla sex tf (Attar),"Clone Attar, French Attar, Premium Attars",,"Vanilla sex tf inspired Vanilla sex tf inspired Attar, Created by Al Haramain Perfumes Hyderabad.","3 ml, 6 ml, 12 ml",100,400,INR,true,https://alharamainperfumes.in/product/vanilla-sex-tf-inspired-loose-attar-fragrance/,https://alharamainperfumes.in/wp-content/uploads/2025/09/WhatsApp-Image-2025-11-08-at-10.13.31-PM.jpeg,false
Vanilla coco utopia (Perfume),"Clone Perfumes, French",,"Vanilla coco utopia inspired Vanilla coco utopia inspired fragrance, Created by Al Haramain Perfumes Hyderabad.","10 ml, 25 ml, 50 ml, 100ml",100,800,INR,true,https://alharamainperfumes.in/product/vanilla-coco-utopia-inspired-loose-perfume-fragrance/,https://alharamainperfumes.in/wp-content/uploads/2021/04/IMG_5374-scaled.jpg,false
Vanilla coco utopia (Attar),"Clone Attar, French Attar, Premium Attars",,"Vanilla coco utopia inspired Vanilla coco utopia inspired Attar, Created by Al Haramain Perfumes Hyderabad.","3 ml, 6 ml, 12 ml",100,400,INR,true,https://alharamainperfumes.in/product/vanilla-coco-utopia-inspired-loose-attar-fragrance/,https://alharamainperfumes.in/wp-content/uploads/2025/09/WhatsApp-Image-2025-11-08-at-10.13.31-PM.jpeg,false
Rose intense Chloe (Attar),"Clone Attar, French Attar, Premium Attars",,"Rose intense Chloe inspired Rose intense Chloe inspired Attar, Created by Al Haramain Perfumes Hyderabad.","3 ml, 6 ml, 12 ml",100,400,INR,true,https://alharamainperfumes.in/product/rose-intense-chloe-inspired-loose-attar-fragrance/,https://alharamainperfumes.in/wp-content/uploads/2025/09/WhatsApp-Image-2025-11-08-at-10.13.31-PM.jpeg,false
Rose intense Chloe (Perfume),"Clone Perfumes, French",,"Rose intense Chloe inspired Rose intense Chloe inspired fragrance, Created by Al Haramain Perfumes Hyderabad.","10 ml, 25 ml, 50 ml, 100ml",100,800,INR,true,https://alharamainperfumes.in/product/rose-intense-chloe-inspired-loose-perfume-fragrance/,https://alharamainperfumes.in/wp-content/uploads/2021/04/IMG_5374-scaled.jpg,false
LA VIE EST BELLE (Attar),"Clone Attar, French Attar, Premium Attars",,"LA VIE EST BELLE LA VIE EST BELLE Attar, Created by Al Haramain Perfumes Hyderabad.","3 ml, 6 ml, 12 ml",100,400,INR,true,https://alharamainperfumes.in/product/la-vie-est-belle-loose-attar-fragrance/,https://alharamainperfumes.in/wp-content/uploads/2025/09/WhatsApp-Image-2025-11-08-at-10.13.31-PM.jpeg,false
LA VIE EST BELLE (Perfume),"Clone Perfumes, French",,"LA VIE EST BELLE LA VIE EST BELLE fragrance, Created by Al Haramain Perfumes Hyderabad.","10 ml, 25 ml, 50 ml, 100ml",100,800,INR,true,https://alharamainperfumes.in/product/la-vie-est-belle-loose-perfume-fragrance/,https://alharamainperfumes.in/wp-content/uploads/2021/04/IMG_5374-scaled.jpg,false
Sexy graffitie (Perfume),"Clone Perfumes, French",,"Sexy graffiti e inspired Sexy graffiti e inspired fragrance, Created by Al Haramain Perfumes Hyderabad.","10 ml, 25 ml, 50 ml, 100ml",100,800,INR,true,https://alharamainperfumes.in/product/sexy-graffiti-e-inspired-loose-perfume-fragrance/,https://alharamainperfumes.in/wp-content/uploads/2021/04/IMG_5374-scaled.jpg,false
Sexy graffitie (Attar),"Clone Attar, French Attar, Premium Attars",,"Sexy graffiti e inspired Sexy graffiti e inspired Attar, Created by Al Haramain Perfumes Hyderabad.","3 ml, 6 ml, 12 ml",100,400,INR,true,https://alharamainperfumes.in/product/sexy-graffiti-e-inspired-loose-attar-fragrance/,https://alharamainperfumes.in/wp-content/uploads/2025/09/WhatsApp-Image-2025-11-08-at-10.13.31-PM.jpeg,false
Vph (Perfume),"Clone Perfumes, French, French Perfumes",,"Vph Vph fragrance, Created by Al Haramain Perfumes Hyderabad.","10 ml, 25 ml, 50 ml, 100ml",100,800,INR,false,https://alharamainperfumes.in/product/nautica-voyage-nautica-for-menloose-perfume-fragrance-2-8/,https://alharamainperfumes.in/wp-content/uploads/2021/04/IMG_5374-scaled.jpg,true
Vph (Attar),"Clone Attar, French Attar, French Attars, Premium Attars",,"Vph Vph Attar, Created by Al Haramain Perfumes Hyderabad.","3 ml, 6 ml, 12 ml",100,400,INR,false,https://alharamainperfumes.in/product/vph-loose-attar-fragrance/,https://alharamainperfumes.in/wp-content/uploads/2025/09/WhatsApp-Image-2025-11-08-at-10.13.31-PM.jpeg,true
Jpg le beau super (Perfume),"Clone Perfumes, French, French Perfumes",,"Jpg le beau super Jpg le beau super fragrance, Created by Al Haramain Perfumes Hyderabad.","10 ml, 25 ml, 50 ml, 100ml",200,1500,INR,true,https://alharamainperfumes.in/product/jpg-le-beau-super-loose-perfume-fragrance/,https://alharamainperfumes.in/wp-content/uploads/2021/04/IMG_5374-scaled.jpg,true
Jpg le beau super (Attar),"Clone Attar, French Attar, French Attars, Premium Attars",,"Jpg le beau super Jpg le beau super attar, Created by Al Haramain Perfumes Hyderabad.","3 ml, 6 ml, 12 ml",150,600,INR,true,https://alharamainperfumes.in/product/jpg-le-beau-super-loose-attar-fragrance/,https://alharamainperfumes.in/wp-content/uploads/2025/09/WhatsApp-Image-2025-11-08-at-10.13.31-PM.jpeg,true
Miss D cherie (Perfume),"Clone Perfumes, French, French Perfumes",,"Miss D cherie inspired Miss D cherie inspired fragrance, Created by Al Haramain Perfumes Hyderabad.","10 ml, 25 ml, 50 ml, 100ml",100,800,INR,true,https://alharamainperfumes.in/product/miss-d-cherie-inspired-loose-perfume-fragrance/,https://alharamainperfumes.in/wp-content/uploads/2021/04/IMG_5374-scaled.jpg,true
Miss D cherie (Attar),"Clone Attar, French Attar, French Attars, Premium Attars",,"Miss D cherie inspired Miss D cherie inspired Attar, Created by Al Haramain Perfumes Hyderabad.","3 ml, 6 ml, 12 ml",100,400,INR,true,https://alharamainperfumes.in/product/miss-d-cherie-inspired-loose-attar-fragrance/,https://alharamainperfumes.in/wp-content/uploads/2025/09/WhatsApp-Image-2025-11-08-at-10.13.31-PM.jpeg,true
Qurashi blend (Perfume),"Arabic Perfumes, Clone Perfumes, French",,"Qurashi blend Qurashi blend fragrance, Created by Al Haramain Perfumes Hyderabad.","10 ml, 25 ml, 50 ml, 100ml",200,1500,INR,true,https://alharamainperfumes.in/product/qurashi-blend-loose-perfume-fragrance/,https://alharamainperfumes.in/wp-content/uploads/2021/04/IMG_5374-scaled.jpg,true
Qurashi blend (Attar),"Arabic Attars, Clone Attar, French Attar, Premium Attars",,"Qurashi blend Qurashi blend Attar, Created by Al Haramain Perfumes Hyderabad.","3 ml, 6 ml, 12 ml",200,800,INR,true,https://alharamainperfumes.in/product/qurashi-blend-loose-attar-fragrance/,https://alharamainperfumes.in/wp-content/uploads/2025/09/WhatsApp-Image-2025-11-08-at-10.13.31-PM.jpeg,true
Special nights Arabian oud (Perfume),"Clone Perfumes, French",,"Special nights Arabian oud inspired attar Special nights Arabian oud inspired attar fragrance, Created by Al Haramain Perfumes Hyderabad.","10 ml, 25 ml, 50 ml, 100ml",150,1200,INR,true,https://alharamainperfumes.in/product/special-nights-arabian-oud-inspired-attar-loose-perfume-fragrance/,https://alharamainperfumes.in/wp-content/uploads/2021/04/IMG_5374-scaled.jpg,false
Special nights Arabian oud (Attar),"Clone Attar, French Attar, Premium Attars",,"Special nights Arabian oud inspired attar Special nights Arabian oud inspired attar, Created by Al Haramain Perfumes Hyderabad.","3 ml, 6 ml, 12 ml",150,600,INR,true,https://alharamainperfumes.in/product/special-nights-arabian-oud-inspired-attar-loose-attar-fragrance/,https://alharamainperfumes.in/wp-content/uploads/2025/09/WhatsApp-Image-2025-11-08-at-10.13.31-PM.jpeg,false
Al Fareed Arabian oud (Perfume),"Clone Perfumes, French",,Created by Al Haramain Perfumes Hyderabad,"10 ml, 25 ml, 50 ml, 100ml",200,1500,INR,true,https://alharamainperfumes.in/product/al-fareed-arabian-oud-inspired-loose-perfume-fragrance/,https://alharamainperfumes.in/wp-content/uploads/2021/04/IMG_5374-scaled.jpg,false
Al Fareed Arabian oud (Attar),"Clone Attar, French Attar, Premium Attars",,Created by Al Haramain Perfumes Hyderabad,"3 ml, 6 ml, 12 ml",150,600,INR,true,https://alharamainperfumes.in/product/al-fareed-arabian-oud-inspired-loose-attar-fragrance/,https://alharamainperfumes.in/wp-content/uploads/2025/09/WhatsApp-Image-2025-11-08-at-10.13.31-PM.jpeg,false
Safari extreme asq (Attar),"Clone Attar, French Attar, Premium Attars","Top: Raspberry, Saffron, Mandarin Orange, Bergamot, Lily-of-the-Valley, Magnolia, Lime Blossom, Thyme and Lilac | Middle: Peach, Olibanum, Ylang-Ylang, Jasmine, Tuberose, Bulgarian Rose, Violet, Nutmeg and Carnation | Base: Vanilla, Sandalwood, Woodsy Notes, Leather, Suede, Iris, Amber, Musk and Clove","Safari Extreme Asq by Al Haramain Perfumes is a Oriental fragrance for men. Top notes: Raspberry, Saffron, Mandarin Orange, Bergamot, Lily-of-the-Valley, Magnolia, Lime Blossom, Thyme and Lilac; Middle notes: Peach, Olibanum, Ylang-Ylang, Jasmine, Tuberose, Bulgarian Rose, Violet, Nutmeg and Carnation; Base notes : Vanilla, Sandalwood, Woodsy Notes, Leather, Suede, Iris, Amber, Musk and Clove. Safari Extreme Asq Attar Created by Al Haramain Perfumes Hyderabad.","3 ml, 6 ml, 12 ml",150,600,INR,true,https://alharamainperfumes.in/product/safari-extreme-asq-loose-attar-fragrance/,https://alharamainperfumes.in/wp-content/uploads/2025/09/WhatsApp-Image-2025-11-08-at-10.13.31-PM.jpeg,false
Safari extreme asq (Perfume),"Clone Perfumes, French","Top: Raspberry, Saffron, Mandarin Orange, Bergamot, Lily-of-the-Valley, Magnolia, Lime Blossom, Thyme and Lilac | Middle: Peach, Olibanum, Ylang-Ylang, Jasmine, Tuberose, Bulgarian Rose, Violet, Nutmeg and Carnation | Base: Vanilla, Sandalwood, Woodsy Notes, Leather, Suede, Iris, Amber, Musk and Clove","Safari Extreme Asq Perfume by Al Haramain Perfumes is a Oriental fragrance for men. Top notes: Raspberry, Saffron, Mandarin Orange, Bergamot, Lily-of-the-Valley, Magnolia, Lime Blossom, Thyme and Lilac; Middle notes: Peach, Olibanum, Ylang-Ylang, Jasmine, Tuberose, Bulgarian Rose, Violet, Nutmeg and Carnation; Base notes : Vanilla, Sandalwood, Woodsy Notes, Leather, Suede, Iris, Amber, Musk and Clove. Safari Extreme Asq Perfume Created by Al Haramain Perfumes Hyderabad.","10 ml, 25 ml, 30 ml, 50 ml, 100 ml",150,1200,INR,true,https://alharamainperfumes.in/product/safari-extreme-asq-loose-perfume-by-fragrance/,https://alharamainperfumes.in/wp-content/uploads/2026/06/glass-bottles-2.png,false
Roses Jasmine mancer (Perfume),"Clone Perfumes, French",,"Roses Jasmine mancer inspired Roses Jasmine mancer inspired, Created by Al Haramain Perfumes Hyderabad.","10 ml, 25 ml, 50 ml, 100ml",100,800,INR,true,https://alharamainperfumes.in/product/roses-jasmine-mancer-inspired-loose-perfume-fragrance/,https://alharamainperfumes.in/wp-content/uploads/2021/04/IMG_5374-scaled.jpg,false
Roses Jasmine mancer (Attar),"Arabic Attar, Clone Attar, Premium Attars",,"Roses Jasmine mancer inspired attar Roses Jasmine mancer inspired attar, Created by Al Haramain Perfumes Hyderabad.","3 ml, 6 ml, 12 ml",100,400,INR,true,https://alharamainperfumes.in/product/roses-jasmine-mancer-inspired-loose-attar-fragrance/,https://alharamainperfumes.in/wp-content/uploads/2025/09/WhatsApp-Image-2025-11-08-at-10.13.31-PM.jpeg,false
La Luna valley (Attar),"Arabic Attars, Clone Attar, French Attar, Premium Attars",,"La Luna valley La Luna valley fragrance Attar, Created by Al Haramain Perfumes Hyderabad.","3 ml, 6 ml, 12 ml",150,600,INR,true,https://alharamainperfumes.in/product/la-luna-valley-loose-attar-fragrance/,https://alharamainperfumes.in/wp-content/uploads/2025/09/WhatsApp-Image-2025-11-08-at-10.13.31-PM.jpeg,true
Erba pura eco attar (Attar),"Arabic Attar, Clone Attar, French Attars, Premium Attars",,"Erba pura eco attar Erba pura eco attar, Created by Al Haramain Perfumes Hyderabad.","3 ml, 6 ml, 12 ml",100,400,INR,true,https://alharamainperfumes.in/product/erba-pura-eco-attar-loose-attar-fragrance/,https://alharamainperfumes.in/wp-content/uploads/2025/09/WhatsApp-Image-2025-11-08-at-10.13.31-PM.jpeg,true
Erba pura eco (Perfume),"Clone Perfumes, French Perfumes",,"Erba pura eco Erba pura eco fragrance, Created by Al Haramain Perfumes Hyderabad.","10 ml, 25 ml, 50 ml, 100ml",100,800,INR,true,https://alharamainperfumes.in/product/erba-pura-eco-loose-perfume-fragrance/,https://alharamainperfumes.in/wp-content/uploads/2021/04/IMG_5374-scaled.jpg,true
Iconic oud (Perfume),"Clone Perfumes, French",,"Iconic oud attar Iconic oud attar fragrance, Created by Al Haramain Perfumes Hyderabad.","10 ml, 25 ml, 50 ml, 100ml",100,800,INR,true,https://alharamainperfumes.in/product/iconic-oud-attar-loose-perfume-fragrance/,https://alharamainperfumes.in/wp-content/uploads/2021/04/IMG_5374-scaled.jpg,false
Iconic oud attar (Attar),"Clone Attar, French Attar, Premium Attars",,"Iconic oud attar Iconic oud attar, Created by Al Haramain Perfumes Hyderabad.","3 ml, 6 ml, 12 ml",100,400,INR,true,https://alharamainperfumes.in/product/iconic-oud-attar-loose-attar-fragrance/,https://alharamainperfumes.in/wp-content/uploads/2025/09/WhatsApp-Image-2025-11-08-at-10.13.31-PM.jpeg,false
Most wanted Parfum (Perfume),"Clone Perfumes, French, French Perfumes",,"Most wanted Parfum inspired Most wanted Parfum inspired fragrance, Created by Al Haramain Perfumes Hyderabad.","10 ml, 25 ml, 50 ml, 100ml",100,800,INR,false,https://alharamainperfumes.in/product/most-wanted-parfum-inspired-loose-perfume-fragrance/,https://alharamainperfumes.in/wp-content/uploads/2021/04/IMG_5374-scaled.jpg,true
Most wanted Parfum (Attar),"Clone Attar, French Attar, French Attars, Premium Attars",,"Most wanted Parfum inspired Most wanted Parfum inspired Attar, Created by Al Haramain Perfumes Hyderabad.","3 ml, 6 ml, 12 ml",100,400,INR,false,https://alharamainperfumes.in/product/most-wanted-parfum-inspired-loose-attar-fragrance/,https://alharamainperfumes.in/wp-content/uploads/2025/09/WhatsApp-Image-2025-11-08-at-10.13.31-PM.jpeg,true
Khamra (Perfume),"Arabic Perfumes, Clone Perfumes",,"Khamra Khamra fragrance, Created by Al Haramain Perfumes Hyderabad.","10 ml, 25 ml, 50 ml, 100ml",100,800,INR,true,https://alharamainperfumes.in/product/khamra-loose-perfume-fragrance/,https://alharamainperfumes.in/wp-content/uploads/2021/04/IMG_5374-scaled.jpg,true
Khamra (Attar),"Arabic Attars, Clone Attar, French Attar, Premium Attars",,"Khamra Khamra Attar, Created by Al Haramain Perfumes Hyderabad.","3 ml, 6 ml, 12 ml",100,400,INR,true,https://alharamainperfumes.in/product/khamra-loose-attar-fragrance/,https://alharamainperfumes.in/wp-content/uploads/2025/09/WhatsApp-Image-2025-11-08-at-10.13.31-PM.jpeg,true
Shanaya super (Perfume),"Arabic Perfumes, Clone Perfumes, French",,"Shanaya super Shanaya super fragrance, Created by Al Haramain Perfumes Hyderabad.","10 ml, 25 ml, 50 ml, 100ml",100,800,INR,true,https://alharamainperfumes.in/product/shanaya-super-loose-perfume-fragrance/,https://alharamainperfumes.in/wp-content/uploads/2021/04/IMG_5374-scaled.jpg,true
Shanaya super (Attar),"Arabic Attar, Arabic Attars, Clone Attar, Premium Attars",,"Shanaya super Shanaya super Attar, Created by Al Haramain Perfumes Hyderabad.","3 ml, 6 ml, 12 ml",100,400,INR,true,https://alharamainperfumes.in/product/shanaya-super-loose-attar-fragrance/,https://alharamainperfumes.in/wp-content/uploads/2025/09/WhatsApp-Image-2025-11-08-at-10.13.31-PM.jpeg,true
Peacock attar bottle,"6ml, Attar Bottles, Fancy Bottles",,Attar options included with bottle including gift box,,1000,1000,INR,true,https://alharamainperfumes.in/product/peacock-attar-bottle/,https://alharamainperfumes.in/wp-content/uploads/2024/06/IMG_5620.jpg,false
Pink comb incense burner,Oud burner,,"USB charging incense burner , practical and easy to carry , push button twice to heat . Use once and let it cool down . Use Bakhoor and clean after use . Product has no warranty as it’s imported but it is opened and checked before getting dispatched",,700,700,INR,true,https://alharamainperfumes.in/product/pink-comb-incense-burner/,https://alharamainperfumes.in/wp-content/uploads/2024/06/IMG_5447-scaled.jpg,false
Black comb incense burner,Oud burner,,"USB charging incense burner , practical and easy to carry , push button twice to heat . Use once and let it cool down . Use Bakhoor and clean after use . Product has no warranty as it’s imported but it is opened and checked before getting dispatched",,700,700,INR,false,https://alharamainperfumes.in/product/black-comb-incense-burner/,https://alharamainperfumes.in/wp-content/uploads/2024/06/IMG_5450-scaled.jpg,false
More than words super (Attar),"Clone Attar, French Attar, French Attars, Premium Attars",,"More than words super More than words super Attar, Created by Al Haramain Perfumes Hyderabad.","3 ml, 6 ml, 12 ml",300,1200,INR,true,https://alharamainperfumes.in/product/more-than-words-super-loose-attar-fragrance/,https://alharamainperfumes.in/wp-content/uploads/2025/09/WhatsApp-Image-2025-11-08-at-10.13.31-PM.jpeg,true
More than words super (Perfume),"Clone Perfumes, French, French Perfumes",,"More than words super More than words super fragrance, Created by Al Haramain Perfumes Hyderabad.","10 ml, 25 ml, 50 ml, 100ml",500,4000,INR,true,https://alharamainperfumes.in/product/more-than-words-super-loose-perfume-by-fragrance/,https://alharamainperfumes.in/wp-content/uploads/2021/04/IMG_5374-scaled.jpg,true
One and only gizah (Attar),"Arabic Attars, Clone Attar, French Attar, Premium Attars",,"One and only gizah inspired One and only gizah inspired Attar, Created by Al Haramain Perfumes Hyderabad.","3 ml, 6 ml, 12 ml",100,400,INR,true,https://alharamainperfumes.in/product/one-and-only-gizah-inspired-loose-attar-fragrance/,https://alharamainperfumes.in/wp-content/uploads/2025/09/WhatsApp-Image-2025-11-08-at-10.13.31-PM.jpeg,true
One and only gizah (Perfume),"Arabic Perfumes, Clone Perfumes, French",,"One and only gizah inspired One and only gizah inspired fragrance, Created by Al Haramain Perfumes Hyderabad.","10 ml, 25 ml, 50 ml, 100ml",100,800,INR,true,https://alharamainperfumes.in/product/one-and-only-gizah-inspired-loose-perfume-fragrance/,https://alharamainperfumes.in/wp-content/uploads/2021/04/IMG_5374-scaled.jpg,true
Barbecue Rose bakhoor,Bakhoor & Oud,,Created by Al Haramain Perfumes Hyderabad,"10grams, 50grams",100,500,INR,true,https://alharamainperfumes.in/product/barbecue-rose-bakhoor/,https://alharamainperfumes.in/wp-content/uploads/2024/04/IMG_0962.jpg,false
Barbecue Rose (Perfume),"Arabic Perfumes, Clone Perfumes, French",,Created by Al Haramain Perfumes Hyderabad,"10 ml, 25 ml, 50 ml, 100ml",100,800,INR,true,https://alharamainperfumes.in/product/barbecue-rose-loose-perfume-fragrance/,https://alharamainperfumes.in/wp-content/uploads/2021/04/IMG_5374-scaled.jpg,true
Barbecue Rose (Attar),"Arabic Attars, Clone Attar, French Attar, Premium Attars",,Created by Al Haramain Perfumes Hyderabad,"3 ml, 6 ml, 12 ml",100,400,INR,true,https://alharamainperfumes.in/product/barbecue-rose-loose-attar-fragrance/,https://alharamainperfumes.in/wp-content/uploads/2025/09/WhatsApp-Image-2025-11-08-at-10.13.31-PM.jpeg,true
By the fire place (Perfume),"Clone Perfumes, French",,"By the fire place By the fire place fragrance, Created by Al Haramain Perfumes Hyderabad.","10 ml, 25 ml, 50 ml, 100ml",100,800,INR,true,https://alharamainperfumes.in/product/by-the-fire-place-loose-perfume-fragrance/,https://alharamainperfumes.in/wp-content/uploads/2021/04/IMG_5374-scaled.jpg,false
By the fire place (Attar),"Clone Attar, French Attar, Premium Attars",,"By the fire place By the fire place Attar, Created by Al Haramain Perfumes Hyderabad.","3 ml, 6 ml, 12 ml",100,400,INR,true,https://alharamainperfumes.in/product/by-the-fire-place-loose-attar-fragrance/,https://alharamainperfumes.in/wp-content/uploads/2025/09/WhatsApp-Image-2025-11-08-at-10.13.31-PM.jpeg,false
Blue moon ginger super (Attar),"Clone Attar, French Attar, Premium Attars",,"Blue moon ginger super Blue moon ginger super fragrance Attar, Created by Al Haramain Perfumes Hyderabad.","3 ml, 6 ml, 12 ml",150,600,INR,true,https://alharamainperfumes.in/product/blue-moon-ginger-super-loose-attar-fragrance/,https://alharamainperfumes.in/wp-content/uploads/2025/09/WhatsApp-Image-2025-11-08-at-10.13.31-PM.jpeg,false
Blue moon ginger super (Perfume),"Clone Perfumes, French",,"Blue moon ginger super Blue moon ginger super fragrance, Created by Al Haramain Perfumes Hyderabad.","10 ml, 25 ml, 50 ml, 100ml",200,1500,INR,true,https://alharamainperfumes.in/product/blue-moon-ginger-super-loose-perfume-fragrance/,https://alharamainperfumes.in/wp-content/uploads/2021/04/IMG_5374-scaled.jpg,false
Bottled Marine (Perfume),"Clone Perfumes, French, French Perfumes",,"Bottled Marine inspired Bottled Marine inspired fragrance, Created by Al Haramain Perfumes Hyderabad.","10 ml, 25 ml, 50 ml, 100ml",200,1500,INR,false,https://alharamainperfumes.in/product/bottled-marine-inspired-loose-perfume-fragrance/,https://alharamainperfumes.in/wp-content/uploads/2021/04/IMG_5374-scaled.jpg,true
Bottled Marine (Attar),"Clone Attar, French Attar, French Attars, Premium Attars",,"Bottled Marine inspired Bottled Marine inspired fragrance Attar, Created by Al Haramain Perfumes Hyderabad.","3 ml, 6 ml, 12 ml",150,600,INR,false,https://alharamainperfumes.in/product/bottled-marine-inspired-loose-attar-fragrance/,https://alharamainperfumes.in/wp-content/uploads/2025/09/WhatsApp-Image-2025-11-08-at-10.13.31-PM.jpeg,true
Invictus platinum (Perfume),"Clone Perfumes, French",,"Invictus platinum inspired Invictus platinum inspired fragrance, Created by Al Haramain Perfumes Hyderabad.","10 ml, 25 ml, 50 ml, 100ml",100,800,INR,false,https://alharamainperfumes.in/product/invictus-platinum-inspired-loose-perfume-fragrance-2/,https://alharamainperfumes.in/wp-content/uploads/2021/04/IMG_5374-scaled.jpg,false
Invictus platinum (Attar),"Clone Attar, French Attar, Premium Attars",,"Invictus platinum inspired Invictus platinum inspired fragrance Attar, Created by Al Haramain Perfumes Hyderabad.","3 ml, 6 ml, 12 ml",100,400,INR,false,https://alharamainperfumes.in/product/invictus-platinum-inspired-loose-attar-fragrance-2/,https://alharamainperfumes.in/wp-content/uploads/2025/09/WhatsApp-Image-2025-11-08-at-10.13.31-PM.jpeg,false
Polo red parfum (Perfume),"Clone Perfumes, French",,"Polo red parfum inspired Polo red parfum inspired fragrance, Created by Al Haramain Perfumes Hyderabad.","10 ml, 25 ml, 50 ml, 100ml",200,1200,INR,true,https://alharamainperfumes.in/product/polo-red-parfum-inspired-loose-perfume-by-fragrance/,https://alharamainperfumes.in/wp-content/uploads/2021/04/IMG_5374-scaled.jpg,false
Polo red parfum (Attar),"Clone Attar, French Attar, Premium Attars",,"Polo red parfum inspired Polo red parfum inspired fragrance Attar, Created by Al Haramain Perfumes Hyderabad.","3 ml, 6 ml, 12 ml",100,400,INR,true,https://alharamainperfumes.in/product/polo-red-parfum-inspired-loose-attar-fragrance/,https://alharamainperfumes.in/wp-content/uploads/2025/09/WhatsApp-Image-2025-11-08-at-10.13.31-PM.jpeg,false
Light blue pour femme (Perfume),"Clone Perfumes, French",,"Light blue pour femme Light blue pour femme fragrance, Created by Al Haramain Perfumes Hyderabad.","10 ml, 25 ml, 50 ml, 100ml",100,800,INR,false,https://alharamainperfumes.in/product/light-blue-pour-femme-loose-perfume-fragrance/,https://alharamainperfumes.in/wp-content/uploads/2021/04/IMG_5374-scaled.jpg,false
Light blue pour femme (Attar),"Clone Attar, French Attar, Premium Attars",,"Light blue pour femme Light blue pour femme fragrance Attar, Created by Al Haramain Perfumes Hyderabad.","3 ml, 6 ml, 12 ml",100,400,INR,false,https://alharamainperfumes.in/product/light-blue-pour-femme-loose-attar-fragrance/,https://alharamainperfumes.in/wp-content/uploads/2025/09/WhatsApp-Image-2025-11-08-at-10.13.31-PM.jpeg,false
La Luna valley (Perfume),"Arabic Perfumes, Clone Perfumes, French",,"La Luna valley La Luna valley fragrance, Created by Al Haramain Perfumes Hyderabad.","10 ml, 25 ml, 50 ml, 100ml",200,1200,INR,true,https://alharamainperfumes.in/product/la-luna-valley-loose-perfume-fragrance/,https://alharamainperfumes.in/wp-content/uploads/2021/04/IMG_5374-scaled.jpg,true
Musk flora (Attar),"Clone Attar, French Attar, Premium Attars",,"Musk flora Musk flora fragrance Attar, Created by Al Haramain Perfumes Hyderabad.","3 ml, 6 ml, 12 ml",100,400,INR,true,https://alharamainperfumes.in/product/musk-flora-loose-attar-fragrance/,https://alharamainperfumes.in/wp-content/uploads/2025/09/WhatsApp-Image-2025-11-08-at-10.13.31-PM.jpeg,false
Musk flora (Perfume),"Clone Perfumes, French",,"Musk flora Musk flora fragrance, Created by Al Haramain Perfumes Hyderabad.","10 ml, 25 ml, 50 ml, 100ml",100,800,INR,true,https://alharamainperfumes.in/product/musk-flora-loose-perfume-fragrance/,https://alharamainperfumes.in/wp-content/uploads/2021/04/IMG_5374-scaled.jpg,false
Blackmusk Mad et Len (Attar),"Clone Attar, French Attar, Premium Attars",,"Blackmusk Mad et Len inspired Blackmusk Mad et Len inspired fragrance Attar, Created by Al Haramain Perfumes Hyderabad.","3 ml, 6 ml, 12 ml",150,600,INR,true,https://alharamainperfumes.in/product/blackmusk-mad-et-len-inspired-loose-attar-fragrance/,https://alharamainperfumes.in/wp-content/uploads/2025/09/WhatsApp-Image-2025-11-08-at-10.13.31-PM.jpeg,false
Blackmusk Mad et Len (Perfume),"Clone Perfumes, French",,"Blackmusk Mad et Len inspired Blackmusk Mad et Len inspired fragrance, Created by Al Haramain Perfumes Hyderabad.","10 ml, 25 ml, 50 ml, 100ml",200,1500,INR,true,https://alharamainperfumes.in/product/blackmusk-mad-et-len-inspired-loose-perfume-fragrance/,https://alharamainperfumes.in/wp-content/uploads/2021/04/IMG_5374-scaled.jpg,false
Imagination (Perfume),"Clone Perfumes, French, French Perfumes",,"Imagination inspired Imagination inspired fragrance, Created by Al Haramain Perfumes Hyderabad.","10 ml, 25 ml, 50 ml, 100ml",200,1500,INR,true,https://alharamainperfumes.in/product/imagination-inspired-loose-perfume-fragrance/,https://alharamainperfumes.in/wp-content/uploads/2021/04/IMG_5374-scaled.jpg,true
Imagination (Attar),"Clone Attar, French Attar, French Attars, Premium Attars",,"Imagination inspired Imagination inspired fragrance Attar, Created by Al Haramain Perfumes Hyderabad.","3 ml, 6 ml, 12 ml",150,600,INR,true,https://alharamainperfumes.in/product/imagination-inspired-loose-attar-fragrance/,https://alharamainperfumes.in/wp-content/uploads/2025/09/WhatsApp-Image-2025-11-08-at-10.13.31-PM.jpeg,true
Mancer roses vanille (Perfume),"Clone Perfumes, French",,"Mancer roses vanille inspired Mancer roses vanille inspired fragrance, Created by Al Haramain Perfumes Hyderabad.","10 ml, 25 ml, 50 ml, 100ml",100,800,INR,true,https://alharamainperfumes.in/product/mancer-roses-vanille-inspired-loose-perfume-fragrance/,https://alharamainperfumes.in/wp-content/uploads/2021/04/IMG_5374-scaled.jpg,false
Ysl tuxedo (Attar),"Clone Attar, French Attar, French Attars, Premium Attars",,"Ysl tuxedo inspired Ysl tuxedo inspired fragrance Attar, Created by Al Haramain Perfumes Hyderabad.","3 ml, 6 ml, 12 ml",150,600,INR,true,https://alharamainperfumes.in/product/ysl-tuxedo-inspired-loose-attar-fragrance/,https://alharamainperfumes.in/wp-content/uploads/2025/09/WhatsApp-Image-2025-11-08-at-10.13.31-PM.jpeg,true
OUD & ROSES – AHMED (Attar),"Arabic Attar, Arabic Attars, Clone Attar, Premium Attars",,"OUD & ROSES – AHMED inspired OUD & ROSES – AHMED inspired Attar, Created by Al Haramain Perfumes Hyderabad.","3 ml, 6 ml, 12 ml",150,600,INR,true,https://alharamainperfumes.in/product/oud-roses-ahmed-inspired-loose-attar-fragrance/,https://alharamainperfumes.in/wp-content/uploads/2025/09/WhatsApp-Image-2025-11-08-at-10.13.31-PM.jpeg,true
OUD & ROSES – AHMED (Perfume),"Arabic Perfumes, Clone Perfumes, French",,"OUD & ROSES – AHMED inspired OUD & ROSES – AHMED inspired fragrance, Created by Al Haramain Perfumes Hyderabad.","10 ml, 25 ml, 50 ml, 100ml",150,1200,INR,true,https://alharamainperfumes.in/product/oud-roses-ahmed-inspired-loose-perfume-fragrance/,https://alharamainperfumes.in/wp-content/uploads/2021/04/IMG_5374-scaled.jpg,true
Ysl tuxedo (Perfume),"Clone Perfumes, French, French Perfumes",,"Ysl tuxedo inspired inspired Ysl tuxedo inspired fragrance, Created by Al Haramain Perfumes Hyderabad.","10 ml, 25 ml, 50 ml, 100ml",150,1200,INR,true,https://alharamainperfumes.in/product/ysl-tuxedo-inspired-loose-perfume-fragrance/,https://alharamainperfumes.in/wp-content/uploads/2021/04/IMG_5374-scaled.jpg,true
Apple Martini (Attar),"Clone Attar, French Attar, Premium Attars",,Created by Al Haramain Perfumes Hyderabad,"3 ml, 6 ml, 12 ml",100,400,INR,true,https://alharamainperfumes.in/product/apple-martini-inspired-loose-attar-fragrance/,https://alharamainperfumes.in/wp-content/uploads/2025/09/WhatsApp-Image-2025-11-08-at-10.13.31-PM.jpeg,false
Apple Martini (Perfume),"Clone Perfumes, French",,Created by Al Haramain Perfumes Hyderabad,"10 ml, 25 ml, 50 ml, 100ml",150,1200,INR,true,https://alharamainperfumes.in/product/apple-martini-inspired-loose-perfume-fragrance/,https://alharamainperfumes.in/wp-content/uploads/2021/04/IMG_5374-scaled.jpg,false
Most wanted super (Perfume),"Clone Perfumes, French, French Perfumes",,"Most wanted super inspired Most wanted super inspired fragrance, Created by Al Haramain Perfumes Hyderabad.","10 ml, 25 ml, 50 ml, 100ml",150,1200,INR,true,https://alharamainperfumes.in/product/most-wanted-super-perfume/,https://alharamainperfumes.in/wp-content/uploads/2021/04/IMG_5374-scaled.jpg,true
Most wanted super (Attar),"Clone Attar, French Attar, French Attars, Premium Attars",,"Most wanted super inspired Hudson valley gissah inspired fragrance Attar, Created by Al Haramain Perfumes Hyderabad.","3 ml, 6 ml, 12 ml",150,600,INR,true,https://alharamainperfumes.in/product/most-wanted-super-attar/,https://alharamainperfumes.in/wp-content/uploads/2025/09/WhatsApp-Image-2025-11-08-at-10.13.31-PM.jpeg,true
Hudson valley gissah (Attar),"Arabic Attars, Clone Attar, French Attar, Premium Attars",,"Hudson valley gissah inspired Hudson valley gissah inspired fragrance Attar, Created by Al Haramain Perfumes Hyderabad.","3 ml, 6 ml, 12 ml",150,600,INR,false,https://alharamainperfumes.in/product/hudson-valley-gissah-inspired-attar/,https://alharamainperfumes.in/wp-content/uploads/2025/09/WhatsApp-Image-2025-11-08-at-10.13.31-PM.jpeg,true
Hudson valley gissah (Perfume),"Arabic Perfumes, Clone Perfumes, French",,"Hudson valley gissah inspired Hudson valley gissah inspired fragrance, Created by Al Haramain Perfumes Hyderabad.","10 ml, 25 ml, 50 ml, 100ml",150,1200,INR,false,https://alharamainperfumes.in/product/hudson-valley-gissah-inspired/,https://alharamainperfumes.in/wp-content/uploads/2021/04/IMG_5374-scaled.jpg,true
Mancer roses vanille (Attar),"Clone Attar, French Attar, Premium Attars",,"Mancara roses vanille inspired Mancara roses vanille inspired fragrance Attar, Created by Al Haramain Perfumes Hyderabad.","3 ml, 6 ml, 12 ml",100,400,INR,true,https://alharamainperfumes.in/product/mancer-roses-vanille-inspired-loose-attar-fragrance/,https://alharamainperfumes.in/wp-content/uploads/2025/09/WhatsApp-Image-2025-11-08-at-10.13.31-PM.jpeg,false
Al Haramain oudi (Attar),"Arabic Attar, Arabic Attars, Clone Attar, Premium Attars",,Created by Al Haramain Perfumes Hyderabad,"3 ml, 6 ml, 12 ml",100,400,INR,true,https://alharamainperfumes.in/product/al-haramain-oudi-inspired-attar/,https://alharamainperfumes.in/wp-content/uploads/2025/09/WhatsApp-Image-2025-11-08-at-10.13.31-PM.jpeg,true
Al Haramain oudi (Perfume),"Arabic Perfumes, Clone Perfumes",,Created by Al Haramain Perfumes Hyderabad,"10 ml, 25 ml, 50 ml, 100ml",100,800,INR,true,https://alharamainperfumes.in/product/al-haramain-oudi-inspired/,https://alharamainperfumes.in/wp-content/uploads/2021/04/IMG_5374-scaled.jpg,true
Mancer red tobacco (Perfume),"Clone Perfumes, French, French Perfumes",,"Mancer red tobacco inspired Mancer red tobacco inspired fragrance, Created by Al Haramain Perfumes Hyderabad.","10 ml, 25 ml, 50 ml, 100ml",100,800,INR,true,https://alharamainperfumes.in/product/mancer-red-tobacco-inspired/,https://alharamainperfumes.in/wp-content/uploads/2021/04/IMG_5374-scaled.jpg,true
Mancer red tobacco (Attar),"Clone Attar, French Attar, French Attars, Premium Attars",,"Mancer red tobacco inspired Macera red tobacco inspired fragrance Attar, Created by Al Haramain Perfumes Hyderabad.","3 ml, 6 ml, 12 ml",100,400,INR,true,https://alharamainperfumes.in/product/mancer-red-tobacco-inspired-attar/,https://alharamainperfumes.in/wp-content/uploads/2025/09/WhatsApp-Image-2025-11-08-at-10.13.31-PM.jpeg,true
Bvl man in black super (Perfume),"Clone Perfumes, French, French Perfumes",,"Bvl man in black super inspired Bvl man in black super inspired fragrance, Created by Al Haramain Perfumes Hyderabad.","10 ml, 25 ml, 50 ml, 100ml",150,1200,INR,true,https://alharamainperfumes.in/product/bvl-man-in-black-super-inspired/,https://alharamainperfumes.in/wp-content/uploads/2021/04/IMG_5374-scaled.jpg,true
Bvl man in black super (Attar),"Clone Attar, French Attar, French Attars, Premium Attars",,"Bvl man in black super inspired Bvl man in black super inspired fragrance Attar, Created by Al Haramain Perfumes Hyderabad.","3 ml, 6 ml, 12 ml",100,400,INR,true,https://alharamainperfumes.in/product/bvl-man-in-black-super-inspired-attar/,https://alharamainperfumes.in/wp-content/uploads/2025/09/WhatsApp-Image-2025-11-08-at-10.13.31-PM.jpeg,true
Lv imagination super (Attar),"Clone Attar, French Attar, French Attars, Premium Attars",,"Lv imagination super inspired Lv imagination super inspired fragrance Attar, Created by Al Haramain Perfumes Hyderabad.","3 ml, 6 ml, 12 ml",300,1200,INR,true,https://alharamainperfumes.in/product/lv-imagination-super-inspired-attar/,https://alharamainperfumes.in/wp-content/uploads/2025/09/WhatsApp-Image-2025-11-08-at-10.13.31-PM.jpeg,true
Lv imagination super inspired (Perfume),"Clone Perfumes, French, French Perfumes",,"Lv imagination super inspired Lv imagination super inspired fragrance, Created by Al Haramain Perfumes Hyderabad.","10 ml, 25 ml, 50 ml, 100ml",500,4000,INR,true,https://alharamainperfumes.in/product/lv-imagination-super-inspired/,https://alharamainperfumes.in/wp-content/uploads/2021/04/IMG_5374-scaled.jpg,true
Initio side effect (Attar),"Clone Attar, French Attar, French Attars, Premium Attars",,"Initio side effect inspired Initio side effect inspired fragrance Attar, Created by Al Haramain Perfumes Hyderabad.","3 ml, 6 ml, 12 ml",150,600,INR,true,https://alharamainperfumes.in/product/initio-side-effect-inspired-attar/,https://alharamainperfumes.in/wp-content/uploads/2025/09/WhatsApp-Image-2025-11-08-at-10.13.31-PM.jpeg,true
Initio side effect (Perfume),"Clone Perfumes, French, French Perfumes",,"Initio side effect inspired Initio side effect inspired fragrance, Created by Al Haramain Perfumes Hyderabad.","10 ml, 25 ml, 50 ml, 100ml",200,1500,INR,true,https://alharamainperfumes.in/product/initio-side-effect-inspired/,https://alharamainperfumes.in/wp-content/uploads/2021/04/IMG_5374-scaled.jpg,true
Baccarat rouge super (Attar),"Clone Attar, French Attar, French Attars, Premium Attars",,Created by Al Haramain Perfumes Hyderabad,"3 ml, 6 ml, 12 ml",200,800,INR,false,https://alharamainperfumes.in/product/baccarat-rouge-super-inspired-attar/,https://alharamainperfumes.in/wp-content/uploads/2025/09/WhatsApp-Image-2025-11-08-at-10.13.31-PM.jpeg,true
Baccarat rouge super (Perfume),"Clone Perfumes, French, French Perfumes",,Created by Al Haramain Perfumes Hyderabad,"10 ml, 25 ml, 50 ml, 100ml",300,2500,INR,false,https://alharamainperfumes.in/product/baccarat-rouge-super-inspired/,https://alharamainperfumes.in/wp-content/uploads/2021/04/IMG_5374-scaled.jpg,true
Cree Viking super (Perfume),"Clone Perfumes, French, French Perfumes",,"Cree Viking inspired Inspired by Cree Viking inspired fragrance, Created by Al Haramain Perfumes Hyderabad.","10 ml, 25 ml, 50 ml, 100ml",150,1200,INR,true,https://alharamainperfumes.in/product/cree-viking-inspired-loose-perfume-fragrance/,https://alharamainperfumes.in/wp-content/uploads/2021/04/IMG_5374-scaled.jpg,true
Cree Viking super (Attar),"Clone Attar, French Attar, French Attars, Premium Attars",,"Cree Viking inspired Inspired by Cree Viking inspired fragrance Attar, Created by Al Haramain Perfumes Hyderabad.","3 ml, 6 ml, 12 ml",150,600,INR,true,https://alharamainperfumes.in/product/cree-viking-inspired-loose-attar-fragrance/,https://alharamainperfumes.in/wp-content/uploads/2025/09/WhatsApp-Image-2025-11-08-at-10.13.31-PM.jpeg,true
Can’t stop loving you killian (Perfume ),"Clone Perfumes, French, French Perfumes",,A Citrus Aromatic fragrance for women and men.,"10 ml, 25 ml, 50 ml, 100ml",200,1500,INR,true,https://alharamainperfumes.in/product/cant-stop-loving-you-inspired-killian-loose-perfume-fragrance/,https://alharamainperfumes.in/wp-content/uploads/2021/04/IMG_5374-scaled.jpg,true
Can’t stop loving you killian (Attar),"Clone Attar, French Attar, French Attars",,A Citrus Aromatic fragrance for women and men.,"3 ml, 6 ml, 12 ml",150,600,INR,true,https://alharamainperfumes.in/product/cant-stop-loving-you-inspired-killian-loose-attar-fragrance/,https://alharamainperfumes.in/wp-content/uploads/2025/09/WhatsApp-Image-2025-11-08-at-10.13.31-PM.jpeg,true
bottled pacific (Perfume),"Clone Perfumes, French, French Perfumes",,"bottled pacific inspired Inspired by bottled pacific inspired fragrance, Created by Al Haramain Perfumes Hyderabad.","10 ml, 25 ml, 50 ml, 100ml",150,1200,INR,true,https://alharamainperfumes.in/product/bottled-pacific-inspiredloose-perfume-fragrance/,https://alharamainperfumes.in/wp-content/uploads/2021/04/IMG_5374-scaled.jpg,true
bottled pacific (Attar),"Clone Attar, French Attar, French Attars, Premium Attars",,"bottled pacific inspired, Inspired by bottled pacific inspired, Created by Al Haramain Perfumes Hyderabad.","3 ml, 6 ml, 12 ml",100,400,INR,true,https://alharamainperfumes.in/product/bottled-pacific-inspired-loose-attar-fragrance/,https://alharamainperfumes.in/wp-content/uploads/2025/09/WhatsApp-Image-2025-11-08-at-10.13.31-PM.jpeg,true
Gentlemen society venchy (Perfume),"Clone Perfumes, French, French Perfumes",,"Gentlemen society venchy inspired Inspired by Gentlemen society venchy fragrance, Created by Al Haramain Perfumes Hyderabad.","10 ml, 25 ml, 50 ml, 100ml",200,1500,INR,true,https://alharamainperfumes.in/product/gentlemen-society-venchy-inspiredloose-perfume-fragrance/,https://alharamainperfumes.in/wp-content/uploads/2021/04/IMG_5374-scaled.jpg,true
Gentlemen society venchy (Attar),"Clone Attar, French Attar, French Attars, Premium Attars",,"Gentlemen society venchy inspired Inspired by Gentlemen society venchy inspired Attar, Created by Al Haramain Perfumes Hyderabad.","3 ml, 6 ml, 12 ml",150,600,INR,true,https://alharamainperfumes.in/product/gentlemen-society-venchy-inspired-loose-attar-fragrance/,https://alharamainperfumes.in/wp-content/uploads/2025/09/WhatsApp-Image-2025-11-08-at-10.13.31-PM.jpeg,true
Le male elixir (Perfume),"Clone Perfumes, French, French Perfumes",,"Le male elixir inspired Inspired by Le male elixir inspired fragrance, Created by Al Haramain Perfumes Hyderabad.","10 ml, 25 ml, 50 ml, 100ml",150,1200,INR,true,https://alharamainperfumes.in/product/le-male-elixir-inspired-loose-perfume-fragrance/,https://alharamainperfumes.in/wp-content/uploads/2021/04/IMG_5374-scaled.jpg,true
Le male elixir (Attar),"Clone Attar, French Attar, French Attars, Premium Attars",,"Le male elixir inspired Inspired by Le male elixir inspired inspired fragrance Attar, Created by Al Haramain Perfumes Hyderabad.","3 ml, 6 ml, 12 ml",100,400,INR,true,https://alharamainperfumes.in/product/le-male-elixir-inspiredloose-attar-fragrance/,https://alharamainperfumes.in/wp-content/uploads/2025/09/WhatsApp-Image-2025-11-08-at-10.13.31-PM.jpeg,true
Marj super (Perfume),"Arabic Perfumes, Clone Perfumes, French",,"Marj super inspired Inspired by Marj super inspired fragrance, Created by Al Haramain Perfumes Hyderabad.","10 ml, 25 ml, 50 ml, 100ml",200,1500,INR,true,https://alharamainperfumes.in/product/marj-super-inspiredloose-perfume-fragrance/,https://alharamainperfumes.in/wp-content/uploads/2021/04/IMG_5374-scaled.jpg,true
Marj super (Attar),"Arabic Attars, Clone Attar, French Attar, Premium Attars",,"Marj super inspired Inspired by Marj super inspired Attar, Created by Al Haramain Perfumes Hyderabad.","3 ml, 6 ml, 12 ml",150,600,INR,true,https://alharamainperfumes.in/product/marj-super-inspired-loose-attar-fragrance/,https://alharamainperfumes.in/wp-content/uploads/2025/09/WhatsApp-Image-2025-11-08-at-10.13.31-PM.jpeg,true
Summer oud (Perfume),"Arabic Perfumes, Clone Perfumes, French",,"Summer oud inspired Inspired by Summer oud inspired fragrance, Created by Al Haramain Perfumes Hyderabad.","10 ml, 25 ml, 50 ml, 100ml",200,1500,INR,true,https://alharamainperfumes.in/product/summer-oud-inspiredloose-perfume-fragrance/,https://alharamainperfumes.in/wp-content/uploads/2021/04/IMG_5374-scaled.jpg,true
Summer oud (Attar),"Arabic Attars, Clone Attar, French Attar, Premium Attars",,"Summer oud inspired Inspired by Summer oud inspired Attar, Created by Al Haramain Perfumes Hyderabad.","3 ml, 6 ml, 12 ml",150,600,INR,true,https://alharamainperfumes.in/product/summer-oud-inspired-loose-attar-fragrance/,https://alharamainperfumes.in/wp-content/uploads/2025/09/WhatsApp-Image-2025-11-08-at-10.13.31-PM.jpeg,true
Khallab super (Perfume),"Arabic Perfumes, Clone Perfumes, French",,"Khallab super inspired Inspired by Khallab super inspired fragrance, Created by Al Haramain Perfumes Hyderabad.","10 ml, 25 ml, 50 ml, 100ml",200,1500,INR,true,https://alharamainperfumes.in/product/khallab-super-inspiredloose-perfume-fragrance/,https://alharamainperfumes.in/wp-content/uploads/2021/04/IMG_5374-scaled.jpg,true
Khallab super (Attar),"Arabic Attars, Clone Attar, French Attar, Premium Attars",,"Khallab super inspired Inspired by Khallab super inspired Attar, Created by Al Haramain Perfumes Hyderabad.","3 ml, 6 ml, 12 ml",200,800,INR,true,https://alharamainperfumes.in/product/khallab-super-inspired-loose-attar-fragrance/,https://alharamainperfumes.in/wp-content/uploads/2025/09/WhatsApp-Image-2025-11-08-at-10.13.31-PM.jpeg,true
D icon super (Attar),"Clone Attar, French Attar, French Attars, Premium Attars",,"D icon super inspired Inspired by D icon super inspired inspired fragrance Attar, Created by Al Haramain Perfumes Hyderabad.","3 ml, 6 ml, 12 ml",100,400,INR,true,https://alharamainperfumes.in/product/d-icon-super-inspiredloose-attar-fragrance/,https://alharamainperfumes.in/wp-content/uploads/2025/09/WhatsApp-Image-2025-11-08-at-10.13.31-PM.jpeg,true
D icon super (Perfume),"Clone Perfumes, French, French Perfumes",,"D icon super inspired Inspired by D icon super inspired fragrance, Created by Al Haramain Perfumes Hyderabad.","10 ml, 25 ml, 50 ml, 100ml",100,800,INR,true,https://alharamainperfumes.in/product/d-icon-super-inspired-loose-perfume-fragrance/,https://alharamainperfumes.in/wp-content/uploads/2021/04/IMG_5374-scaled.jpg,true
Imperial valley eco (Perfume),"Arabic Perfumes, Clone Perfumes, French",,"Imperial valley eco inspired, Inspired by Imperial valley eco inspired, Created by Al Haramain Perfumes Hyderabad.","10 ml, 25 ml, 50 ml, 100ml",100,800,INR,true,https://alharamainperfumes.in/product/imperial-valley-eco-inspired-loose-perfume-fragrance/,https://alharamainperfumes.in/wp-content/uploads/2021/04/IMG_5374-scaled.jpg,true
Imperial valley eco (Attar),"Arabic Attars, Clone Attar, French Attar, Premium Attars",,"Imperial valley eco inspired, Inspired by Imperial valley eco inspired, Created by Al Haramain Perfumes Hyderabad.","3 ml, 6 ml, 12 ml",100,400,INR,true,https://alharamainperfumes.in/product/imperial-valley-eco-inspired-loose-attar-fragrance/,https://alharamainperfumes.in/wp-content/uploads/2025/09/WhatsApp-Image-2025-11-08-at-10.13.31-PM.jpeg,true
Neroli Portofino (Attar),"Clone Attar, French Attar",,A Citrus Aromatic fragrance for women and men.,"3 ml, 6 ml, 12 ml",150,600,INR,false,https://alharamainperfumes.in/product/neroli-portofino-inspired-loose-attar-fragrance-copy/,https://alharamainperfumes.in/wp-content/uploads/2025/09/WhatsApp-Image-2025-11-08-at-10.13.31-PM.jpeg,false
Neroli portofino (Perfume),"Clone Perfumes, French",,A Citrus Aromatic fragrance for women and men.,"10 ml, 25 ml, 50 ml, 100ml",200,1500,INR,false,https://alharamainperfumes.in/product/neroli-portofino-inspired-loose-perfume-fragrance/,https://alharamainperfumes.in/wp-content/uploads/2021/04/IMG_5374-scaled.jpg,false
Oud Arabi bakhoor,Bakhoor & Oud,,"Sandal and Oudh Scented Sticks are regarded as some of the finest Scented. These Scented have light delicate fragrances of nature. This exotic fragrance provides the key to unlock the benefits of aromatherapy, to create an uplifting or enhancing mood or environmental effect. Use of Scented promotes longevity, harmonizes the psycho-physical constitution, and enhances mental focus. It is preferred over aerosol air fresheners.","10grams, 50grams",500,500,INR,true,https://alharamainperfumes.in/product/oud-arabi-bakhoor/,https://alharamainperfumes.in/wp-content/uploads/2024/04/IMG_0962.jpg,false
Oud Cambodi bakhoor,Bakhoor & Oud,,"Sandal and Oudh Scented Sticks are regarded as some of the finest Scented. These Scented have light delicate fragrances of nature. This exotic fragrance provides the key to unlock the benefits of aromatherapy, to create an uplifting or enhancing mood or environmental effect. Use of Scented promotes longevity, harmonizes the psycho-physical constitution, and enhances mental focus. It is preferred over aerosol air fresheners.","10grams, 50grams",750,750,INR,true,https://alharamainperfumes.in/product/oud-cambodi-bakhoor/,https://alharamainperfumes.in/wp-content/uploads/2024/04/IMG_0962.jpg,false
Oud madina bakhoor,Bakhoor & Oud,,"Sandal and Oudh Scented Sticks are regarded as some of the finest Scented. These Scented have light delicate fragrances of nature. This exotic fragrance provides the key to unlock the benefits of aromatherapy, to create an uplifting or enhancing mood or environmental effect. Use of Scented promotes longevity, harmonizes the psycho-physical constitution, and enhances mental focus. It is preferred over aerosol air fresheners.","10grams, 50grams",500,500,INR,true,https://alharamainperfumes.in/product/oud-madina-bakhoor/,https://alharamainperfumes.in/wp-content/uploads/2024/04/IMG_0962.jpg,false
Amalfi bleu (Attar),"Clone Attar, French Attar",,Created by Al Haramain Perfumes Hyderabad,"3 ml, 6 ml, 12 ml",100,400,INR,true,https://alharamainperfumes.in/product/amalfi-bleu-inspired-loose-attar-fragrance/,https://alharamainperfumes.in/wp-content/uploads/2025/09/WhatsApp-Image-2025-11-08-at-10.13.31-PM.jpeg,false
Amalfi bleu (Perfume),"Clone Perfumes, French",,Created by Al Haramain Perfumes Hyderabad,"10 ml, 25 ml, 50 ml, 100ml",100,800,INR,true,https://alharamainperfumes.in/product/amalfi-bleu-inspired-loose-perfume-fragrance/,https://alharamainperfumes.in/wp-content/uploads/2021/04/IMG_5374-scaled.jpg,false
ARZO The most wanted (Attar),"Clone Attar, French Attar, French Attars",,Created by Al Haramain Perfumes Hyderabad,"3 ml, 6 ml, 12 ml",100,400,INR,true,https://alharamainperfumes.in/product/wanted-loose-attar-fragrance/,https://alharamainperfumes.in/wp-content/uploads/2025/09/WhatsApp-Image-2025-11-08-at-10.13.31-PM.jpeg,true
Arzo Wanted Super (Attar),"Clone Attar, French Attar",,Created by Al Haramain Perfumes Hyderabad,"3 ml, 6 ml, 12 ml",150,600,INR,true,https://alharamainperfumes.in/product/wanted-super-inspired-loose-attar-fragrance-copy/,https://alharamainperfumes.in/wp-content/uploads/2025/09/WhatsApp-Image-2025-11-08-at-10.13.31-PM.jpeg,false
Angel elixir (Attar),"Clone Attar, French Attar, French Attars",,Created by Al Haramain Perfumes Hyderabad,"3 ml, 6 ml, 12 ml",100,400,INR,true,https://alharamainperfumes.in/product/angel-elixir-loose-attar-fragrance/,https://alharamainperfumes.in/wp-content/uploads/2025/09/WhatsApp-Image-2025-11-08-at-10.13.31-PM.jpeg,true
Angel elixir (Perfume),"Clone Perfumes, French, French Perfumes",,Created by Al Haramain Perfumes Hyderabad,"10 ml, 25 ml, 50 ml, 100ml",150,1200,INR,true,https://alharamainperfumes.in/product/angel-elixir-inspired-loose-perfume-fragrance/,https://alharamainperfumes.in/wp-content/uploads/2021/04/IMG_5374-scaled.jpg,true
Arzo the most wanted (Perfume),"Clone Perfumes, French, French Perfumes",,Created by Al Haramain Perfumes Hyderabad,"10 ml, 25 ml, 50 ml, 100ml",100,800,INR,true,https://alharamainperfumes.in/product/most-wanted-inspired-loose-perfume-fragrance/,https://alharamainperfumes.in/wp-content/uploads/2021/04/IMG_5374-scaled.jpg,true
Arzo Wanted Super (Perfume),"Clone Perfumes, French",,Created by Al Haramain Perfumes Hyderabad,"10 ml, 25 ml, 50 ml, 100ml",150,1200,INR,true,https://alharamainperfumes.in/product/wanted-super-loose-perfume-fragrance/,https://alharamainperfumes.in/wp-content/uploads/2021/04/IMG_5374-scaled.jpg,false
Swiss Mukhallat maliki super (Perfume),"Clone Perfumes, French",,"Element Swiss Mukhallat maliki super inspired INSPIRED FRAGRANCE Inspired by Swiss Mukhallat maliki super INSPIRED FRAGRANCE , inspired fragrance, Created by Al Haramain Perfumes Hyderabad.","10 ml, 25 ml, 50 ml, 100ml",200,1500,INR,true,https://alharamainperfumes.in/product/swiss-mukhallat-maliki-super-inspired-fragrance-loose-perfume-fragrance/,https://alharamainperfumes.in/wp-content/uploads/2021/04/IMG_5374-scaled.jpg,false
Swiss Mukhallat maliki super (Attar),"Clone Attar, French Attar, Premium Attars",,"Swiss Mukhallat maliki super INSPIRED FRAGRANCE, Inspired by Swiss Mukhallat maliki super inspired Attar, Created by Al Haramain Perfumes Hyderabad.","3 ml, 6 ml, 12 ml",200,800,INR,true,https://alharamainperfumes.in/product/swiss-mukhallat-maliki-super-inspired-fragrance-loose-attar-fragrance-copy/,https://alharamainperfumes.in/wp-content/uploads/2025/09/WhatsApp-Image-2025-11-08-at-10.13.31-PM.jpeg,false
Sharina (Perfume),"Clone Perfumes, French",,"Sharina inspired, Inspired by Sharina , Created by Al Haramain Perfumes Hyderabad.","10 ml, 25 ml, 50 ml, 100ml",100,800,INR,true,https://alharamainperfumes.in/product/sharina-inspired-loose-perfume-fragrance/,https://alharamainperfumes.in/wp-content/uploads/2021/04/IMG_5374-scaled.jpg,false
Sharina (Attar),"Clone Attar, French Attar, Premium Attars",,"Sharina inspired, Sharina inspired , Created by Al Haramain Perfumes Hyderabad.","3 ml, 6 ml, 12 ml",100,400,INR,true,https://alharamainperfumes.in/product/sharina-inspired-loose-attar-fragrance/,https://alharamainperfumes.in/wp-content/uploads/2025/09/WhatsApp-Image-2025-11-08-at-10.13.31-PM.jpeg,false
Hawas ice (Attar),"Clone Attar, French Attar, French Attars, Premium Attars","Top: Apple, Italian Lemon, Sicilian Bergamot and Star Anise | Middle: Plum, Orange Blossom and Cardamon | Base: Musk, Amber, Driftwood and Moss","Hawas Ice by Al Haramain Perfumes is a Aromatic fragrance for men. Top notes : Apple, Italian Lemon, Sicilian Bergamot and Star Anise Middle notes : Plum, Orange Blossom and Cardamon Base notes : Musk, Amber, Driftwood and Moss. Hawas Ice Attar Created by Al Haramain Perfumes Hyderabad.","3 ml, 6 ml, 12 ml",150,600,INR,true,https://alharamainperfumes.in/product/hawas-ice-inspired-loose-attar-fragrance/,https://alharamainperfumes.in/wp-content/uploads/2025/09/WhatsApp-Image-2025-11-08-at-10.13.31-PM.jpeg,true
Hawas ice (Perfume),"Clone Perfumes, French, French Perfumes","Top: Apple, Italian Lemon, Sicilian Bergamot and Star Anise | Middle: Plum, Orange Blossom and Cardamon | Base: Musk, Amber, Driftwood and Moss","Hawas Ice by Al Haramain Perfumes is a Aromatic fragrance for men. Top notes : Apple, Italian Lemon, Sicilian Bergamot and Star Anise Middle notes : Plum, Orange Blossom and Cardamon Base notes : Musk, Amber, Driftwood and Moss. Hawas Ice Perfume Created by Al Haramain Perfumes Hyderabad.","10 ml, 25 ml, 30 ml, 50 ml, 100 ml",150,1200,INR,true,https://alharamainperfumes.in/product/hawas-ice-inspired-loose-perfume-fragrance/,https://alharamainperfumes.in/wp-content/uploads/2026/06/glass-bottles-2.png,true
Imperial valley super (Perfume),"Arabic Perfumes, Clone Perfumes, French",,"Imperial valley inspired Inspired by Imperial valley inspired fragrance, Created by Al Haramain Perfumes Hyderabad.","10 ml, 25 ml, 50 ml, 100ml",200,1500,INR,false,https://alharamainperfumes.in/product/imperial-valley-inspired-loose-perfume-fragrance/,https://alharamainperfumes.in/wp-content/uploads/2021/04/IMG_5374-scaled.jpg,true
Imperial valley super (Attar),"Arabic Attars, Clone Attar, French Attar, Premium Attars",,"Imperial valley inspired Inspired by Imperial valley inspired fragrance Attar, Created by Al Haramain Perfumes Hyderabad.","3 ml, 6 ml, 12 ml",150,600,INR,false,https://alharamainperfumes.in/product/imperial-valley-inspired-loose-attar-fragrance/,https://alharamainperfumes.in/wp-content/uploads/2025/09/WhatsApp-Image-2025-11-08-at-10.13.31-PM.jpeg,true
Cree Viking ultra super (Perfume),"Clone Perfumes, French, French Perfumes",,"Viking super inspired, Inspired by Viking super inspired fragrance, Created by Al Haramain Perfumes Hyderabad.","10 ml, 25 ml, 50 ml, 100ml",300,2500,INR,true,https://alharamainperfumes.in/product/viking-super-inspiredloose-perfume-fragrance/,https://alharamainperfumes.in/wp-content/uploads/2021/04/IMG_5374-scaled.jpg,true
Cree Viking ultra Super (Attar),"Clone Attar, French Attar, French Attars, Premium Attars",,"Viking inspired,","3 ml, 6 ml, 12 ml",250,1000,INR,true,https://alharamainperfumes.in/product/viking-inspired-loose-attar-fragrance-2/,https://alharamainperfumes.in/wp-content/uploads/2025/09/WhatsApp-Image-2025-11-08-at-10.13.31-PM.jpeg,true
Swiss muqallat maliki (Perfume),"Arabic Perfumes, Clone Perfumes, French",,"Swiss muqallat maliki inspired, Inspired by Swiss muqallat maliki inspired, Created by Al Haramain Perfumes Hyderabad.","10 ml, 25 ml, 50 ml, 100ml",100,800,INR,true,https://alharamainperfumes.in/product/swiss-muqallat-maliki-inspired-loose-perfume-fragrance/,https://alharamainperfumes.in/wp-content/uploads/2021/04/IMG_5374-scaled.jpg,true
Swiss muqallat maliki (Attar),"Arabic Attars, Clone Attar, French Attar, Premium Attars",,"Swiss muqallat maliki inspired, Inspired by Swiss muqallat maliki inspired, Created by Al Haramain Perfumes Hyderabad.","3 ml, 6 ml, 12 ml",100,400,INR,true,https://alharamainperfumes.in/product/swiss-muqallat-maliki-inspired-loose-attar-fragrance/,https://alharamainperfumes.in/wp-content/uploads/2025/09/WhatsApp-Image-2025-11-08-at-10.13.31-PM.jpeg,true
FIFA bottle 100ML,"25ml, Attar Bottles, Fancy Bottles",,*Note: the price is for bottle only please select and add perfume to the cart as well if you want perfume with the bottle *,"Only bottle 100ml, Gift packing 100ml",200,400,INR,true,https://alharamainperfumes.in/product/fifa-bottle/,https://alharamainperfumes.in/wp-content/uploads/2024/03/IMG_8295.jpg,false
Halfeti P (Perfume),"Clone Perfumes, French",,"Halfeti P inspired Inspired by Halfeti P inspired fragrance, Created by Al Haramain Perfumes Hyderabad.","10 ml, 25 ml, 50 ml, 100ml",150,1200,INR,true,https://alharamainperfumes.in/product/halfeti-p-inspiredloose-perfume-fragrance/,https://alharamainperfumes.in/wp-content/uploads/2021/04/IMG_5374-scaled.jpg,false
Halfeti P (Attar),"Clone Attar, French Attar, Premium Attars",,"Halfeti P inspired, Inspired by Halfeti P inspired, Created by Al Haramain Perfumes Hyderabad.","3 ml, 6 ml, 12 ml",100,400,INR,true,https://alharamainperfumes.in/product/halfeti-inspired-loose-attar-fragrance/,https://alharamainperfumes.in/wp-content/uploads/2025/09/WhatsApp-Image-2025-11-08-at-10.13.31-PM.jpeg,false
Kenzo homme marine (Attar),"Arabic Attars, Clone Attar, French Attar, Premium Attars",,"Kenzo homme marine inspired , Inspired by Kenzo homme marine inspired, Created by Al Haramain Perfumes Hyderabad.","3 ml, 6 ml, 12 ml",100,400,INR,true,https://alharamainperfumes.in/product/kenzo-homme-marine-inspired-loose-attar-fragrance/,https://alharamainperfumes.in/wp-content/uploads/2025/09/WhatsApp-Image-2025-11-08-at-10.13.31-PM.jpeg,true
Kenzo homme marine (Perfume),"Arabic Perfumes, Clone Perfumes, French",,"Kenzo homme marine inspired Inspired by Kenzo homme marine inspired fragrance, Created by Al Haramain Perfumes Hyderabad.","10 ml, 25 ml, 50 ml, 100ml",150,1200,INR,true,https://alharamainperfumes.in/product/kenzo-homme-marine-inspired-loose-perfume-fragrance/,https://alharamainperfumes.in/wp-content/uploads/2021/04/IMG_5374-scaled.jpg,true
Blue moon ginger (Attar),"Clone Attar, French Attar, Premium Attars",,"Blue moon ginger inspired , Inspired by Blue moon ginger inspired, Created by Al Haramain Perfumes Hyderabad.","3 ml, 6 ml, 12 ml",100,400,INR,true,https://alharamainperfumes.in/product/blue-moon-ginger-inspired-loose-attar-fragrance/,https://alharamainperfumes.in/wp-content/uploads/2025/09/WhatsApp-Image-2025-11-08-at-10.13.31-PM.jpeg,false
Blue moon ginger (Perfume),"Clone Perfumes, French",,"Blue moon ginger inspired , Inspired by Blue moon ginger inspired, Created by Al Haramain Perfumes Hyderabad.","10 ml, 25 ml, 50 ml, 100ml",100,800,INR,true,https://alharamainperfumes.in/product/blue-moon-ginger-inspired-loose-perfume-fragrance/,https://alharamainperfumes.in/wp-content/uploads/2021/04/IMG_5374-scaled.jpg,false
Electric cherry T.F (Perfume),"Clone Perfumes, French",,"Electric cherry TF inspired, Inspired by Electric cherry TF inspired, Created by Al Haramain Perfumes Hyderabad.","10 ml, 25 ml, 50 ml, 100ml",100,800,INR,true,https://alharamainperfumes.in/product/electric-cherry-t-f-inspiredloose-perfume-fragrance/,https://alharamainperfumes.in/wp-content/uploads/2021/04/IMG_5374-scaled.jpg,false
Electric cherry TF (Attar),"Clone Attar, French Attar, Premium Attars",,"Electric cherry TF inspired, Inspired by Electric cherry TF inspired, Created by Al Haramain Perfumes Hyderabad.","3 ml, 6 ml, 12 ml",100,400,INR,true,https://alharamainperfumes.in/product/electric-cherry-tf-inspired-loose-attar-fragrance/,https://alharamainperfumes.in/wp-content/uploads/2025/09/WhatsApp-Image-2025-11-08-at-10.13.31-PM.jpeg,false
Bvl Man Rain essence (Perfume),"Clone Perfumes, French, French Perfumes",,"Bvl Man Rain essence inspired Inspired by Bvl Man Rain essence inspired, Created by Al Haramain Perfumes Hyderabad.","10 ml, 25 ml, 50 ml, 100ml",100,800,INR,true,https://alharamainperfumes.in/product/bvl-man-rain-essence-inspired-loose-perfume-fragrance/,https://alharamainperfumes.in/wp-content/uploads/2021/04/IMG_5374-scaled.jpg,true
Bvl Man Rain essence (Attar),"Clone Attar, French Attar, French Attars, Premium Attars",,"Bvl Man Rain essence inspired, Inspired by Bvl Man Rain essence inspired, Created by Al Haramain Perfumes Hyderabad.","3 ml, 6 ml, 12 ml",100,400,INR,true,https://alharamainperfumes.in/product/bvl-man-rain-essence-inspired-loose-attar-fragrance/,https://alharamainperfumes.in/wp-content/uploads/2025/09/WhatsApp-Image-2025-11-08-at-10.13.31-PM.jpeg,true
one gold (Perfume),"Clone Perfumes, French",,"one gold inspired attar, Inspired by one gold inspired attar, Created by Al Haramain Perfumes Hyderabad.","10 ml, 25 ml, 50 ml, 100ml",150,1200,INR,true,https://alharamainperfumes.in/product/one-gold-for-perfume-fragrance/,https://alharamainperfumes.in/wp-content/uploads/2021/04/IMG_5374-scaled.jpg,false
one gold (Attar),"Clone Attar, French Attar, Premium Attars",,"one gold inspired attar, Inspired by one gold inspired attar , Created by Al Haramain Perfumes Hyderabad.","3 ml, 6 ml, 12 ml",100,400,INR,true,https://alharamainperfumes.in/product/one-gold-inspired-attarloose-attar-fragrance/,https://alharamainperfumes.in/wp-content/uploads/2025/09/WhatsApp-Image-2025-11-08-at-10.13.31-PM.jpeg,false
Citrus eaufraiche handy freshner,"Air Freshener, Car Freshener",,"Citrus eaufraiche made to give long lasting fresh citrus fragrance wherever it’s placed . Can be used indoor spaces like , home , office car etc.",,50,50,INR,true,https://alharamainperfumes.in/product/citrus-wisp/,https://alharamainperfumes.in/wp-content/uploads/2024/01/Citrus-.jpg,false
Jasmine wisp handy freshner,"Air Freshener, Car Freshener",,"Jasmine wisp , made to give long lasting mild fragrance of jasmine for the freshness wherever it’s placed . Can be used indoor spaces like , home , office car etc.",,50,50,INR,true,https://alharamainperfumes.in/product/jasmine-wisp/,https://alharamainperfumes.in/wp-content/uploads/2024/01/Jasmine.jpg,false
Tonka oud (Perfume),"Clone Perfumes, French",,"Tonka oud inspired , Inspired by Tonka oud inspired , Created by Al Haramain Perfumes Hyderabad.","10 ml, 25 ml, 50 ml, 100ml",400,2000,INR,false,https://alharamainperfumes.in/product/tonka-oud-inspired-loose-perfume-fragrance/,https://alharamainperfumes.in/wp-content/uploads/2021/04/IMG_5374-scaled.jpg,false
Tonka oud (Attar),"Clone Attar, French Attar, Premium Attars",,"Tonka oud , Inspired by Tonka oud inspired , Created by Al Haramain Perfumes Hyderabad.","3 ml, 6 ml, 12 ml",400,1500,INR,false,https://alharamainperfumes.in/product/tonka-oud-inspiredloose-attar-fragrance/,https://alharamainperfumes.in/wp-content/uploads/2025/09/WhatsApp-Image-2025-11-08-at-10.13.31-PM.jpeg,false
Pink shiffon B&B (Perfume),"Clone Perfumes, French, French Perfumes",,"Pink shiffon B&B inspired , Inspired by Pink shiffon B&B inspired , Created by Al Haramain Perfumes Hyderabad.","10 ml, 25 ml, 50 ml, 100ml",100,800,INR,true,https://alharamainperfumes.in/product/pink-shiffon-bb-inspired-loose-perfume-fragrance/,https://alharamainperfumes.in/wp-content/uploads/2021/04/IMG_5374-scaled.jpg,true
Pink shiffon B&B (Attar),"Arabic Attars, Clone Attar, French Attar, Premium Attars",,"Pink shiffon B&B inspired, Inspired by Pink shiffon B&B inspired , Created by Al Haramain Perfumes Hyderabad.","3 ml, 6 ml, 12 ml",100,400,INR,true,https://alharamainperfumes.in/product/pink-shiffon-bb-inspired-loose-attar-fragrance/,https://alharamainperfumes.in/wp-content/uploads/2025/09/WhatsApp-Image-2025-11-08-at-10.13.31-PM.jpeg,true
Jadore super (Perfume),"Clone Perfumes, French, French Perfumes",,"Jadore super inspired Inspired by Jadore super inspired fragrance, Created by Al Haramain Perfumes Hyderabad.","10 ml, 25 ml, 50 ml, 100ml",150,1200,INR,true,https://alharamainperfumes.in/product/jadore-super-inspired-loose-perfume-fragrance/,https://alharamainperfumes.in/wp-content/uploads/2021/04/IMG_5374-scaled.jpg,true
Megamare eco (Attar),"Clone Attar, French Attar, Premium Attars",,"Megamare eco inspired, Inspired by Megamare eco inspired , Created by Al Haramain Perfumes Hyderabad.","3 ml, 6 ml, 12 ml",100,400,INR,true,https://alharamainperfumes.in/product/megamare-eco-inspiredloose-attar-fragrance-2/,https://alharamainperfumes.in/wp-content/uploads/2025/09/WhatsApp-Image-2025-11-08-at-10.13.31-PM.jpeg,false
Megamare eco (Perfume),"Clone Perfumes, French",,"Megamare eco inspired, Inspired by Megamare eco inspired, Created by Al Haramain Perfumes Hyderabad.","10 ml, 25 ml, 50 ml, 100ml",100,800,INR,true,https://alharamainperfumes.in/product/megamare-eco-inspiredloose-perfume-fragrance/,https://alharamainperfumes.in/wp-content/uploads/2021/04/IMG_5374-scaled.jpg,false
Mancer cosmic pepper (Perfume),"Clone Perfumes, French, French Perfumes",,"Mancer cosmic pepper inspired, Inspired by Mancer cosmic pepper inspired, Created by Al Haramain Perfumes Hyderabad.","10 ml, 25 ml, 50 ml, 100ml",100,800,INR,true,https://alharamainperfumes.in/product/mancer-cosmic-pepper-inspiredloose-perfume-fragrance/,https://alharamainperfumes.in/wp-content/uploads/2021/04/IMG_5374-scaled.jpg,true
Mancer cosmic pepper (Attar),"Clone Attar, French Attar, French Attars, Premium Attars",,"Mancer cosmic pepper inspired, Inspired by Mancer cosmic pepper inspired , Created by Al Haramain Perfumes Hyderabad.","3 ml, 6 ml, 12 ml",100,400,INR,true,https://alharamainperfumes.in/product/mancer-cosmic-pepper-inspired-loose-attar-fragrance/,https://alharamainperfumes.in/wp-content/uploads/2025/09/WhatsApp-Image-2025-11-08-at-10.13.31-PM.jpeg,true
Ysl libre edp (Attar),"Clone Attar, French Attar, French Attars, Premium Attars",,"Element Ysl libre edp inspired Inspired by Ysl libre edp inspired fragrance Attar, Created by Al Haramain Perfumes Hyderabad.","3 ml, 6 ml, 12 ml",150,600,INR,true,https://alharamainperfumes.in/product/ysl-libre-edp-inspired-inspired-loose-attar-fragrance/,https://alharamainperfumes.in/wp-content/uploads/2025/09/WhatsApp-Image-2025-11-08-at-10.13.31-PM.jpeg,true
Ysl libre edp (Perfume),"Clone Perfumes, French, French Perfumes",,"Ysl libre edp inspired inspired Inspired by Ysl libre edp inspired fragrance, Created by Al Haramain Perfumes Hyderabad.","10 ml, 25 ml, 50 ml, 100ml",150,1200,INR,true,https://alharamainperfumes.in/product/ysl-libre-edp-inspired-inspired-loose-perfume-fragrance/,https://alharamainperfumes.in/wp-content/uploads/2021/04/IMG_5374-scaled.jpg,true
Arabian Nights Jesus Del Pozo (Perfume),"Clone Perfumes, French",,Created by Al Haramain Perfumes Hyderabad,"10 ml, 25 ml, 50 ml, 100ml",100,800,INR,true,https://alharamainperfumes.in/product/arabian-nights-jesus-del-pozo-inspired-loose-perfume-fragrance/,https://alharamainperfumes.in/wp-content/uploads/2021/04/IMG_5374-scaled.jpg,false
Arabian Nights Jesus Del Pozo (Attar),"Clone Attar, French Attar, Premium Attars",,Created by Al Haramain Perfumes Hyderabad,"3 ml, 6 ml, 12 ml",100,400,INR,true,https://alharamainperfumes.in/product/arabian-nights-jesus-del-pozo-inspired-loose-attar-fragrance/,https://alharamainperfumes.in/wp-content/uploads/2025/09/WhatsApp-Image-2025-11-08-at-10.13.31-PM.jpeg,false
Body perfume amalfi bleu 20gm,"Accessories, Car Freshener",,,,200,200,INR,true,https://alharamainperfumes.in/product/body-perfume-amalfi-bleu/,https://alharamainperfumes.in/wp-content/uploads/2023/11/WhatsApp-Image-2023-11-15-at-5.36.18-PM.jpeg,false
Valentino yellow dreams (Perfume),"Clone Perfumes, French",,"Valentino yellow dreams inspired, Inspired by Valentino yellow dreams inspired fragrance, Created by Al Haramain Perfumes Hyderabad.","10 ml, 25 ml, 50 ml, 100ml",100,800,INR,true,https://alharamainperfumes.in/product/valentino-yellow-dreams-inspiredloose-perfume-fragrance/,https://alharamainperfumes.in/wp-content/uploads/2021/04/IMG_5374-scaled.jpg,false
Valentino yellow dreams (Attar),"Clone Attar, French Attar, Premium Attars",,"Valentino yellow dreams inspired, Inspired by Valentino yellow dreams fragrance Attar, Created by Al Haramain Perfumes Hyderabad.","3 ml, 6 ml, 12 ml",100,400,INR,true,https://alharamainperfumes.in/product/valentino-yellow-dreams-inspiredloose-attar-fragrance/,https://alharamainperfumes.in/wp-content/uploads/2025/09/WhatsApp-Image-2025-11-08-at-10.13.31-PM.jpeg,false
Musk for Greatness (Attar),"Clone Attar, French Attar, Premium Attars",,"Musk for Greatness inspired, Inspired by Musk for Greatness inspired fragrance Attar, Created by Al Haramain Perfumes Hyderabad.","3 ml, 6 ml, 12 ml",100,400,INR,true,https://alharamainperfumes.in/product/musk-for-greatness-inspiredloose-attar-fragrance/,https://alharamainperfumes.in/wp-content/uploads/2025/09/WhatsApp-Image-2025-11-08-at-10.13.31-PM.jpeg,false
1000 wishes musk (Attar),"Clone Attar, French Attar, Premium Attars",,Created by Al Haramain Perfumes Hyderabad,"3 ml, 6 ml, 12 ml",100,400,INR,true,https://alharamainperfumes.in/product/1000-wishes-musk-inspiredloose-attar-fragrance/,https://alharamainperfumes.in/wp-content/uploads/2025/09/WhatsApp-Image-2025-11-08-at-10.13.31-PM.jpeg,false
Bombshell musk (Attar),"Clone Attar, French Attar, Premium Attars",,"Bombshell musk inspired, Inspired by Bombshell musk inspired fragrance Attar, Created by Al Haramain Perfumes Hyderabad.","3 ml, 6 ml, 12 ml",100,400,INR,true,https://alharamainperfumes.in/product/bombshell-musk-inspiredloose-attar-fragrance/,https://alharamainperfumes.in/wp-content/uploads/2025/09/WhatsApp-Image-2025-11-08-at-10.13.31-PM.jpeg,false
Blueberry musk (Perfume),"Clone Perfumes, French",,"Blueberry musk inspired, Inspired by Blueberry musk inspired fragrance, Created by Al Haramain Perfumes Hyderabad.","10 ml, 25 ml, 50 ml, 100ml",100,800,INR,true,https://alharamainperfumes.in/product/blueberry-musk-inspiredloose-perfume-fragrance/,https://alharamainperfumes.in/wp-content/uploads/2021/04/IMG_5374-scaled.jpg,false
Blueberry musk ( Attar),"Clone Attar, French Attar, Premium Attars",,"Blueberry musk inspired, Inspired by Blueberry musk inspired fragrance Attar, Created by Al Haramain Perfumes Hyderabad.","3 ml, 6 ml, 12 ml",100,400,INR,true,https://alharamainperfumes.in/product/blueberry-musk-inspiredloose-attar-fragrance/,https://alharamainperfumes.in/wp-content/uploads/2025/09/WhatsApp-Image-2025-11-08-at-10.13.31-PM.jpeg,false
Lv afternoon swim super (Perfume),"Clone Perfumes, French, French Perfumes",,"Element Lv afternoon swim super inspired Inspired by Lv afternoon swim super inspired fragrance, Created by Al Haramain Perfumes Hyderabad.","10 ml, 25 ml, 50 ml, 100ml",300,2500,INR,true,https://alharamainperfumes.in/product/lv-afternoon-swim-super-inspired-loose-perfume-fragrance/,https://alharamainperfumes.in/wp-content/uploads/2021/04/IMG_5374-scaled.jpg,true
Lv afternoon swim super (Attar),"Clone Attar, French Attar, French Attars, Premium Attars",,"Element Lv afternoon swim super inspired Inspired by Lv afternoon swim super inspired Attar, Created by Al Haramain Perfumes Hyderabad.","3 ml, 6 ml, 12 ml",250,1000,INR,true,https://alharamainperfumes.in/product/lv-afternoon-swim-super-inspired-loose-attar-fragrance/,https://alharamainperfumes.in/wp-content/uploads/2025/09/WhatsApp-Image-2025-11-08-at-10.13.31-PM.jpeg,true
USB charging incense burner,Oud burner,,"USB charging incense burner , practical and easy to carry , push button twice to heat . Use once and let it cool down . Use Bakhoor and clean after use . Product has no warranty as it’s imported but it is opened and checked before getting dispatched",,1250,1250,INR,true,https://alharamainperfumes.in/product/usb-charging-incense-burner/,https://alharamainperfumes.in/wp-content/uploads/2023/10/unnamed-scaled.jpg,false
Hanging car perfume,Oud burner,,"Hanging car perfume , gives mild fragrance with added look , stainless steel made and imported , we will fill a mild and fresh fragrance suitable for cars . BMW type Benz type Suzuki type Al haramain Kia type Honda type Hyundai type Toyota type","Small (without storage), Medium, BMW type, Benz type, Suzuki type, Al haramain, Kia type, Honda type, Hyundai type, Toyota type",700,700,INR,true,https://alharamainperfumes.in/product/hanging-car-perfume/,https://alharamainperfumes.in/wp-content/uploads/2023/10/merseudis-scaled.jpg,false
Gentleman venchy (Perfume),"Clone Perfumes, French, French Perfumes",,"Element Gentleman venchy inspired Inspired by Gentleman venchy inspired fragrance, Created by Al Haramain Perfumes Hyderabad.","10 ml, 25 ml, 50 ml, 100ml",200,1500,INR,true,https://alharamainperfumes.in/product/gentleman-venchy-inspiredloose-perfume-fragrance/,https://alharamainperfumes.in/wp-content/uploads/2021/04/IMG_5374-scaled.jpg,true
Gentleman venchy (Attar),"Clone Attar, French Attar, French Attars, Premium Attars",,"Element Gentleman venchy inspired Inspired by Gentleman venchy inspired Attar, Created by Al Haramain Perfumes Hyderabad.","3 ml, 6 ml, 12 ml",150,600,INR,true,https://alharamainperfumes.in/product/gentleman-venchy-inspired-loose-attar-fragrance/,https://alharamainperfumes.in/wp-content/uploads/2025/09/WhatsApp-Image-2025-11-08-at-10.13.31-PM.jpeg,true
Heures d’Absence LV (Perfume),"Clone Perfumes, French",,"Element Heures d’Absence LV inspired Inspired by Heures d’Absence LV inspired fragrance, Created by Al Haramain Perfumes Hyderabad.","10 ml, 25 ml, 50 ml, 100ml",150,1200,INR,false,https://alharamainperfumes.in/product/heures-dabsence-lv-inspired-loose-perfume-fragrance/,https://alharamainperfumes.in/wp-content/uploads/2021/04/IMG_5374-scaled.jpg,false
Heures d’Absence LV (Attar),"Clone Attar, French Attar, Premium Attars",,"Heures d’Absence LV inspired Inspired by Heures d’Absence LV inspired inspired fragrance Attar, Created by Al Haramain Perfumes Hyderabad.","3 ml, 6 ml, 12 ml",100,400,INR,false,https://alharamainperfumes.in/product/heures-dabsence-lv-inspiredloose-attar-fragrance/,https://alharamainperfumes.in/wp-content/uploads/2025/09/WhatsApp-Image-2025-11-08-at-10.13.31-PM.jpeg,false
Open Road C**ch (Perfume),"Clone Perfumes, French",,"Open Road C**ch inspired, Inspired by Open Road C**ch inspired fragrance, Created by Al Haramain Perfumes Hyderabad.","10 ml, 25 ml, 50 ml, 100ml",100,800,INR,true,https://alharamainperfumes.in/product/open-road-cch-inspiredloose-perfume-fragrance/,https://alharamainperfumes.in/wp-content/uploads/2021/04/IMG_5374-scaled.jpg,false
Open Road C**ch (Attar),"Clone Attar, French Attar, Premium Attars",,"Open Road C**ch inspired, Inspired by Open Road C**ch inspired fragrance Attar, Created by Al Haramain Perfumes Hyderabad.","3 ml, 6 ml, 12 ml",100,400,INR,true,https://alharamainperfumes.in/product/open-road-cch-inspiredloose-attar-fragrance/,https://alharamainperfumes.in/wp-content/uploads/2025/09/WhatsApp-Image-2025-11-08-at-10.13.31-PM.jpeg,false
Oud ward muataq (Attar),"Clone Attar, French Attar, Premium Attars",,"Oud ward muataq inspired, Inspired by Oud ward muataq inspired fragrance Attar, Created by Al Haramain Perfumes Hyderabad.","3 ml, 6 ml, 12 ml",3500,14000,INR,true,https://alharamainperfumes.in/product/oud-ward-muataq-inspiredloose-attar-fragrance/,https://alharamainperfumes.in/wp-content/uploads/2025/09/WhatsApp-Image-2025-11-08-at-10.13.31-PM.jpeg,false
Oud ward muataq (Perfume),"Clone Perfumes, French",,"Oud ward muataq inspired Inspired by Oud ward muataq inspired fragrance, Created by Al Haramain Perfumes Hyderabad.","10 ml, 25 ml, 50 ml, 100ml",2500,20000,INR,true,https://alharamainperfumes.in/product/oud-ward-muataq-inspiredloose-perfume-fragrance/,https://alharamainperfumes.in/wp-content/uploads/2021/04/IMG_5374-scaled.jpg,false
One million prive (Attar),"Clone Attar, French Attar, Premium Attars",,"Element One million prive inspired Inspired by One million prive inspired inspired inspired fragrance Attar, Created by Al Haramain Perfumes Hyderabad.","3 ml, 6 ml, 12 ml",150,600,INR,true,https://alharamainperfumes.in/product/one-million-prive-inspired-loose-attar-fragrance/,https://alharamainperfumes.in/wp-content/uploads/2025/09/WhatsApp-Image-2025-11-08-at-10.13.31-PM.jpeg,false
One million prive (Perfume),"Clone Perfumes, French",,"Element One million prive inspired Inspired by One million prive inspired inspired fragrance, Created by Al Haramain Perfumes Hyderabad.","10 ml, 25 ml, 50 ml, 100ml",150,1200,INR,true,https://alharamainperfumes.in/product/one-million-prive-inspired-loose-perfume-fragrance/,https://alharamainperfumes.in/wp-content/uploads/2021/04/IMG_5374-scaled.jpg,false
V Dylan blue pour homme (Perfume),"Clone Perfumes, French, French Perfumes",,"Element V Dylan blue pour homme Inspired by V Dylan blue pour homme inspired fragrance, Created by Al Haramain Perfumes Hyderabad.","10 ml, 25 ml, 50 ml, 100ml",150,1200,INR,true,https://alharamainperfumes.in/product/v-dylan-blue-pour-homme-loose-perfume-fragrance/,https://alharamainperfumes.in/wp-content/uploads/2021/04/IMG_5374-scaled.jpg,true
V Dylan blue pour homme(Attar),"Clone Attar, French Attar, French Attars, Premium Attars",,"Element V Dylan blue pour homme Inspired by V Dylan blue pour homme inspired fragrance Attar, Created by Al Haramain Perfumes Hyderabad.","3 ml, 6 ml, 12 ml",100,400,INR,true,https://alharamainperfumes.in/product/v-dylan-blue-pour-hommeloose-attar-fragrance/,https://alharamainperfumes.in/wp-content/uploads/2025/09/WhatsApp-Image-2025-11-08-at-10.13.31-PM.jpeg,true
Brbry body tender (Attar),"Clone Attar, French Attar, French Attars, Premium Attars",,"Element Brbry body tender inspired Inspired by Brbry body tender inspired fragrance Attar, Created by Al Haramain Perfumes Hyderabad.","3 ml, 6 ml, 12 ml",100,400,INR,true,https://alharamainperfumes.in/product/brbry-body-tender-inspired-loose-attar-fragrance/,https://alharamainperfumes.in/wp-content/uploads/2025/09/WhatsApp-Image-2025-11-08-at-10.13.31-PM.jpeg,true
Brbry body tender (Perfume),"Clone Perfumes, French, French Perfumes",,"Element Brbry body tender inspired Inspired by Brbry body tender inspired fragrance, Created by Al Haramain Perfumes Hyderabad.","10 ml, 25 ml, 50 ml, 100ml",100,800,INR,true,https://alharamainperfumes.in/product/brbry-body-tender-inspired-loose-perfume-fragrance/,https://alharamainperfumes.in/wp-content/uploads/2021/04/IMG_5374-scaled.jpg,true
Hanan (Perfume),"Arabic Perfumes, Clone Perfumes, French",,"Element Hanan inspired Inspired by Hanan inspired fragrance, Created by Al Haramain Perfumes Hyderabad.","10 ml, 25 ml, 50 ml, 100ml",100,800,INR,true,https://alharamainperfumes.in/product/hanan-inspired-loose-perfume-fragrance/,https://alharamainperfumes.in/wp-content/uploads/2021/04/IMG_5374-scaled.jpg,true
Hanan (Attar),"Arabic Attars, Clone Attar, French Attar, Premium Attars",,"Element Hanan Inspired by Hanan inspired fragrance Attar, Created by Al Haramain Perfumes Hyderabad.","3 ml, 6 ml, 12 ml",100,400,INR,true,https://alharamainperfumes.in/product/hanan-inspired-loose-attar-fragrance/,https://alharamainperfumes.in/wp-content/uploads/2025/09/WhatsApp-Image-2025-11-08-at-10.13.31-PM.jpeg,true
orange (Perfume),"Clone Perfumes, French",,"orange inspired orange inspired fragrance, Created by Al Haramain Perfumes Hyderabad.","10 ml, 25 ml, 50 ml, 100ml",100,800,INR,true,https://alharamainperfumes.in/product/orange-for-men-loose-perfume-fragrance-2-12/,https://alharamainperfumes.in/wp-content/uploads/2021/04/IMG_5374-scaled.jpg,false
orange (Attar),"Clone Attar, French Attar, Premium Attars",,"Element orange orange inspired fragrance Attar, Created by Al Haramain Perfumes Hyderabad.","3 ml, 6 ml, 12 ml",100,400,INR,true,https://alharamainperfumes.in/product/orange-inspired-loose-attar-fragrance/,https://alharamainperfumes.in/wp-content/uploads/2025/09/WhatsApp-Image-2025-11-08-at-10.13.31-PM.jpeg,false
Shamiana Attar (Perfume),"Clone Perfumes, French",,"Element Shamiana Attar inspired Inspired by Shamiana Attar inspired fragrance, Created by Al Haramain Perfumes Hyderabad.","10 ml, 25 ml, 50 ml, 100ml",100,800,INR,true,https://alharamainperfumes.in/product/shamiana-attar-inspired-loose-perfume-fragrance/,https://alharamainperfumes.in/wp-content/uploads/2021/04/IMG_5374-scaled.jpg,false
Shamiana Attar (Attar),"Clone Attar, French Attar, Premium Attars",,"Element Shamiana Attar Inspired by Shamiana Attar inspired fragrance Attar, Created by Al Haramain Perfumes Hyderabad.","3 ml, 6 ml, 12 ml",100,400,INR,true,https://alharamainperfumes.in/product/shamiana-attar-inspired-loose-attar-fragrance/,https://alharamainperfumes.in/wp-content/uploads/2025/09/WhatsApp-Image-2025-11-08-at-10.13.31-PM.jpeg,false
Lv afternoon swim (Perfume),"Clone Perfumes, French, French Perfumes",,"Element Lv afternoon swim inspired Inspired by Lv afternoon swim inspired fragrance, Created by Al Haramain Perfumes Hyderabad.","10 ml, 25 ml, 50 ml, 100ml",150,1200,INR,true,https://alharamainperfumes.in/product/lv-afternoon-swim-inspiredloose-perfume-fragrance/,https://alharamainperfumes.in/wp-content/uploads/2021/04/IMG_5374-scaled.jpg,true
Lv afternoon swim (Attar),"Clone Attar, French Attar, French Attars, Premium Attars",,"Element Lv afternoon swim inspired Inspired by Lv afternoon swim inspired Attar, Created by Al Haramain Perfumes Hyderabad.","3 ml, 6 ml, 12 ml",150,600,INR,true,https://alharamainperfumes.in/product/lv-afternoon-swim-inspiredloose-attar-fragrance/,https://alharamainperfumes.in/wp-content/uploads/2025/09/WhatsApp-Image-2025-11-08-at-10.13.31-PM.jpeg,true
Stronger with you amber edition (Perfume),"Clone Perfumes, French, French Perfumes",,"Element Stronger with your amber edition Inspired by Stronger with your amber edition inspired fragrance, Created by Al Haramain Perfumes Hyderabad.","10 ml, 25 ml, 50 ml, 100ml",150,1200,INR,true,https://alharamainperfumes.in/product/stronger-with-you-amber-editionloose-perfume-fragrance/,https://alharamainperfumes.in/wp-content/uploads/2021/04/IMG_5374-scaled.jpg,true
Stronger with you amber edition (Attar),"Clone Attar, French Attar, French Attars, Premium Attars",,"Element Stronger with your amber edition Inspired by Stronger with your amber edition Attar, Created by Al Haramain Perfumes Hyderabad.","3 ml, 6 ml, 12 ml",150,600,INR,true,https://alharamainperfumes.in/product/stronger-with-you-amber-editionloose-attar-fragrance/,https://alharamainperfumes.in/wp-content/uploads/2025/09/WhatsApp-Image-2025-11-08-at-10.13.31-PM.jpeg,true
Cedrat Boise Mancer (Perfume),"Clone Perfumes, French, French Perfumes",,"Element Cedrat Boise Mancer inspired Inspired by Cedrat Boise Mancer inspired fragrance, Created by Al Haramain Perfumes Hyderabad.","10 ml, 25 ml, 50 ml, 100ml",150,1200,INR,true,https://alharamainperfumes.in/product/cedrat-boise-mancer-inspiredloose-perfume-fragrance/,https://alharamainperfumes.in/wp-content/uploads/2021/04/IMG_5374-scaled.jpg,true
Cedrat Boise Mancer (Attar),"Clone Attar, French Attar, French Attars, Premium Attars",,"Element Cedrat Boise Mancer inspired Inspired by Cedrat Boise Mancer inspired Attar, Created by Al Haramain Perfumes Hyderabad.","3 ml, 6 ml, 12 ml",150,600,INR,true,https://alharamainperfumes.in/product/cedrat-boise-mancera-inspiredloose-attar-fragrance/,https://alharamainperfumes.in/wp-content/uploads/2025/09/WhatsApp-Image-2025-11-08-at-10.13.31-PM.jpeg,true
I.M igo (Perfume),"Clone Perfumes, French",,"Element I.M igo inspired Inspired by I.M igo inspired fragrance, Created by Al Haramain Perfumes Hyderabad.","10 ml, 25 ml, 50 ml, 100ml",100,800,INR,true,https://alharamainperfumes.in/product/i-m-igo-inspired-loose-perfume-fragrance/,https://alharamainperfumes.in/wp-content/uploads/2021/04/IMG_5374-scaled.jpg,false
I.M igo (Attar),"Clone Attar, French Attar, Premium Attars",,"Element I.M igo inspired Inspired by I.M igo inspired fragrance Attar, Created by Al Haramain Perfumes Hyderabad.","3 ml, 6 ml, 12 ml",100,400,INR,true,https://alharamainperfumes.in/product/i-m-igo-inspired-loose-attar-fragrance/,https://alharamainperfumes.in/wp-content/uploads/2025/09/WhatsApp-Image-2025-11-08-at-10.13.31-PM.jpeg,false
VS rouge elixir (Perfume),"Clone Perfumes, French",,"Element VS rouge elixir inspired Inspired by VS rouge elixir inspired fragrance, Created by Al Haramain Perfumes Hyderabad.","10 ml, 25 ml, 50 ml, 100ml",100,800,INR,false,https://alharamainperfumes.in/product/vs-rouge-elixir-inspired-loose-perfume-fragrance/,https://alharamainperfumes.in/wp-content/uploads/2021/04/IMG_5374-scaled.jpg,false
VS rouge elixir (Attar),"Clone Attar, French Attar, Premium Attars",,"Element VS rouge elixir inspired Inspired by VS rouge elixir inspired fragrance Attar, Created by Al Haramain Perfumes Hyderabad.","3 ml, 6 ml, 12 ml",100,400,INR,false,https://alharamainperfumes.in/product/vs-rouge-elixir-inspired-loose-attar-fragrance/,https://alharamainperfumes.in/wp-content/uploads/2025/09/WhatsApp-Image-2025-11-08-at-10.13.31-PM.jpeg,false
Arabians Tonka Mont (Perfume),"Arabic Perfumes, Clone Perfumes, French, French Perfumes",,Created by Al Haramain Perfumes Hyderabad,"10 ml, 25 ml, 50 ml, 100ml",150,1200,INR,true,https://alharamainperfumes.in/product/arabians-tonka-mont-inspiredloose-perfume-fragrance/,https://alharamainperfumes.in/wp-content/uploads/2021/04/IMG_5374-scaled.jpg,true
Arabians Tonka Mont (Attar),"Arabic Attars, Clone Attar, French Attar, French Attars, Premium Attars",,Created by Al Haramain Perfumes Hyderabad,"3 ml, 6 ml, 12 ml",150,600,INR,true,https://alharamainperfumes.in/product/arabians-tonka-mont-inspiredloose-attar-fragrance/,https://alharamainperfumes.in/wp-content/uploads/2025/09/WhatsApp-Image-2025-11-08-at-10.13.31-PM.jpeg,true
Bakhoor safi,Bakhoor & Oud,,Created by Al Haramain Perfumes Hyderabad,"10grams, 50grams, 100grams",100,800,INR,true,https://alharamainperfumes.in/product/bakhoor-safi-add-in-incense-section/,https://alharamainperfumes.in/wp-content/uploads/2021/04/image-scaled.png,false
Eden Juicy Apple (Attar),"Clone Attar, French Attar, French Attars, Premium Attars",,"Element Eden Juicy Apple inspired Inspired by Eden Juicy Apple inspired fragrance Attar, Created by Al Haramain Perfumes Hyderabad.","3 ml, 6 ml, 12 ml",100,400,INR,true,https://alharamainperfumes.in/product/eden-juicy-apple-inspired-loose-attar-fragrance/,https://alharamainperfumes.in/wp-content/uploads/2025/09/WhatsApp-Image-2025-11-08-at-10.13.31-PM.jpeg,true
Eden Juicy Apple (Perfume),"Clone Perfumes, French, French Perfumes",,"Element Eden Juicy Apple inspired Inspired by Eden Juicy Apple inspired fragrance, Created by Al Haramain Perfumes Hyderabad.","10 ml, 25 ml, 50 ml, 100ml",100,800,INR,true,https://alharamainperfumes.in/product/eden-juicy-apple-inspiredloose-perfume-fragrance/,https://alharamainperfumes.in/wp-content/uploads/2021/04/IMG_5374-scaled.jpg,true
Bakhoor Hamidi Scented,Bakhoor & Oud,,Created by Al Haramain Perfumes Hyderabad,"10grams, 50grams",100,500,INR,true,https://alharamainperfumes.in/product/bakhoor-hamidi-inspired-scented/,https://alharamainperfumes.in/wp-content/uploads/2021/04/image-scaled.png,false
Spice bomb (Attar),"Clone Attar, French Attar, French Attars, Premium Attars",,"Element Spice bomb inspired inspired Inspired by Spice bomb inspired intense pour femme inspired fragrance Attar, Created by Al Haramain Perfumes Hyderabad.","3 ml, 6 ml, 12 ml",100,400,INR,true,https://alharamainperfumes.in/product/spice-bomb-inspired-loose-attar-fragrance/,https://alharamainperfumes.in/wp-content/uploads/2025/09/WhatsApp-Image-2025-11-08-at-10.13.31-PM.jpeg,true
Spice bomb (Perfume),"Clone Perfumes, French, French Perfumes",,"Element Spice bomb inspired Inspired by Spice bomb inspired fragrance, Created by Al Haramain Perfumes Hyderabad.","10 ml, 25 ml, 50 ml, 100ml",100,800,INR,true,https://alharamainperfumes.in/product/spice-bomb-inspired-loose-perfume-fragrance/,https://alharamainperfumes.in/wp-content/uploads/2021/04/IMG_5374-scaled.jpg,true
Brbry hero super (Perfume),"Clone Perfumes, French, French Perfumes",,"Element Brbry hero super inspired Inspired by Brbry hero super inspired fragrance, Created by Al Haramain Perfumes Hyderabad.","10 ml, 25 ml, 50 ml, 100ml",150,1200,INR,true,https://alharamainperfumes.in/product/brbry-hero-super-inspired-loose-perfume-fragrance/,https://alharamainperfumes.in/wp-content/uploads/2021/04/IMG_5374-scaled.jpg,true
Brbry hero super (Attar),"Clone Attar, French Attar, French Attars, Premium Attars",,"Element Brbry hero super inspired Inspired by Brbry hero super inspired Attar, Created by Al Haramain Perfumes Hyderabad.","3 ml, 6 ml, 12 ml",150,600,INR,true,https://alharamainperfumes.in/product/brbry-hero-super-inspired-loose-attar-fragrance/,https://alharamainperfumes.in/wp-content/uploads/2025/09/WhatsApp-Image-2025-11-08-at-10.13.31-PM.jpeg,true
S A Rakkan (Attar),"Clone Attar, French Attar, Premium Attars",,"Element S A Rakkan inspired Inspired by S A Rakkan inspired fragrance Attar, Created by Al Haramain Perfumes Hyderabad.","3 ml, 6 ml, 12 ml",100,400,INR,true,https://alharamainperfumes.in/product/s-a-rakkan-inspired-loose-attar-fragrance/,https://alharamainperfumes.in/wp-content/uploads/2025/09/WhatsApp-Image-2025-11-08-at-10.13.31-PM.jpeg,false
S A Rakkan (Perfume),"Clone Perfumes, French",,"Element S A Rakkan inspired Inspired by S A Rakkan inspired fragrance, Created by Al Haramain Perfumes Hyderabad.","10 ml, 25 ml, 50 ml, 100ml",100,800,INR,true,https://alharamainperfumes.in/product/s-a-rakkan-inspired-loose-perfume-fragrance/,https://alharamainperfumes.in/wp-content/uploads/2021/04/IMG_5374-scaled.jpg,false
Ch good girl (Attar),"Clone Attar, French Attar, French Attars, Premium Attars",,"Element Ch good girl inspired Inspired by Ch good girl inspired fragrance Attar, Created by Al Haramain Perfumes Hyderabad.","3 ml, 6 ml, 12 ml",100,400,INR,false,https://alharamainperfumes.in/product/ch-good-girl-inspired-loose-attar-fragrance/,https://alharamainperfumes.in/wp-content/uploads/2025/09/WhatsApp-Image-2025-11-08-at-10.13.31-PM.jpeg,true
Ch good girl (Perfume),"Clone Perfumes, French, French Perfumes",,"Element Ch good girl inspired Inspired by Ch good girl inspired fragrance, Created by Al Haramain Perfumes Hyderabad.","10 ml, 25 ml, 50 ml, 100ml",100,800,INR,false,https://alharamainperfumes.in/product/nautica-voyage-nautica-for-menloose-perfume-fragrance-2-2/,https://alharamainperfumes.in/wp-content/uploads/2021/04/IMG_5374-scaled.jpg,true
L green (Perfume),"Clone Perfumes, French",,"Element L green inspired Inspired by L green inspired fragrance, Created by Al Haramain Perfumes Hyderabad.","10 ml, 25 ml, 50 ml, 100ml",100,800,INR,true,https://alharamainperfumes.in/product/l-green-inspired-loose-perfume-fragrance/,https://alharamainperfumes.in/wp-content/uploads/2021/04/IMG_5374-scaled.jpg,false
L green (Attar),"Clone Attar, French Attar, Premium Attars",,"Element L green inspired Inspired by L green inspired fragrance Attar, Created by Al Haramain Perfumes Hyderabad.","3 ml, 6 ml, 12 ml",100,400,INR,true,https://alharamainperfumes.in/product/l-green-inspired-loose-attar-fragrance/,https://alharamainperfumes.in/wp-content/uploads/2025/09/WhatsApp-Image-2025-11-08-at-10.13.31-PM.jpeg,false
The moon FM (Attar),"Arabic Attars, Clone Attar, French Attar, French Attars, Premium Attars",,"Element The moon fm inspired Inspired by The moon fm inspired fragrance Attar, Created by Al Haramain Perfumes Hyderabad.","3 ml, 6 ml, 12 ml",300,1200,INR,true,https://alharamainperfumes.in/product/the-moon-fm-inspiredloose-attar-fragrance/,https://alharamainperfumes.in/wp-content/uploads/2025/09/WhatsApp-Image-2025-11-08-at-10.13.31-PM.jpeg,true
The moon FM (Perfume),"Arabic Perfumes, Clone Perfumes, French, French Perfumes",,"Element The moon fm inspired Inspired by The moon fm inspired fragrance, Created by Al Haramain Perfumes Hyderabad.","10 ml, 25 ml, 50 ml, 100ml",400,3500,INR,true,https://alharamainperfumes.in/product/the-moon-fm-inspiredloose-perfume-fragrance/,https://alharamainperfumes.in/wp-content/uploads/2021/04/IMG_5374-scaled.jpg,true
Ysl bouquet (Perfume),"Clone Perfumes, French, French Attars, French Perfumes",,"Element Ysl bouquet inspired Inspired by Ysl bouquet inspired fragrance, Created by Al Haramain Perfumes Hyderabad.","10 ml, 25 ml, 50 ml, 100ml",150,1200,INR,true,https://alharamainperfumes.in/product/ysl-bouquet-inspired-loose-perfume-fragrance/,https://alharamainperfumes.in/wp-content/uploads/2021/04/IMG_5374-scaled.jpg,true
Ysl bouquet (Attar),"Clone Attar, French Attar, French Attars, Premium Attars",,"Element Ysl bouquet inspired Inspired by Ysl bouquet inspired fragrance Attar, Created by Al Haramain Perfumes Hyderabad.","3 ml, 6 ml, 12 ml",150,600,INR,true,https://alharamainperfumes.in/product/ysl-bouquet-inspired-loose-attar-fragrance/,https://alharamainperfumes.in/wp-content/uploads/2025/09/WhatsApp-Image-2025-11-08-at-10.13.31-PM.jpeg,true
Dehnal oud shams Ajm clone (Attar),"Clone Attar, French Attar, Premium Attars",,"Element Dehnal oud shams Ajm Clone Inspired by Dehnal oud shams Ajm Clone jpg inspired fragrance Attar, Created by Al Haramain Perfumes Hyderabad.","3 ml, 6 ml, 12 ml",650,2500,INR,true,https://alharamainperfumes.in/product/dehnal-oud-shams-ajm-clone-loose-attar-fragrance/,https://alharamainperfumes.in/wp-content/uploads/2025/09/WhatsApp-Image-2025-11-08-at-10.13.31-PM.jpeg,false
Dehnal oud shams Ajm Clone (Perfume),"Clone Perfumes, French",,"Element Dehnal oud shams Ajm Clone inspired Inspired by Dehnal oud shams Ajm Clone inspired fragrance, Created by Al Haramain Perfumes Hyderabad.","10 ml, 25 ml, 50 ml, 100ml",650,5000,INR,true,https://alharamainperfumes.in/product/dehnal-oud-shams-ajm-clone-loose-perfume-fragrance/,https://alharamainperfumes.in/wp-content/uploads/2021/04/IMG_5374-scaled.jpg,false
Le male jpg (Perfume),"Clone Perfumes, French, French Perfumes",,"Element Le male jpg inspired Inspired by Le male jpg inspired fragrance, Created by Al Haramain Perfumes Hyderabad.","10 ml, 25 ml, 50 ml, 100ml",100,800,INR,true,https://alharamainperfumes.in/product/le-male-jpg-inspired-loose-perfume-fragrance-copy/,https://alharamainperfumes.in/wp-content/uploads/2021/04/IMG_5374-scaled.jpg,true
Le male jpg (Attar),"Clone Attar, French Attar, French Attars, Premium Attars",,"Element Le male jpg inspired Inspired by Le male jpg inspired fragrance Attar, Created by Al Haramain Perfumes Hyderabad.","3 ml, 6 ml, 12 ml",100,400,INR,true,https://alharamainperfumes.in/product/le-male-jpg-inspired-loose-attar-fragrance/,https://alharamainperfumes.in/wp-content/uploads/2025/09/WhatsApp-Image-2025-11-08-at-10.13.31-PM.jpeg,true
Dng velvet desert oud (Perfume),"Clone Perfumes, French",,"Element Dng velvet desert oud inspired Inspired by Dng velvet desert oud inspired fragrance, Created by Al Haramain Perfumes Hyderabad.","10 ml, 25 ml, 50 ml, 100ml",150,1200,INR,true,https://alharamainperfumes.in/product/dng-velvet-desert-oud-inspired-loose-perfume-fragrance-copy/,https://alharamainperfumes.in/wp-content/uploads/2021/04/IMG_5374-scaled.jpg,false
Dng velvet desert oud (Attar),"Clone Attar, French Attar, Premium Attars",,"Element Dng velvet desert oud inspired Inspired by Dng velvet desert oud inspired Attar, Created by Al Haramain Perfumes Hyderabad.","3 ml, 6 ml, 12 ml",150,600,INR,true,https://alharamainperfumes.in/product/dng-velvet-desert-oud-inspired-loose-attar-fragrance/,https://alharamainperfumes.in/wp-content/uploads/2025/09/WhatsApp-Image-2025-11-08-at-10.13.31-PM.jpeg,false
B&B 1000 wishes (Perfume),"Clone Perfumes, French, French Perfumes",,Created by Al Haramain Perfumes Hyderabad,"10 ml, 25 ml, 50 ml, 100ml",100,800,INR,true,https://alharamainperfumes.in/product/bb-1000-wishes-inspiration-loose-perfume-fragrance/,https://alharamainperfumes.in/wp-content/uploads/2021/04/IMG_5374-scaled.jpg,true
B&B 1000 wishes (Attar),"Clone Attar, French Attar, French Attars, Premium Attars",,Created by Al Haramain Perfumes Hyderabad,"3 ml, 6 ml, 12 ml",100,400,INR,true,https://alharamainperfumes.in/product/bb-1000-wishes-inspiration-loose-attar-fragrance/,https://alharamainperfumes.in/wp-content/uploads/2025/09/WhatsApp-Image-2025-11-08-at-10.13.31-PM.jpeg,true
Chastity men inspired (Perfume),"Clone Perfumes, French",,"Element Chastity men inspired fragrance Inspired by Chastity men inspired fragrance, Created by Al Haramain Perfumes Hyderabad.","10 ml, 25 ml, 50 ml, 100ml",100,800,INR,true,https://alharamainperfumes.in/product/chastity-men-inspired-fragrance-loose-perfume-fragrance/,https://alharamainperfumes.in/wp-content/uploads/2021/04/IMG_5374-scaled.jpg,false
Chastity men (Attar),"Clone Attar, French Attar, Premium Attars",,"Element Chastity men inspired Inspired by Chastity men inspired fragrance Attar, Created by Al Haramain Perfumes Hyderabad.","3 ml, 6 ml, 12 ml",100,400,INR,true,https://alharamainperfumes.in/product/chastity-men-inspired-loose-attar-fragrance/,https://alharamainperfumes.in/wp-content/uploads/2025/09/WhatsApp-Image-2025-11-08-at-10.13.31-PM.jpeg,false
Flower shaped 6 ml car perfume refillable purple bottle,"6ml, Accessories, Car Freshener",,"A Refillable hanging car freshener bottle adds look and fragrance to your car. Can be used in any car, just hang the bottle on the rearview mirror and let the fragrance slowly release. The fragrance will slowly release eventually, for a boost of fragrance just shake or tilt the bottle to get instant freshness. The fragrance lasts up to 30 days depending on usage.",,150,150,INR,false,https://alharamainperfumes.in/product/flower-shaped-6-ml-car-perfume-refillable-purple-bottle/,https://alharamainperfumes.in/wp-content/uploads/2023/07/WhatsApp-Image-2025-11-22-at-7.52.41-PM.jpeg,false
Flower shaped 6 ml car perfume refillable red bottle,"6ml, Accessories, Car Freshener",,"A Refillable hanging car freshener bottle adds look and fragrance to your car. Can be used in any car, just hang the bottle on the rearview mirror and let the fragrance slowly release. The fragrance will slowly release eventually, for a boost of fragrance just shake or tilt the bottle to get instant freshness. The fragrance lasts up to 30 days depending on usage.",,150,150,INR,false,https://alharamainperfumes.in/product/flower-shaped-6-ml-car-perfume-refillable-bottle/,https://alharamainperfumes.in/wp-content/uploads/2023/07/WhatsApp-Image-2025-11-22-at-7.52.41-PM-1.jpeg,false
Golden style perfume bottle 25ml,"25ml, Attar Bottles, Fancy Bottles",,Plain imported bottle comes with gift box,,250,250,INR,true,https://alharamainperfumes.in/product/golden-sphere-12-ml-bottle/,https://alharamainperfumes.in/wp-content/uploads/2023/07/IMG_0028-scaled.jpg,false
"Silver cap ajm style bottle , 12ml","12ml, Attar Bottles, Fancy Bottles",,Plain imported bottle comes with gift box,,200,200,INR,true,https://alharamainperfumes.in/product/silver-cap-ajm-style-bottle-12ml-copy/,https://alharamainperfumes.in/wp-content/uploads/2023/07/Silver-cap-ajmal-style-scaled.jpg,false
"Black cap ajm style bottle , 12ml","12ml, Attar Bottles, Fancy Bottles",,Plain imported bottle comes with gift box Price 200 rs,,200,200,INR,true,https://alharamainperfumes.in/product/black-cap-ajm-style-bottle-12ml/,https://alharamainperfumes.in/wp-content/uploads/2023/07/Black-cap-ajmal-style-12-ml-bottle-1-1-scaled.jpg,false
Kilan Angel Share (Attar),"Clone Attar, French Attar, French Attars, Premium Attars",,"Kilan Angel Share Inspiration, Inspired by Kilan Angel Share Inspiration Attar, Created by Al Haramain Perfumes Hyderabad.","3 ml, 6 ml, 12 ml",100,400,INR,true,https://alharamainperfumes.in/product/kilan-angel-share-inspiration-loose-attar-fragrance-2/,https://alharamainperfumes.in/wp-content/uploads/2025/09/WhatsApp-Image-2025-11-08-at-10.13.31-PM.jpeg,true
Kilan angel share (Perfume),"Clone Perfumes, French, French Perfumes",,"Element Kilan angel share inspired Inspired by Kilan angel share inspired, inspired fragrance, Created by Al Haramain Perfumes Hyderabad.","10 ml, 25 ml, 50 ml, 100ml",100,800,INR,true,https://alharamainperfumes.in/product/kilan-angel-share-inspired-loose-perfume-fragrance/,https://alharamainperfumes.in/wp-content/uploads/2021/04/IMG_5374-scaled.jpg,true
Fasli gulab (Perfume),"Arabic Perfumes, Clone Perfumes, French, French Perfumes",,"Element Fasli gulab inspired Inspired by Fasli gulab inspired, Created by Al Haramain Perfumes Hyderabad.","10 ml, 25 ml, 50 ml, 100ml",100,800,INR,true,https://alharamainperfumes.in/product/fasli-gulab-inspired-loose-perfume-fragrance/,https://alharamainperfumes.in/wp-content/uploads/2021/04/IMG_5374-scaled.jpg,true
Fasli gulab (Attar),"Arabic Attars, Clone Attar, French Attar, French Attars, Premium Attars",,"Element Fasli gulab inspired Inspired by Fasli gulab Attar, Created by Al Haramain Perfumes Hyderabad.","3 ml, 6 ml, 12 ml",100,400,INR,true,https://alharamainperfumes.in/product/fasli-gulab-inspired-loose-attar-fragrance/,https://alharamainperfumes.in/wp-content/uploads/2025/09/WhatsApp-Image-2025-11-08-at-10.13.31-PM.jpeg,true
Bad boy ch (Attar),"Clone Attar, French Attar, French Attars, Premium Attars",,Created by Al Haramain Perfumes Hyderabad,"3 ml, 6 ml, 12 ml",100,400,INR,true,https://alharamainperfumes.in/product/bad-boy-ch-inspired-loose-attar-fragrance/,https://alharamainperfumes.in/wp-content/uploads/2025/09/WhatsApp-Image-2025-11-08-at-10.13.31-PM.jpeg,true
Bad boy ch (Perfume),"Clone Perfumes, French, French Perfumes",,Created by Al Haramain Perfumes Hyderabad,"10 ml, 25 ml, 50 ml, 100ml",100,800,INR,true,https://alharamainperfumes.in/product/bad-boy-ch-inspired-loose-perfume-fragrance/,https://alharamainperfumes.in/wp-content/uploads/2021/04/IMG_5374-scaled.jpg,true
Car**r Declaration (Perfume),"Clone Perfumes, French, French Perfumes",,"Element Car**r Declaration Inspiration Inspired by Car**r Declaration Inspiration, Created by Al Haramain Perfumes Hyderabad.","10 ml, 25 ml, 50 ml, 100ml",100,800,INR,false,https://alharamainperfumes.in/product/carr-declaration-inspiration-loose-perfume-fragrance/,https://alharamainperfumes.in/wp-content/uploads/2021/04/IMG_5374-scaled.jpg,true
Car**r Declaration (Attar),"Clone Attar, French Attar, French Attars, Premium Attars",,"Element Car**r Declaration Inspiration Inspired by Car**r Declaration Inspiration Attar, Created by Al Haramain Perfumes Hyderabad.","3 ml, 6 ml, 12 ml",100,400,INR,false,https://alharamainperfumes.in/product/carr-declaration-inspiration-loose-attar-fragrance-copy/,https://alharamainperfumes.in/wp-content/uploads/2025/09/WhatsApp-Image-2025-11-08-at-10.13.31-PM.jpeg,true
Tobacolor D (Perfume),"Clone Perfumes, French",,"Element Tobacolor D inspired Inspired by Tobacolor D inspired fragrance, Created by Al Haramain Perfumes Hyderabad.","10 ml, 25 ml, 50 ml, 100ml",150,1200,INR,true,https://alharamainperfumes.in/product/tobacolor-d-inspired-loose-perfume-fragrance/,https://alharamainperfumes.in/wp-content/uploads/2021/04/IMG_5374-scaled.jpg,false
Tobacolor D (Attar),"Clone Attar, French Attar, Premium Attars",,"Element Tobacolor D inspired Inspired by Tobacolor D inspired Attar, Created by Al Haramain Perfumes Hyderabad.","3 ml, 6 ml, 12 ml",150,600,INR,true,https://alharamainperfumes.in/product/tobacolor-d-inspired-loose-attar-fragrance/,https://alharamainperfumes.in/wp-content/uploads/2025/09/WhatsApp-Image-2025-11-08-at-10.13.31-PM.jpeg,false
Noveau mondé LV (Perfume),"Clone Perfumes, French",,"Element Noveau mondé LV inspired Inspired by Noveau mondé LV inspired fragrance, Created by Al Haramain Perfumes Hyderabad.","10 ml, 25 ml, 50 ml, 100ml",150,1200,INR,true,https://alharamainperfumes.in/product/noveau-monde-lv-inspired-loose-perfume-fragrance/,https://alharamainperfumes.in/wp-content/uploads/2021/04/IMG_5374-scaled.jpg,false
Noveau mondé LV (Attar),"Clone Attar, French Attar, Premium Attars",,"Element Noveau mondé LV inspired Inspired by Noveau mondé LV inspired Attar, Created by Al Haramain Perfumes Hyderabad.","3 ml, 6 ml, 12 ml",150,600,INR,true,https://alharamainperfumes.in/product/noveau-monde-lv-inspired-loose-attar-fragrance/,https://alharamainperfumes.in/wp-content/uploads/2025/09/WhatsApp-Image-2025-11-08-at-10.13.31-PM.jpeg,false
Erba pura super (Perfume),"Clone Perfumes, French, French Perfumes",,"Element Erba pura super inspiration Inspired by Erba pura super inspired, Created by Al Haramain Perfumes Hyderabad.","10 ml, 25 ml, 50 ml, 100ml",200,1500,INR,true,https://alharamainperfumes.in/product/erba-pura-super-inspired-loose-perfume-fragrance/,https://alharamainperfumes.in/wp-content/uploads/2021/04/IMG_5374-scaled.jpg,true
Erba pura super (Attar),"Clone Attar, French Attar, French Attars, Premium Attars",,"Element Erba pura inspiration Inspired by Erba pura inspired Attar, Created by Al Haramain Perfumes Hyderabad.","3 ml, 6 ml, 12 ml",150,600,INR,true,https://alharamainperfumes.in/product/erba-pura-super-inspired-loose-attar-fragrance/,https://alharamainperfumes.in/wp-content/uploads/2025/09/WhatsApp-Image-2025-11-08-at-10.13.31-PM.jpeg,true
Villain oud (Perfume),"Clone Perfumes, French",,"Element Villain oud inspiration Inspired by Villain oud inspired, Created by Al Haramain Perfumes Hyderabad.","10 ml, 25 ml, 50 ml, 100ml",100,400,INR,true,https://alharamainperfumes.in/product/villain-oud-inspired-loose-perfume-fragrance/,https://alharamainperfumes.in/wp-content/uploads/2021/04/IMG_5374-scaled.jpg,false
Villain oud (Attar),"Clone Attar, French Attar, Premium Attars",,"Element Villain oud inspiration Inspired by Villain oud inspired Attar, Created by Al Haramain Perfumes Hyderabad.","3 ml, 6 ml, 12 ml",100,300,INR,true,https://alharamainperfumes.in/product/villain-oud-inspiration-loose-attar-fragrance/,https://alharamainperfumes.in/wp-content/uploads/2025/09/WhatsApp-Image-2025-11-08-at-10.13.31-PM.jpeg,false
Zara gold (Perfume),"Clone Perfumes, French, French Perfumes",,"Element Zara inspiration Inspired by Zara inspired, Created by Al Haramain Perfumes Hyderabad.","10 ml, 25 ml, 50 ml, 100ml",100,800,INR,true,https://alharamainperfumes.in/product/zara-inspired-loose-perfume-fragrance/,https://alharamainperfumes.in/wp-content/uploads/2021/04/IMG_5374-scaled.jpg,true
Zara gold (Attar),"Clone Attar, French Attar, French Attars, Premium Attars",,"Element Zara inspiration Inspired by Zara inspired Attar, Created by Al Haramain Perfumes Hyderabad.","3 ml, 6 ml, 12 ml",100,400,INR,true,https://alharamainperfumes.in/product/zara-inspired-inspiration-loose-attar-fragrance/,https://alharamainperfumes.in/wp-content/uploads/2025/09/WhatsApp-Image-2025-11-08-at-10.13.31-PM.jpeg,true
212 heroes (Perfume),"Clone Perfumes, French, French Perfumes",,Created by Al Haramain Perfumes Hyderabad,"10 ml, 25 ml, 50 ml, 100ml",150,1200,INR,true,https://alharamainperfumes.in/product/212-heroes-inspired-loose-perfume-fragrance/,https://alharamainperfumes.in/wp-content/uploads/2021/04/IMG_5374-scaled.jpg,true
212 heroes (Attar),"Clone Attar, French Attar, French Attars, Premium Attars",,Created by Al Haramain Perfumes Hyderabad,"3 ml, 6 ml, 12 ml",150,600,INR,true,https://alharamainperfumes.in/product/212-heroes-inspired-fragrance-loose-attar-fragrance/,https://alharamainperfumes.in/wp-content/uploads/2025/09/WhatsApp-Image-2025-11-08-at-10.13.31-PM.jpeg,true
LV symphony (Attar),"Clone Attar, French Attar, Premium Attars",,"LV Symphony INSPIRED FRAGRANCE, Inspired by LV symphony inspired Attar, Created by Al Haramain Perfumes Hyderabad.","3 ml, 6 ml, 12 ml",150,600,INR,true,https://alharamainperfumes.in/product/lv-symphony-inspired-fragrance-loose-attar-fragrance-copy/,https://alharamainperfumes.in/wp-content/uploads/2025/09/WhatsApp-Image-2025-11-08-at-10.13.31-PM.jpeg,false
Lv symphony (Perfume),"Clone Perfumes, French",,"Element Lv symphony INSPIRED FRAGRANCE Inspired by Lv symphony INSPIRED FRAGRANCE , inspired fragrance, Created by Al Haramain Perfumes Hyderabad.","10 ml, 25 ml, 50 ml, 100ml",150,1200,INR,true,https://alharamainperfumes.in/product/lv-symphony-inspired-loose-perfume-fragrance/,https://alharamainperfumes.in/wp-content/uploads/2021/04/IMG_5374-scaled.jpg,false
Tobacco oud (Attar),"Clone Attar, French Attar, Premium Attars",,"Tobacco oud inspired INSPIRED FRAGRANCE, Inspired by Tobacco oud inspired Attar, Created by Al Haramain Perfumes Hyderabad.","3 ml, 6 ml, 12 ml",200,800,INR,true,https://alharamainperfumes.in/product/tobacco-oud-inspired-fragrance-loose-attar-fragrance/,https://alharamainperfumes.in/wp-content/uploads/2025/09/WhatsApp-Image-2025-11-08-at-10.13.31-PM.jpeg,false
Tobacco oud inspired (Perfume),"Clone Perfumes, French",,"Element Tobacco oud inspired INSPIRED FRAGRANCE Inspired byTobacco oud INSPIRED FRAGRANCE , inspired fragrance, Created by Al Haramain Perfumes Hyderabad.","10 ml, 25 ml, 50 ml, 100ml",200,1500,INR,true,https://alharamainperfumes.in/product/tobacco-oud-inspired-fragrance-loose-perfume-fragrance/,https://alharamainperfumes.in/wp-content/uploads/2021/04/IMG_5374-scaled.jpg,false
Bleu de Channel EDT (Perfume),"Clone Perfumes, French, French Perfumes",,"Element Bleu de Channel EDT INSPIRED FRAGRANCE Inspired by Bleu de Channel EDT INSPIRED FRAGRANCE , inspired fragrance, Created by Al Haramain Perfumes Hyderabad.","10 ml, 25 ml, 50 ml, 100ml",200,1500,INR,true,https://alharamainperfumes.in/product/bleu-de-channel-edt-inspired-fragrance-loose-perfume-fragrance/,https://alharamainperfumes.in/wp-content/uploads/2021/04/IMG_5374-scaled.jpg,true
Bleu de Channel EDT(Attar),"Clone Attar, French Attar, French Attars, Premium Attars",,"Bleu de Channel EDT INSPIRED FRAGRANCE, Inspired by Bleu de Channel EDT INSPIRED FRAGRANCE, , Created by Al Haramain Perfumes Hyderabad.","3 ml, 6 ml, 12 ml",150,600,INR,true,https://alharamainperfumes.in/product/bleu-de-channel-edt-inspired-fragrance-loose-attar-fragrance/,https://alharamainperfumes.in/wp-content/uploads/2025/09/WhatsApp-Image-2025-11-08-at-10.13.31-PM.jpeg,true
Bvl aqua Amara (Perfume),"Clone Perfumes, French, French Perfumes",,"Element Bvl aqua Amara inspiration Inspired by Bvl aqua Amara inspiration, Created by Al Haramain Perfumes Hyderabad.","10 ml, 25 ml, 50 ml, 100ml",100,800,INR,true,https://alharamainperfumes.in/product/bvl-aqua-amara-inspiration-loose-perfume-fragrance/,https://alharamainperfumes.in/wp-content/uploads/2021/04/IMG_5374-scaled.jpg,true
Bvl aqua Amara inspiration (Attar),"Clone Attar, French Attar, French Attars, Premium Attars",,Element Bvl aqua Amara inspiration,"3 ml, 6 ml, 12 ml",100,400,INR,true,https://alharamainperfumes.in/product/bvl-aqua-amara-inspiration-loose-attar-fragrance/,https://alharamainperfumes.in/wp-content/uploads/2025/09/WhatsApp-Image-2025-11-08-at-10.13.31-PM.jpeg,true
Kilan good girl gone bad (Perfume),"Clone Perfumes, French, French Perfumes",,"Element Kilan good girl gone bad inspiration Inspired by Kilan good girl gone bad inspiration fragrance, Created by Al Haramain Perfumes Hyderabad.","10 ml, 25 ml, 50 ml, 100ml",150,1200,INR,true,https://alharamainperfumes.in/product/kilan-good-girl-gone-bad-inspiration-loose-perfume-fragrance/,https://alharamainperfumes.in/wp-content/uploads/2021/04/IMG_5374-scaled.jpg,true
Kilan good girl gone bad (Attar),"Clone Attar, French Attar, French Attars, Premium Attars",,"Element Kilan good girl gone bad inspiration Inspired by Qamar al layl inspiration Attar, Created by Al Haramain Perfumes Hyderabad.","3 ml, 6 ml, 12 ml",150,600,INR,true,https://alharamainperfumes.in/product/kilan-good-girl-gone-bad-inspirationloose-attar-fragrance/,https://alharamainperfumes.in/wp-content/uploads/2025/09/WhatsApp-Image-2025-11-08-at-10.13.31-PM.jpeg,true
Sauvage elixir super (Perfume),"Clone Perfumes, French, French Perfumes",,"Element Sauvage elixir super inspiration Inspired by Sauvage elixir super inspiration fragrance, Created by Al Haramain Perfumes Hyderabad.","10 ml, 25 ml, 50 ml, 100ml",300,2500,INR,true,https://alharamainperfumes.in/product/sauvage-elixir-super-inspiration-loose-perfume-fragrance/,https://alharamainperfumes.in/wp-content/uploads/2021/04/IMG_5374-scaled.jpg,true
Sauvage elixir super inspiration (Attar),"Clone Attar, French Attar, French Attars, Premium Attars",,,"3 ml, 6 ml, 12 ml",250,1000,INR,true,https://alharamainperfumes.in/product/sauvage-elixir-super-inspiration-loose-attar-fragrance/,https://alharamainperfumes.in/wp-content/uploads/2025/09/WhatsApp-Image-2025-11-08-at-10.13.31-PM.jpeg,true
Cree green irish tweed inspiration (Attar),"Clone Attar, French Attar, French Attars, Premium Attars",,Element Cree green irish tweed inspiration,"3 ml, 6 ml, 12 ml",250,1000,INR,true,https://alharamainperfumes.in/product/cree-green-irish-tweed-inspiration-loose-attar-fragrance-copy/,https://alharamainperfumes.in/wp-content/uploads/2025/09/WhatsApp-Image-2025-11-08-at-10.13.31-PM.jpeg,true
Cree green irish tweed (Perfume),"Clone Perfumes, French, French Perfumes",,"Element Cree green irish tweed inspiration Inspired by Cree green irish tweed inspiration fragrance, Created by Al Haramain Perfumes Hyderabad.","10 ml, 25 ml, 50 ml, 100ml",300,2500,INR,true,https://alharamainperfumes.in/product/cree-green-irish-tweed-inspiration-loose-perfume-fragrance/,https://alharamainperfumes.in/wp-content/uploads/2021/04/IMG_5374-scaled.jpg,true
Brbry weekend (Attar),"Clone Attar, French Attar, Premium Attars",,"Element Brbry weekend fragrance inspiration Inspired by Brbry weekend inspiration Attar, Created by Al Haramain Perfumes Hyderabad.","3 ml, 6 ml, 12 ml",100,400,INR,true,https://alharamainperfumes.in/product/shamama-attar-inspiration-fragrance-loose-attar-fragrance/,https://alharamainperfumes.in/wp-content/uploads/2025/09/WhatsApp-Image-2025-11-08-at-10.13.31-PM.jpeg,false
brbry weekend (Perfume),"Clone Perfumes, French",,"Element Brbry weekend Perfume inspired fragrance Inspired by Brbry weekend Perfume inspiration fragrance, Created by Al Haramain Perfumes Hyderabad.","10 ml, 25 ml, 50 ml, 100ml",100,800,INR,true,https://alharamainperfumes.in/product/nautica-voyage-nautica-for-menloose-perfume-fragrance-2-6/,https://alharamainperfumes.in/wp-content/uploads/2021/04/IMG_5374-scaled.jpg,false
Dirham (Perfume),"Arabic Perfumes, Clone Perfumes, French",,"Element Dirham Attar inspired fragrance Inspired by Dirham Attar inspiration fragrance, Created by Al Haramain Perfumes Hyderabad.","10 ml, 25 ml, 50 ml, 100ml",100,800,INR,true,https://alharamainperfumes.in/product/dirham-attar-inspiration-fragranceloose-perfume-fragrance/,https://alharamainperfumes.in/wp-content/uploads/2021/04/IMG_5374-scaled.jpg,true
Dirham (Attar),"Arabic Attars, Clone Attar, French Attar, Premium Attars",,"Element Dirham Attar fragrance inspiration Inspired by Qamar al layl inspiration Attar, Created by Al Haramain Perfumes Hyderabad.","3 ml, 6 ml, 12 ml",100,400,INR,true,https://alharamainperfumes.in/product/dirham-attar-inspiration-fragrance-loose-attar-fragrance/,https://alharamainperfumes.in/wp-content/uploads/2025/09/WhatsApp-Image-2025-11-08-at-10.13.31-PM.jpeg,true
Brbry hero (Perfume),"Clone Perfumes, French, French Perfumes",,"Element Brbry hero inspiration inspired fragrance Inspired by Brbry hero inspiration fragrance, Created by Al Haramain Perfumes Hyderabad.","10 ml, 25 ml, 50 ml, 100ml",100,800,INR,true,https://alharamainperfumes.in/product/brbry-hero-inspired-fragranceloose-perfume-fragrance/,https://alharamainperfumes.in/wp-content/uploads/2021/04/IMG_5374-scaled.jpg,true
Brbry hero (Attar),"Clone Attar, French Attar, French Attars, Premium Attars",,"Element Brbry hero fragrance inspiration Inspired by Qamar al layl inspiration Attar, Created by Al Haramain Perfumes Hyderabad.","3 ml, 6 ml, 12 ml",100,400,INR,true,https://alharamainperfumes.in/product/brbry-hero-inspiration-fragrance-loose-attar-fragrance/,https://alharamainperfumes.in/wp-content/uploads/2025/09/WhatsApp-Image-2025-11-08-at-10.13.31-PM.jpeg,true
Cr7 (Perfume),"Clone Perfumes, French, French Perfumes",,"Element Cr7 inspiration inspired fragrance Inspired by Cr7 inspiration inspired fragrance, Created by Al Haramain Perfumes Hyderabad.","10 ml, 25 ml, 50 ml, 100ml",100,800,INR,false,https://alharamainperfumes.in/product/cr7-inspiration-inspired-fragranceloose-perfume-fragrance-copy/,https://alharamainperfumes.in/wp-content/uploads/2021/04/IMG_5374-scaled.jpg,true
Cr7 (Attar),"Clone Attar, French Attar, French Attars, Premium Attars",,"Element Cr7 inspiration fragrance inspiration Inspired by Qamar al layl inspiration Attar, Created by Al Haramain Perfumes Hyderabad.","3 ml, 6 ml, 12 ml",100,400,INR,false,https://alharamainperfumes.in/product/cr7-inspiration-inspired-fragrance-loose-attar-fragrance/,https://alharamainperfumes.in/wp-content/uploads/2025/09/WhatsApp-Image-2025-11-08-at-10.13.31-PM.jpeg,true
Sauvage elixir (Perfume),"Clone Perfumes, French, French Perfumes",,"Element Sauvage elixir inspired fragrance Inspired by Sauvage elixir inspired fragrance, Created by Al Haramain Perfumes Hyderabad.","10 ml, 25 ml, 50 ml, 100ml",100,800,INR,true,https://alharamainperfumes.in/product/sauvage-elixir-inspired-fragrance-loose-perfume-fragrance/,https://alharamainperfumes.in/wp-content/uploads/2021/04/IMG_5374-scaled.jpg,true
Sauvage elixir(Attar),"Clone Attar, French Attar, French Attars, Premium Attars",,"Element One million elixir inspired fragrance , Inspired by Qamar al layl inspiration Attar, Created by Al Haramain Perfumes Hyderabad.","3 ml, 6 ml, 12 ml",100,400,INR,true,https://alharamainperfumes.in/product/sauvage-elixir-inspired-fragrance-loose-attar-fragrance/,https://alharamainperfumes.in/wp-content/uploads/2025/09/WhatsApp-Image-2025-11-08-at-10.13.31-PM.jpeg,true
One million elixir (Perfume),"Clone Perfumes, French, French Perfumes",,"Element One million elixir inspired fragrance Inspired byOne million elixir inspired fragrance, Created by Al Haramain Perfumes Hyderabad.","10 ml, 25 ml, 50 ml, 100ml",200,1500,INR,true,https://alharamainperfumes.in/product/one-million-elixir-inspired-fragrance-loose-perfume-fragrance/,https://alharamainperfumes.in/wp-content/uploads/2025/12/WhatsApp-Image-2025-12-06-at-6.55.34-PM.jpeg,true
One million elixir (Attar),"Clone Attar, French Attar, French Attars, Premium Attars",,"Element One million elixir inspired fragrance , Inspired by Qamar al layl inspiration Attar, Created by Al Haramain Perfumes Hyderabad.","3 ml, 6 ml, 12 ml",150,600,INR,true,https://alharamainperfumes.in/product/one-million-elixir-inspired-fragrance-loose-attar-fragrance/,https://alharamainperfumes.in/wp-content/uploads/2025/09/WhatsApp-Image-2025-11-08-at-10.13.31-PM.jpeg,true
Terrible teddy (Perfume),"Clone Perfumes, French, French Perfumes",,"Element Terrible teddy inspired fragrance Inspired by Terrible teddy inspired fragrance, Created by Al Haramain Perfumes Hyderabad.","10 ml, 25 ml, 50 ml, 100ml",100,800,INR,true,https://alharamainperfumes.in/product/terrible-teddy-inspired-fragranceloose-perfume-fragrance/,https://alharamainperfumes.in/wp-content/uploads/2021/04/IMG_5374-scaled.jpg,true
Terrible teddy (Attar),"Clone Attar, French Attar, French Attars, Premium Attars",,"Element Terrible teddy fragrance inspiration Inspired by Qamar al layl inspiration Attar, Created by Al Haramain Perfumes Hyderabad.","3 ml, 6 ml, 12 ml",100,400,INR,true,https://alharamainperfumes.in/product/terrible-teddy-inspired-fragrance-loose-attar-fragrance/,https://alharamainperfumes.in/wp-content/uploads/2025/09/WhatsApp-Image-2025-11-08-at-10.13.31-PM.jpeg,true
Ralph club (Perfume),"Clone Perfumes, French",,"Element Ralph club inspired fragrance Inspired by Ralph club inspired fragrance, Created by Al Haramain Perfumes Hyderabad.","10 ml, 25 ml, 50 ml, 100ml",100,800,INR,true,https://alharamainperfumes.in/product/ralph-club-inspired-fragranceloose-perfume-fragrance/,https://alharamainperfumes.in/wp-content/uploads/2021/04/IMG_5374-scaled.jpg,false
Ralph club (Attar),"Clone Attar, French Attar, Premium Attars",,"Element Ralph club fragrance inspiration Inspired by Qamar al layl inspiration Attar, Created by Al Haramain Perfumes Hyderabad.","3 ml, 6 ml, 12 ml",100,400,INR,true,https://alharamainperfumes.in/product/ralph-club-inspired-fragrance-loose-attar-fragrance/,https://alharamainperfumes.in/wp-content/uploads/2025/09/WhatsApp-Image-2025-11-08-at-10.13.31-PM.jpeg,false
Dans LV (Perfume),"Clone Perfumes, French",,"Element Dans LV inspired fragrance Perfume Inspired by Dans LV inspired fragrance, Created by Al Haramain Perfumes Hyderabad.","10 ml, 25 ml, 50 ml, 100ml",150,1200,INR,true,https://alharamainperfumes.in/product/dans-lv-inspired-fragrance-loose-perfume-fragrance/,https://alharamainperfumes.in/wp-content/uploads/2021/04/IMG_5374-scaled.jpg,false
Dans LV (Attar),"Clone Attar, French Attar, Premium Attars",,"Element Dans LV-inspired fragrance, Inspired by Qamar al layl inspiration Attar, Created by Al Haramain Perfumes Hyderabad.","3 ml, 6 ml, 12 ml",150,600,INR,true,https://alharamainperfumes.in/product/dans-lv-inspired-fragrance-loose-attar-fragrance/,https://alharamainperfumes.in/wp-content/uploads/2025/09/WhatsApp-Image-2025-11-08-at-10.13.31-PM.jpeg,false
Spice bomb super (Attar),"Clone Attar, French Attar, French Attars, Premium Attars",,"Element Spice bomb super inspired fragrance, Inspired by Qamar al layl inspiration Attar, Created by Al Haramain Perfumes Hyderabad.","3 ml, 6 ml, 12 ml",150,600,INR,true,https://alharamainperfumes.in/product/spice-bomb-super-inspired-fragrance-loose-attar-fragrance/,https://alharamainperfumes.in/wp-content/uploads/2025/09/WhatsApp-Image-2025-11-08-at-10.13.31-PM.jpeg,true
Spice bomb super (Perfume),"Clone Perfumes, French, French Perfumes",,"Element Spice bomb super-inspired fragrance Perfume Inspired by Spice bomb super inspired fragrance, Created by Al Haramain Perfumes Hyderabad.","10 ml, 25 ml, 50 ml, 100ml",150,1200,INR,true,https://alharamainperfumes.in/product/spice-bomb-super-inspired-fragrance-loose-perfume-fragrance/,https://alharamainperfumes.in/wp-content/uploads/2021/04/IMG_5374-scaled.jpg,true
Layton (Perfume),"Clone Perfumes, French, French Perfumes",,"Element Layton perfume M inspired fragrance, inspired fragrance Perfume Inspired by Layton perfume M inspired fragrance, inspired fragrance, Created by Al Haramain Perfumes Hyderabad.","10 ml, 25 ml, 50 ml, 100ml",200,1500,INR,true,https://alharamainperfumes.in/product/layton-perfume-m-inspired-fragrance-loose-perfume-fragrance-copy/,https://alharamainperfumes.in/wp-content/uploads/2021/04/IMG_5374-scaled.jpg,true
Layton (Attar),"Clone Attar, French Attar, French Attars, Premium Attars",,"Element Layton perfume M inspired fragrance, inspired fragrance Inspired by Qamar al layl inspiration Attar, Created by Al Haramain Perfumes Hyderabad.","3 ml, 6 ml, 12 ml",150,600,INR,true,https://alharamainperfumes.in/product/layton-perfume-m-inspired-fragranceloose-attar-fragrance/,https://alharamainperfumes.in/wp-content/uploads/2025/09/WhatsApp-Image-2025-11-08-at-10.13.31-PM.jpeg,true
Lipstick on replica (Perfume),"Clone Perfumes, French",,"Element Lipstick on replica , inspired fragrance Perfume Inspired by Lipstick on replica , inspired fragrance, Created by Al Haramain Perfumes Hyderabad.","10 ml, 25 ml, 50 ml, 100ml",150,1200,INR,true,https://alharamainperfumes.in/product/lipstick-on-replica-inspired-fragrance-loose-perfume-fragrance/,https://alharamainperfumes.in/wp-content/uploads/2021/04/IMG_5374-scaled.jpg,false
Lipstick on replica (Attar),"Clone Attar, French Attar, Premium Attars",,"Element Lipstick on replica, inspired fragrance Inspired by Qamar al layl inspiration Attar, Created by Al Haramain Perfumes Hyderabad.","3 ml, 6 ml, 12 ml",100,400,INR,true,https://alharamainperfumes.in/product/lipstick-on-replica-inspired-fragrance-loose-attar-fragrance/,https://alharamainperfumes.in/wp-content/uploads/2025/09/WhatsApp-Image-2025-11-08-at-10.13.31-PM.jpeg,false
Ganymede (Perfume),"Clone Perfumes, French",,"Element Ganymede inspired fragrance Inspired by Ganymede inspired fragrance, Created by Al Haramain Perfumes Hyderabad.","10 ml, 25 ml, 50 ml, 100ml",200,1500,INR,true,https://alharamainperfumes.in/product/ganymede-inspired-fragrance-loose-perfume-fragrance/,https://alharamainperfumes.in/wp-content/uploads/2021/04/IMG_5374-scaled.jpg,false
Ganymede (Attar),"Clone Attar, French Attar, Premium Attars",,"Element Ganymede inspired fragrance inspiration Inspired by Qamar al layl inspiration Attar, Created by Al Haramain Perfumes Hyderabad.","3 ml, 6 ml, 12 ml",150,600,INR,true,https://alharamainperfumes.in/product/ganymede-inspired-fragrance-loose-attar-fragrance/,https://alharamainperfumes.in/wp-content/uploads/2025/09/WhatsApp-Image-2025-11-08-at-10.13.31-PM.jpeg,false
Rania rasa (Perfume),"Clone Perfumes, French",,"Element Rania rasa inspiration Perfume Inspired by Rania rasa inspiration, Created by Al Haramain Perfumes Hyderabad.","10 ml, 25 ml, 50 ml, 100ml",100,800,INR,true,https://alharamainperfumes.in/product/rania-rasa-inspired-loose-perfume-fragrance/,https://alharamainperfumes.in/wp-content/uploads/2021/04/IMG_5374-scaled.jpg,false
Bushra rasa (Perfume),"Clone Perfumes, French",,"Element Bushra rasa inspiration Perfume Inspired by Bushra rasa inspired, Created by Al Haramain Perfumes Hyderabad.","10 ml, 25 ml, 50 ml, 100ml",250,800,INR,true,https://alharamainperfumes.in/product/bushra-rasa-loose-perfume-fragrance/,https://alharamainperfumes.in/wp-content/uploads/2021/04/IMG_5374-scaled.jpg,false
Bushra rasa (Attar),"Clone Attar, French Attar, Premium Attars",,"Element Bushra rasa inspired inspiration Inspired by Qamar al layl inspiration Attar, Created by Al Haramain Perfumes Hyderabad.","3 ml, 6 ml, 12 ml",100,400,INR,true,https://alharamainperfumes.in/product/bushra-rasa-inspired-loose-attar-fragrance/,https://alharamainperfumes.in/wp-content/uploads/2025/09/WhatsApp-Image-2025-11-08-at-10.13.31-PM.jpeg,false
Bronze type khanjar attar bottle 15 ml,Gift Sets,,,,1000,1000,INR,true,https://alharamainperfumes.in/product/bronze-type-khanjar-attar-bottle-15-ml/,https://alharamainperfumes.in/wp-content/uploads/2023/05/khanjar-scaled.jpeg,false
Attar al oud rasasi (Attar),"Arabic Attars, Clone Attar, French Attar, Premium Attars",,Created by Al Haramain Perfumes Hyderabad,"3 ml, 6 ml, 12 ml",100,400,INR,true,https://alharamainperfumes.in/product/attar-al-oud-rasasi-inspired-loose-attar-fragrance/,https://alharamainperfumes.in/wp-content/uploads/2025/09/WhatsApp-Image-2025-11-08-at-10.13.31-PM.jpeg,true
Silver shade Ajm (Attar),"Clone Attar, French Attar, Premium Attars",,"Element Silver shade Ajm inspiration Inspired by Qamar al layl inspiration Attar, Created by Al Haramain Perfumes Hyderabad.","3 ml, 6 ml, 10 ml, 12 ml",100,400,INR,true,https://alharamainperfumes.in/product/silver-shade-ajm-inspired-loose-attar-fragrance/,https://alharamainperfumes.in/wp-content/uploads/2025/09/WhatsApp-Image-2025-11-08-at-10.13.31-PM.jpeg,false
Rania rasa (Attar),"Clone Attar, French Attar, Premium Attars",,"Element Rania rasa inspired inspiration Inspired by Qamar al layl inspiration Attar, Created by Al Haramain Perfumes Hyderabad.","3 ml, 6 ml, 12 ml",100,400,INR,true,https://alharamainperfumes.in/product/rania-rasa-inspired-loose-attar-fragrance/,https://alharamainperfumes.in/wp-content/uploads/2025/09/WhatsApp-Image-2025-11-08-at-10.13.31-PM.jpeg,false
Oud al Mubakhar rasasi (Attar),"Arabic Attars, Clone Attar, French Attar, Premium Attars",,"ElementOud al Mubakhar rasasi inspiration Inspired by Qamar al layl inspiration Attar, Created by Al Haramain Perfumes Hyderabad.","3 ml, 6 ml, 12 ml",100,400,INR,true,https://alharamainperfumes.in/product/oud-al-mubakhar-rasasi-inspired-loose-attar-fragrance-copy/,https://alharamainperfumes.in/wp-content/uploads/2025/09/WhatsApp-Image-2025-11-08-at-10.13.31-PM.jpeg,true
Ysl black opium (Attar),"Clone Attar, French Attar, French Attars, Premium Attars",,"Element Ysl black opium inspiration Inspired by Qamar al layl inspiration Attar, Created by Al Haramain Perfumes Hyderabad.","3 ml, 6 ml, 12 ml",100,400,INR,true,https://alharamainperfumes.in/product/ysl-black-opium-inspired-loose-attar-fragrance-copy/,https://alharamainperfumes.in/wp-content/uploads/2025/09/WhatsApp-Image-2025-11-08-at-10.13.31-PM.jpeg,true
Attar al oud rasasi (Perfume),"Arabic Perfumes, Clone Perfumes, French",,Created by Al Haramain Perfumes Hyderabad,"10 ml, 25 ml, 50 ml, 100ml",100,800,INR,true,https://alharamainperfumes.in/product/attar-al-oud-rasasi-inspiredloose-perfume-fragrance/,https://alharamainperfumes.in/wp-content/uploads/2021/04/IMG_5374-scaled.jpg,true
Silver shade Ajm (Perfume),"Clone Perfumes, French",,"Element Silver shade Ajm inspiration Perfume Inspired by Silver shade Ajm inspired, Created by Al Haramain Perfumes Hyderabad.","10 ml, 25 ml, 50 ml, 100ml",100,800,INR,true,https://alharamainperfumes.in/product/silver-shade-ajm-inspired-loose-perfume-fragrance/,https://alharamainperfumes.in/wp-content/uploads/2021/04/IMG_5374-scaled.jpg,false
Oud al Mubakhar Rasasi (Perfume),"Clone Perfumes, French",,"Element Oud al Mubakhar rasasi inspiration Perfume Inspired by Oud al Mubakhar rasasi inspired , Created by Al Haramain Perfumes Hyderabad.","10 ml, 25 ml, 50 ml, 100ml",100,800,INR,true,https://alharamainperfumes.in/product/oud-al-mubakhar-rasasi-inspired-loose-perfume-fragrance-copy/,https://alharamainperfumes.in/wp-content/uploads/2021/04/IMG_5374-scaled.jpg,false
Ysl black opium (Perfume),"Clone Perfumes, French, French Perfumes",,"Element Ysl black opium inspired inspiration Perfume Inspired by Ysl black opium inspired inspiration, Created by Al Haramain Perfumes Hyderabad.","10 ml, 25 ml, 50 ml, 100ml",100,800,INR,true,https://alharamainperfumes.in/product/ysl-black-opium-inspired-loose-perfume-fragrance/,https://alharamainperfumes.in/wp-content/uploads/2021/04/IMG_5374-scaled.jpg,true
"Golden khanjar Refillable Attar Bottle Gift Set, 15 ml",Gift Sets,,,,1000,1000,INR,true,https://alharamainperfumes.in/product/golden-khanjar-refillable-attar-bottle-gift-set-15-ml/,https://alharamainperfumes.in/wp-content/uploads/2023/05/gift-scaled.jpeg,false
Bakhoor Qamar al layl,Bakhoor & Oud,,Created by Al Haramain Perfumes Hyderabad,"10grams, 50grams",100,500,INR,true,https://alharamainperfumes.in/product/bakhoor-qamar-al-layl/,https://alharamainperfumes.in/wp-content/uploads/2021/04/image-scaled.png,false
Sheikh al shyook luxe edition (Perfume),"Clone Perfumes, French",,"Element Sheikh al shyook luxe edition inspiration Perfume Inspired by Sheikh al shyook luxe edition inspiration, Created by Al Haramain Perfumes Hyderabad.","10 ml, 25 ml, 50 ml, 100ml",250,800,INR,true,https://alharamainperfumes.in/product/sheikh-al-shyook-luxe-edition-loose-perfume-fragrance-copy/,https://alharamainperfumes.in/wp-content/uploads/2021/04/IMG_5374-scaled.jpg,false
Sheikh al shyook luxe edition (Attar),"Clone Attar, French Attar, Premium Attars",,"Sheikh al shyook luxe edition inspiration Attar Inspired by Sheikh al shyook luxe edition Attar, Created by Al Haramain Perfumes Hyderabad.","3 ml, 6 ml, 12 ml",100,400,INR,true,https://alharamainperfumes.in/product/sheikh-al-shyook-luxe-edition-loose-attar-fragrance/,https://alharamainperfumes.in/wp-content/uploads/2025/09/WhatsApp-Image-2025-11-08-at-10.13.31-PM.jpeg,false
Qamar al layl (Perfume),"Arabic Perfumes, Clone Perfumes, French",,"Element Qamar al layl Inspired Perfume Inspired by Qamar al layl, Created by Al Haramain Perfumes Hyderabad.","10 ml, 25 ml, 50 ml, 100ml",100,800,INR,true,https://alharamainperfumes.in/product/qamar-al-layl-loose-perfume-fragrance/,https://alharamainperfumes.in/wp-content/uploads/2021/04/IMG_5374-scaled.jpg,true
Qamar al layl (Attar),"Arabic Attars, Clone Attar, French Attar, Premium Attars",,"Element Qamar al layl inspiration Inspired by Qamar al layl inspiration Attar, Created by Al Haramain Perfumes Hyderabad.","3 ml, 6 ml, 12 ml",100,400,INR,true,https://alharamainperfumes.in/product/qamar-al-layl-loose-attar-fragrance/,https://alharamainperfumes.in/wp-content/uploads/2025/09/WhatsApp-Image-2025-11-08-at-10.13.31-PM.jpeg,true
Dehnal oud safwa rasasi (Attar),"Clone Attar, French Attar, Premium Attars",,"Daehnal oud safwa rasasi inspired inspiration Inspired by Daehnal oud safwa rasasi inspired Attar, Created by Al Haramain Perfumes Hyderabad.","3 ml, 6 ml, 12 ml",500,2000,INR,true,https://alharamainperfumes.in/product/daehnal-oud-safwa-rasasi-inspired-loose-attar-fragrance/,https://alharamainperfumes.in/wp-content/uploads/2025/09/WhatsApp-Image-2025-11-08-at-10.13.31-PM.jpeg,false
Dehnal oud safwa rasasi (Perfume),"Clone Perfumes, French",,"Element Daehnal oud safwa rasasi inspired Perfume Inspired by Daehnal oud safwa rasasi inspired, Created by Al Haramain Perfumes Hyderabad.","10 ml, 25 ml, 50 ml, 100ml",750,4000,INR,true,https://alharamainperfumes.in/product/daehnal-oud-safwa-rasasi-inspired-loose-perfume-fragrance/,https://alharamainperfumes.in/wp-content/uploads/2021/04/IMG_5374-scaled.jpg,false
Bakhoor barakah,Bakhoor & Oud,,Created by Al Haramain Perfumes Hyderabad,"10grams, 50grams",100,300,INR,true,https://alharamainperfumes.in/product/bakhoor-barakah/,https://alharamainperfumes.in/wp-content/uploads/2021/04/image-scaled.png,false
Brbry her (Perfume),"Clone Perfumes, French, French Perfumes",,"Element Brbry Inspired Perfume Inspired by Brbry her inspiration , Created by Al Haramain Perfumes Hyderabad.","10 ml, 25 ml, 50 ml, 100ml",100,800,INR,true,https://alharamainperfumes.in/product/brbry-her-inspiration-loose-perfume-fragrance/,https://alharamainperfumes.in/wp-content/uploads/2021/04/IMG_5374-scaled.jpg,true
Brbry her (Attar),"Clone Attar, French Attar, French Attars, Premium Attars",,"Element Brbry her inspiration Attar Inspired by Brbry her inspiration Attar, Created by Al Haramain Perfumes Hyderabad.","3 ml, 6 ml, 12 ml",100,400,INR,true,https://alharamainperfumes.in/product/brbry-her-inspiration-attar-loose-attar-fragrance/,https://alharamainperfumes.in/wp-content/uploads/2025/09/WhatsApp-Image-2025-11-08-at-10.13.31-PM.jpeg,true
Mr Brbry Element (Attar),"Clone Attar, French Attar, French Attars, Premium Attars",,"Element Mr Brbry Inspired Attar Inspired by Element Mr Brbry, Created by Al Haramain Perfumes Hyderabad.","3 ml, 6 ml, 12 ml",100,400,INR,true,https://alharamainperfumes.in/product/element-mr-brbry-loose-attar-fragrance/,https://alharamainperfumes.in/wp-content/uploads/2025/09/WhatsApp-Image-2025-11-08-at-10.13.31-PM.jpeg,true
Mr Brbry Element (Perfume),"Clone Perfumes, French, French Perfumes",,"Element Mr Brbry Inspired Perfume Inspired by Element Mr Brbry, Created by Al Haramain Perfumes Hyderabad.","10 ml, 25 ml, 50 ml, 100ml",100,800,INR,true,https://alharamainperfumes.in/product/element-mr-brbry-loose-perfume-fragrance/,https://alharamainperfumes.in/wp-content/uploads/2021/04/IMG_5374-scaled.jpg,true
Woody arabian oud (Perfume),"Clone Perfumes, French",,"Woody arabian oud inspiration Inspired Perfume Inspired by Woody arabian oud inspiration, Created by Al Haramain Perfumes Hyderabad.","10 ml, 25 ml, 50 ml, 100ml",150,1200,INR,true,https://alharamainperfumes.in/product/woody-arabian-oud-inspirationloose-perfume-fragrance/,https://alharamainperfumes.in/wp-content/uploads/2021/04/IMG_5374-scaled.jpg,false
Woody arabian oud (Attar),"Clone Attar, French Attar, Premium Attars",,"Woody arabian oud inspiration Inspired Attar Inspired by Woody arabian oud inspiration, Created by Al Haramain Perfumes Hyderabad.","3 ml, 6 ml, 12 ml",150,600,INR,true,https://alharamainperfumes.in/product/woody-arabian-oud-inspirationloose-attar-fragrance-copy/,https://alharamainperfumes.in/wp-content/uploads/2025/09/WhatsApp-Image-2025-11-08-at-10.13.31-PM.jpeg,false
Royale blue rasasi (Perfume),"Clone Perfumes, French",,"Royale blue rasasi inspiration Inspired Perfume Inspired by Royale blue rasasi inspiration, Created by Al Haramain Perfumes Hyderabad.","10 ml, 25 ml, 50 ml, 100ml",100,800,INR,true,https://alharamainperfumes.in/product/royale-blue-rasasi-inspirationloose-perfume-fragrance/,https://alharamainperfumes.in/wp-content/uploads/2021/04/IMG_5374-scaled.jpg,false
Royale blue rasasi (Attar),"Clone Attar, French Attar, Premium Attars",,"Royale blue rasasi inspirationInspired Attar Inspired by Royale blue rasasi inspiration, Created by Al Haramain Perfumes Hyderabad.","3 ml, 6 ml, 12 ml",100,400,INR,true,https://alharamainperfumes.in/product/royale-blue-rasasi-inspiration-loose-attar-fragrance-copy/,https://alharamainperfumes.in/wp-content/uploads/2025/09/WhatsApp-Image-2025-11-08-at-10.13.31-PM.jpeg,false
Mr Brbry (Perfume),"Clone Perfumes, French, French Perfumes",,"Mr Brbry inspirationInspired Perfume Inspired by Mr Brbry inspiration, Created by Al Haramain Perfumes Hyderabad.","10 ml, 25 ml, 50 ml, 100ml",100,800,INR,true,https://alharamainperfumes.in/product/mr-brbry-inspiration-loose-perfume-fragrance/,https://alharamainperfumes.in/wp-content/uploads/2021/04/IMG_5374-scaled.jpg,true
Mr Brbry (Attar),"Clone Attar, French Attar, French Attars, Premium Attars",,"Mr Brbry Inspired Attar Inspired Mr Brbry , Created by Al Haramain Perfumes Hyderabad.","3 ml, 6 ml, 12 ml",100,400,INR,true,https://alharamainperfumes.in/product/mr-brbry-inspiration-loose-attar-fragrance/,https://alharamainperfumes.in/wp-content/uploads/2025/09/WhatsApp-Image-2025-11-08-at-10.13.31-PM.jpeg,true
Elysium Pour Homme (Attar),"Clone Attar, French Attar, French Perfumes, Premium Attars",,"Elysium Pour Homme Inspired Attar Inspired by Elysium Pour Homme, Created by Al Haramain Perfumes Hyderabad.","3 ml, 6 ml, 12 ml",250,1000,INR,true,https://alharamainperfumes.in/product/elysium-pour-homme-inspired-loose-attar-fragrance/,https://alharamainperfumes.in/wp-content/uploads/2025/09/WhatsApp-Image-2025-11-08-at-10.13.31-PM.jpeg,true
Elysium Pour Homme (Perfume),"Clone Perfumes, French, French Attars",,"Elysium Pour Homme Inspired Perfume Inspired by Elysium Pour Homme, Created by Al Haramain Perfumes Hyderabad.","10 ml, 25 ml, 50 ml, 100ml",300,2500,INR,true,https://alharamainperfumes.in/product/elysium-pour-homme/,https://alharamainperfumes.in/wp-content/uploads/2021/04/IMG_5374-scaled.jpg,true
Polo Sport (Perfume),"Clone Perfumes, French, French Perfumes",,"Polo Sport Inspired Perfume Inspired by Polo Sport, Created by Al Haramain Perfumes Hyderabad.","10 ml, 25 ml, 50 ml, 100ml",100,800,INR,true,https://alharamainperfumes.in/product/polo-sport-inspired-loose-perfume-fragrance/,https://alharamainperfumes.in/wp-content/uploads/2021/04/IMG_5374-scaled.jpg,true
Polo Sport (Attar),"Clone Attar, French Attar, French Attars",,"Polo Sport Inspired Attar Inspired by Polo Sport, Created by Al Haramain Perfumes Hyderabad.","3 ml, 6 ml, 12 ml",100,400,INR,true,https://alharamainperfumes.in/product/polo-sport-inspired-loose-attar-fragrance/,https://alharamainperfumes.in/wp-content/uploads/2025/09/WhatsApp-Image-2025-11-08-at-10.13.31-PM.jpeg,true
The Game (Perfume),"Clone Perfumes, French",,"The Game Inspired Perfume Inspired by The Game , Created by Al Haramain Perfumes Hyderabad.","10 ml, 25 ml, 50 ml, 100ml",100,800,INR,true,https://alharamainperfumes.in/product/the-game-inspired-loose-perfume-fragrance/,https://alharamainperfumes.in/wp-content/uploads/2021/04/IMG_5374-scaled.jpg,false
The Game (Attar),"Clone Attar, French Attar",,"The Game Inspired Attar Inspired by The Game , Created by Al Haramain Perfumes Hyderabad.","3 ml, 6 ml, 12 ml",100,400,INR,true,https://alharamainperfumes.in/product/the-game-inspired-loose-attar-fragrance/,https://alharamainperfumes.in/wp-content/uploads/2025/09/WhatsApp-Image-2025-11-08-at-10.13.31-PM.jpeg,false
Amiri Arabian Oud (Perfume),"Arabic Perfumes, Clone Perfumes, Premium Perfumes",,Created by Al Haramain Perfumes Hyderabad,"10 ml, 25 ml, 50 ml, 100ml",200,1500,INR,true,https://alharamainperfumes.in/product/amiri-arabian-oud-inspired-loose-perfume-fragrance/,https://alharamainperfumes.in/wp-content/uploads/2021/04/IMG_5374-scaled.jpg,true
Shaghaf Oud (Attar),"Arabic Attar, Arabic Attars, Clone Attar",,"Shaghaf Oud Inspired Attar Inspired by Shaghaf Oud, Created by Al Haramain Perfumes Hyderabad.","3 ml, 6 ml, 12 ml",150,600,INR,true,https://alharamainperfumes.in/product/shaghaf-oud-inspired-loose-attar-fragrance/,https://alharamainperfumes.in/wp-content/uploads/2025/09/WhatsApp-Image-2025-11-08-at-10.13.31-PM.jpeg,true
Amiri Arabian Oud (Attar),"Arabic Attar, Arabic Attars, Clone Attar",,Created by Al Haramain Perfumes Hyderabad,"3 ml, 6 ml, 12 ml",200,800,INR,true,https://alharamainperfumes.in/product/amiri-arabian-oud-inspired-loose-attar-fragrance/,https://alharamainperfumes.in/wp-content/uploads/2025/09/WhatsApp-Image-2025-11-08-at-10.13.31-PM.jpeg,true
Ajm Khallab (Attar),"Arabic Attars, Clone Attar, French Attar",,Created by Al Haramain Perfumes Hyderabad,"3 ml, 6 ml, 12 ml",150,600,INR,true,https://alharamainperfumes.in/product/ajm-khallab-inspired-loose-attar-fragrance/,https://alharamainperfumes.in/wp-content/uploads/2025/09/WhatsApp-Image-2025-11-08-at-10.13.31-PM.jpeg,true
Resalah Arabian Oud (Attar),"Arabic Attar, Arabic Attars, Clone Attar",,"Blue Water Inspired Attar Inspired by Resalah Arabian Oud Messager, Created by Al Haramain Perfumes Hyderabad.","3 ml, 6 ml, 12 ml",100,400,INR,true,https://alharamainperfumes.in/product/resalah-arabian-oud-message-inspired-loose-attar-fragrance/,https://alharamainperfumes.in/wp-content/uploads/2025/09/WhatsApp-Image-2025-11-08-at-10.13.31-PM.jpeg,true
Shaghaf Oud (Perfume),"Arabic Perfumes, Clone Perfumes, French, Premium Perfumes",,"Shaghaf Oud Inspired Perfume Inspired by Shaghaf Oud, Created by Al Haramain Perfumes Hyderabad.","10 ml, 25 ml, 50 ml, 100ml",150,1200,INR,true,https://alharamainperfumes.in/product/shaghaf-oud-inspired-loose-perfume-fragrance/,https://alharamainperfumes.in/wp-content/uploads/2021/04/IMG_5374-scaled.jpg,true
Resalah Arabian Oud (Perfume),"Arabic Perfumes, Clone Perfumes",,"Resalah Arabian Oud Message Inspired Perfume Inspired by Resalah Arabian Oud Message, Created by Al Haramain Perfumes Hyderabad.","10 ml, 25 ml, 50 ml, 100ml",100,800,INR,true,https://alharamainperfumes.in/product/resalah-arabian-oud-message-inspired-loose-perfume-fragrance/,https://alharamainperfumes.in/wp-content/uploads/2021/04/IMG_5374-scaled.jpg,true
Ajm Khallab (Perfume),"Arabic Perfumes, Clone Perfumes, Premium Perfumes",,Created by Al Haramain Perfumes Hyderabad,"10 ml, 25 ml, 50 ml, 100ml",150,1200,INR,true,https://alharamainperfumes.in/product/ajm-khallab-inspired-loose-perfume-fragrance/,https://alharamainperfumes.in/wp-content/uploads/2021/04/IMG_5374-scaled.jpg,true
Super Oud Wood (Perfume),"Arabic Perfumes, Clone Perfumes, French, French Perfumes, Premium Perfumes",,"Super Oud Wood Inspired Perfume Inspired By Super Oud Wood, Created by Al Haramain Perfumes Hyderabad.","10 ml, 25 ml, 50 ml, 100ml",200,1500,INR,true,https://alharamainperfumes.in/product/super-oud-wood-inspired-loose-perfume-fragrance/,https://alharamainperfumes.in/wp-content/uploads/2021/04/IMG_5374-scaled.jpg,true
Blue Water (Perfume),"Clone Perfumes, French",,"Blue Water Inspired Perfume Inspired by Blue Water, Created by Al Haramain Perfumes Hyderabad.","10 ml, 25 ml, 50 ml, 100ml",100,800,INR,true,https://alharamainperfumes.in/product/blue-water-inspired-loose-perfume-fragrance-copy/,https://alharamainperfumes.in/wp-content/uploads/2021/04/IMG_5374-scaled.jpg,false
Terre De Hermez (Perfume),"Clone Perfumes, French, French Perfumes, Premium Perfumes",,"Terre De Hermez Inspired Perfume Inspired by Terre De Hermez, Created by Al Haramain Perfumes Hyderabad.","10 ml, 25 ml, 50 ml, 100ml",150,1200,INR,true,https://alharamainperfumes.in/product/terre-de-hermez-inspired-loose-perfume-fragrance/,https://alharamainperfumes.in/wp-content/uploads/2021/04/IMG_5374-scaled.jpg,true
Terre De Hermez (Attar),"Clone Attar, French Attar, French Attars",,"Terre De Hermez Inspired Attar Inspired by Terre De Hermez, Created by Al Haramain Perfumes Hyderabad.","3 ml, 6 ml, 12 ml",150,600,INR,true,https://alharamainperfumes.in/product/terre-de-hermez-inspired-loose-attar-fragrance/,https://alharamainperfumes.in/wp-content/uploads/2025/09/WhatsApp-Image-2025-11-08-at-10.13.31-PM.jpeg,true
Blue Water (Attar),"Clone Attar, French Attar",,"Blue Water Inspired Attar Inspired by Blue Water, Created by Al Haramain Perfumes Hyderabad.","3 ml, 6 ml, 12 ml",100,400,INR,true,https://alharamainperfumes.in/product/blue-water-inspired-loose-attar-fragrance/,https://alharamainperfumes.in/wp-content/uploads/2025/09/WhatsApp-Image-2025-11-08-at-10.13.31-PM.jpeg,false
Super Oud Wood (Attar),"Arabic Attars, Clone Attar, French Attar, French Attars",,"Super Oud Wood Inspired Attar Inspired by Super Oud Wood, Created by Al Haramain Perfumes Hyderabad.","3 ml, 6 ml, 12 ml",200,800,INR,true,https://alharamainperfumes.in/product/super-oud-wood-inspired-loose-attar-fragrance/,https://alharamainperfumes.in/wp-content/uploads/2025/09/WhatsApp-Image-2025-11-08-at-10.13.31-PM.jpeg,true
Oud Satin Mood Super (Perfume),"Clone Perfumes, French, Premium Perfumes",,"Oud Satin Mood Super Inspired Perfume Inspired By Oud Satin Mood, Created by Al Haramain Perfumes Hyderabad.","10 ml, 25 ml, 50 ml, 100ml",200,1500,INR,true,https://alharamainperfumes.in/product/oud-satin-mood-super-inspired-loose-perfume-fragrance/,https://alharamainperfumes.in/wp-content/uploads/2021/04/IMG_5374-scaled.jpg,false
Amber ~ 5 (Perfume),"Arabic Perfumes, Clone Perfumes, Premium Perfumes",,Created by Al Haramain Perfumes Hyderabad,"10 ml, 25 ml, 50 ml, 100ml",150,1200,INR,true,https://alharamainperfumes.in/product/amber-5-loose-perfume-fragrance/,https://alharamainperfumes.in/wp-content/uploads/2021/04/IMG_5374-scaled.jpg,true
Amber ~ 5 (Attar),"Arabic Attars, Clone Attar, Indian Attar, Premium Attars",,Created by Al Haramain Perfumes Hyderabad,"3 ml, 6 ml, 12 ml",150,500,INR,true,https://alharamainperfumes.in/product/amber-5-loose-attar-fragrance/,https://alharamainperfumes.in/wp-content/uploads/2025/09/WhatsApp-Image-2025-11-08-at-10.13.31-PM.jpeg,true
Cooll Water Grapefruit (Perfume),"Clone Perfumes, French, French Perfumes",,"Do Cooll Water Grapefruit & Sage Inspired Perfume Inspired by Do Cooll Water Grapefruit & Sage, Created by Al Haramain Perfumes Hyderabad.","10 ml, 25 ml, 50 ml, 100ml",100,800,INR,true,https://alharamainperfumes.in/product/cooll-water-grapefruit-for-menloose-perfume-fragrance-2-12/,https://alharamainperfumes.in/wp-content/uploads/2021/04/IMG_5374-scaled.jpg,true
Cooll Water Grapefruit (Attar),"Clone Attar, French Attar, French Attars",,"Do Cooll Water Grapefruit & Sage Inspired Attar Inspired by Do Cooll Water Grapefruit & Sage, Created by Al Haramain Perfumes Hyderabad.","3 ml, 6 ml, 12 ml",100,400,INR,true,https://alharamainperfumes.in/product/cooll-water-grapefruit-inspired-loose-attar-fragrance/,https://alharamainperfumes.in/wp-content/uploads/2025/09/WhatsApp-Image-2025-11-08-at-10.13.31-PM.jpeg,true
Ma Vie Pour Femme (Perfume),"Clone Perfumes, French",,"Ma Vie Pour Femme Inspired Perfume Inspired by Ma Vie Pour Femme, Created by Al Haramain Perfumes Hyderabad.","10 ml, 25 ml, 50 ml, 100ml",100,800,INR,false,https://alharamainperfumes.in/product/ma-vie-pour-femme-inspired-loose-perfume-fragrance/,https://alharamainperfumes.in/wp-content/uploads/2021/04/IMG_5374-scaled.jpg,false
Ma Vie Pour Femme (Attar),"Clone Attar, French Attar",,"Ma Vie Pour Femme Inspired Attar Inspired by Ma Vie Pour Femme, Created by Al Haramain Perfumes Hyderabad.","3 ml, 6 ml, 12 ml",100,400,INR,false,https://alharamainperfumes.in/product/ma-vie-pour-femme-inspired-loose-attar-fragrance/,https://alharamainperfumes.in/wp-content/uploads/2025/09/WhatsApp-Image-2025-11-08-at-10.13.31-PM.jpeg,false
The One Gold D&G (Attar),"Clone Attar, French Attar",,"The One Gold D&G Inspired Attar Inspired by The One Gold D&G, Created by Al Haramain Perfumes Hyderabad.","3 ml, 6 ml, 12 ml",100,400,INR,true,https://alharamainperfumes.in/product/the-one-gold-dg-inspired-loose-attar-fragrance/,https://alharamainperfumes.in/wp-content/uploads/2025/09/WhatsApp-Image-2025-11-08-at-10.13.31-PM.jpeg,false
Sandal ~ 4 (Attar),"Arabic Attars, Clone Attar, Indian Attar",,Sandal ~4 Attar Created by Al Haramain Perfumes Hyderabad.,"3 ml, 6 ml, 12 ml",100,400,INR,true,https://alharamainperfumes.in/product/sandal-4-loose-attar-fragrance-2/,https://alharamainperfumes.in/wp-content/uploads/2025/09/WhatsApp-Image-2025-11-08-at-10.13.31-PM.jpeg,true
Sandal ~ 8 (Attar),"Arabic Attars, Clone Attar, Indian Attar, Premium Attars",,Sandal ~ 8 Attar Created by Al Haramain Perfumes Hyderabad.,"3 ml, 6 ml, 12 ml",200,800,INR,true,https://alharamainperfumes.in/product/sandal-4-loose-attar-fragrance/,https://alharamainperfumes.in/wp-content/uploads/2025/09/WhatsApp-Image-2025-11-08-at-10.13.31-PM.jpeg,true
Bakhoor Saudi,Bakhoor & Oud,,Created by Al Haramain Perfumes Hyderabad,"10grams, 50grams",100,500,INR,false,https://alharamainperfumes.in/product/bakhoor-saudi-inspired-scented-bakhoor-sticks/,https://alharamainperfumes.in/wp-content/uploads/2021/04/image-scaled.png,false
V Eros Flame (Perfume),"Clone Perfumes, French, Premium Perfumes",,"V Eros Flame Inspired Perfume Inspired by V Eros Flame, Created by Al Haramain Perfumes Hyderabad.","10 ml, 25 ml, 50 ml, 100ml",150,1200,INR,true,https://alharamainperfumes.in/product/v-eros-flame-inspired-loose-perfume-fragrance/,https://alharamainperfumes.in/wp-content/uploads/2021/04/IMG_5374-scaled.jpg,false
V Eros Flame (Attar),"Clone Attar, French Attar",,"V Eros flame Inspired Attar Inspired by V Eros flame, Created by Al Haramain Perfumes Hyderabad.","3 ml, 6 ml, 12 ml",150,600,INR,true,https://alharamainperfumes.in/product/v-eros-flame-inspired-loose-attar-fragrance/,https://alharamainperfumes.in/wp-content/uploads/2025/09/WhatsApp-Image-2025-11-08-at-10.13.31-PM.jpeg,false
Geeli Mitti (Attar),"Clone Attar, Indian Attar",,Geeli Mitti Attar Created by Al Haramain Perfumes Hyderabad.,"3 ml, 6 ml, 12 ml",100,400,INR,true,https://alharamainperfumes.in/product/geeli-mitti-loose-attar-fragrance/,https://alharamainperfumes.in/wp-content/uploads/2025/09/WhatsApp-Image-2025-11-08-at-10.13.31-PM.jpeg,false
Geeli Mitti (Perfume),"Clone Perfumes, Indian",,Geeli Mitti Perfume Created by Al Haramain Perfumes Hyderabad.,"10 ml, 25 ml, 50 ml, 100ml",100,800,INR,true,https://alharamainperfumes.in/product/ck-eternity-cologne-inspired-loose-perfume-fragrance/,https://alharamainperfumes.in/wp-content/uploads/2021/04/IMG_5374-scaled.jpg,false
Oud Satin Mood (Attar),"Arabic Attar, Clone Attar, French Attars",,Oud Satin Mood Attar Created by Al Haramain Perfumes Hyderabad.,"3 ml, 6 ml, 12 ml",100,400,INR,true,https://alharamainperfumes.in/product/oud-satin-mood-loose-attar-fragrance/,https://alharamainperfumes.in/wp-content/uploads/2025/09/WhatsApp-Image-2025-11-08-at-10.13.31-PM.jpeg,true
Oud Satin Mood (Perfume),"Clone Perfumes, French Perfumes",,Oud Satin Mood Perfume Created by Al Haramain Perfumes Hyderabad.,"10 ml, 25 ml, 50 ml, 100ml",100,800,INR,true,https://alharamainperfumes.in/product/oud-satin-mood-loose-perfume-fragrance/,https://alharamainperfumes.in/wp-content/uploads/2021/04/IMG_5374-scaled.jpg,true
Oud Satin Mood Super (Attar),"Clone Attar, French Attar, Premium Attars",,"Oud Satin Mood Super Inspired Attar Inspired By Oud Satin Mood Super, Created by Al Haramain Perfumes Hyderabad.","3 ml, 6 ml, 12 ml",200,800,INR,true,https://alharamainperfumes.in/product/oud-satin-mood-super-inspired-loose-attar-fragrance/,https://alharamainperfumes.in/wp-content/uploads/2025/09/WhatsApp-Image-2025-11-08-at-10.13.31-PM.jpeg,false
D Homme Intense (Attar),"Clone Attar, French Attar, French Attars",,"D Homme Intense Inspired Attar Inspired by D Homme Intense, Created by Al Haramain Perfumes Hyderabad.","3 ml, 6 ml, 12 ml",150,600,INR,true,https://alharamainperfumes.in/product/d-homme-intense-inspired-loose-attar-fragrance/,https://alharamainperfumes.in/wp-content/uploads/2025/09/WhatsApp-Image-2025-11-08-at-10.13.31-PM.jpeg,true
Arman Aqua D Gio Profondo (Perfume),"Clone Perfumes, French, French Perfumes, Premium Perfumes",,Created by Al Haramain Perfumes Hyderabad,"10 ml, 25 ml, 50 ml, 100ml",200,1500,INR,true,https://alharamainperfumes.in/product/arman-aqua-d-gio-profondo-inspired-loose-perfume-fragrance/,https://alharamainperfumes.in/wp-content/uploads/2021/04/IMG_5374-scaled.jpg,true
D Homme Intense (Perfume),"Clone Perfumes, French, French Perfumes, Premium Perfumes",,"D Homme Intense Inspired Perfume Inspired by D Homme Intense, Created by Al Haramain Perfumes Hyderabad.","10 ml, 25 ml, 50 ml, 100ml",150,1200,INR,true,https://alharamainperfumes.in/product/d-homme-intense-inspired-loose-perfume-fragrance/,https://alharamainperfumes.in/wp-content/uploads/2021/04/IMG_5374-scaled.jpg,true
Arman Aqua D Gio Profondo (Attar),"Clone Attar, French Attar, French Attars",,Created by Al Haramain Perfumes Hyderabad,"3 ml, 6 ml, 12 ml",200,800,INR,true,https://alharamainperfumes.in/product/arman-aqua-d-gio-profondo-inspired-loose-attar-fragrance/,https://alharamainperfumes.in/wp-content/uploads/2025/09/WhatsApp-Image-2025-11-08-at-10.13.31-PM.jpeg,true
Raqiya Rasasi inspired Scented Bakhoor Sticks,Bakhoor & Oud,,"Sandal and Oudh Scented Sticks are regarded as some of the finest Scented. These Scented have light delicate fragrances of nature. This exotic fragrance provides the key to unlock the benefits of aromatherapy, to create an uplifting or enhancing mood or environmental effect. Use of Scented promotes longevity, harmonizes the psycho-physical constitution, and enhances mental focus. It is preferred over aerosol air fresheners.","10grams, 50grams",100,500,INR,true,https://alharamainperfumes.in/product/raqiya-rasasi-inspired-scented-bakhoor-sticks/,https://alharamainperfumes.in/wp-content/uploads/2021/04/image-scaled.png,false
P**da L HOMME (Attar),"Clone Attar, French Attar, French Attars",,"P**da L HOMME Inspired Attar Inspired by P**da L HOMME, Created by Al Haramain Perfumes Hyderabad.","3 ml, 6 ml, 12 ml",150,600,INR,true,https://alharamainperfumes.in/product/pda-l-homme-inspired-loose-attar-fragrance/,https://alharamainperfumes.in/wp-content/uploads/2025/09/WhatsApp-Image-2025-11-08-at-10.13.31-PM.jpeg,true
P**da L HOMME (Perfume),"Clone Perfumes, French, French Perfumes",,"P**da L HOMME Inspired Perfume Inspired by P**da L HOMME, Created by Al Haramain Perfumes Hyderabad.","10 ml, 25 ml, 50 ml, 100ml",150,1200,INR,true,https://alharamainperfumes.in/product/pda-l-homme-inspired-loose-perfume-fragrance/,https://alharamainperfumes.in/wp-content/uploads/2021/04/IMG_5374-scaled.jpg,true
Cooll Water Freeze (Perfume),"Clone Perfumes, French, French Perfumes",,"Cooll Water Freeze Inspired Perfume Inspired by Cooll Water Freeze, Created by Al Haramain Perfumes Hyderabad.","10 ml, 25 ml, 50 ml, 100ml",100,800,INR,true,https://alharamainperfumes.in/product/cooll-water-freeze-for-menloose-perfume-fragrance-2-12/,https://alharamainperfumes.in/wp-content/uploads/2021/04/IMG_5374-scaled.jpg,true
Cooll Water Freeze (Attar),"Clone Attar, French Attar, French Attars",,"Cooll Water Freeze Inspired Attar Inspired by Cooll Water Freeze, Created by Al Haramain Perfumes Hyderabad.","3 ml, 6 ml, 12 ml",100,400,INR,true,https://alharamainperfumes.in/product/cooll-water-freeze-inspired-loose-attar-fragrance/,https://alharamainperfumes.in/wp-content/uploads/2025/09/WhatsApp-Image-2025-11-08-at-10.13.31-PM.jpeg,true
Ultra Male (Attar),"Clone Attar, French Attar, French Attars",,"Ultra Male JPG Inspired Attar Inspired by Ultra Male JPG, Created by Al Haramain Perfumes Hyderabad.","3 ml, 6 ml, 12 ml",150,600,INR,true,https://alharamainperfumes.in/product/ultra-male-jpg-inspired-loose-attar-fragrance/,https://alharamainperfumes.in/wp-content/uploads/2025/09/WhatsApp-Image-2025-11-08-at-10.13.31-PM.jpeg,true
Ultra Male (Perfume),"Clone Perfumes, French, French Perfumes, Premium Perfumes",,"Ultra Male JPG Inspired Perfume Inspired By Ultra Male JPG, Created by Al Haramain Perfumes Hyderabad.","10 ml, 25 ml, 50 ml, 100ml",150,1200,INR,true,https://alharamainperfumes.in/product/ultra-male-jpg-inspired-loose-perfume-fragrance/,https://alharamainperfumes.in/wp-content/uploads/2021/04/IMG_5374-scaled.jpg,true
Air Freshener (Oud for Glory) -200ml,Air Freshener,,Created by Al Haramain Perfumes Hyderabad,,400,400,INR,true,https://alharamainperfumes.in/product/air-freshener-oud-for-glory-200ml/,https://alharamainperfumes.in/wp-content/uploads/2021/04/IMG_5394-scaled.jpg,false
YSL La Nuit De L Homme (Attar),"Clone Attar, French Attar, French Attars",,"YSL La Nuit De L Homme Inspired Attar Inspired By YSL La Nuit De L Homme, Created by Al Haramain Perfumes Hyderabad.","3 ml, 6 ml, 12 ml",150,600,INR,true,https://alharamainperfumes.in/product/ysl-la-nuit-de-l-homme-inspired-loose-attar-fragrance/,https://alharamainperfumes.in/wp-content/uploads/2025/09/WhatsApp-Image-2025-11-08-at-10.13.31-PM.jpeg,true
YSL La Nuit De L Homme (Perfume),"Clone Perfumes, French, French Perfumes, Premium Perfumes",,"YSL La Nuit De L Homme Inspired Perfume Inspired By YSL La Nuit De L Homme, Created by Al Haramain Perfumes Hyderabad.","10 ml, 25 ml, 50 ml, 100ml",150,1200,INR,true,https://alharamainperfumes.in/product/ck-all-inspired-loose-perfume-fragrance/,https://alharamainperfumes.in/wp-content/uploads/2021/04/IMG_5374-scaled.jpg,true
D Homme Sport (Perfume),"Clone Perfumes, French, Premium Perfumes",,"D Homme Sport Inspired Perfume Inspired By D Homme Sport, Created by Al Haramain Perfumes Hyderabad.","10 ml, 25 ml, 50 ml, 100ml",150,1200,INR,true,https://alharamainperfumes.in/product/d-homme-sport-inspired-loose-perfume-fragrance/,https://alharamainperfumes.in/wp-content/uploads/2021/04/IMG_5374-scaled.jpg,false
D Homme Sport (Attar),"Clone Attar, French Attar",,"D Homme Sport Inspired Attar Inspired By D Homme Sport, Created by Al Haramain Perfumes Hyderabad.","3 ml, 6 ml, 12 ml",150,600,INR,true,https://alharamainperfumes.in/product/d-homme-sport-inspired-loose-attar-fragrance/,https://alharamainperfumes.in/wp-content/uploads/2025/09/WhatsApp-Image-2025-11-08-at-10.13.31-PM.jpeg,false
DnG The One Gray (Perfume),"Clone Perfumes, French, Premium Perfumes",,"DnG The One Gray Inspired Perfume Inspired By DnG The One, Created by Al Haramain Perfumes Hyderabad.","10 ml, 25 ml, 50 ml, 100ml",150,1200,INR,true,https://alharamainperfumes.in/product/dng-the-one-gray-inspired-loose-perfume-fragrance/,https://alharamainperfumes.in/wp-content/uploads/2021/04/IMG_5374-scaled.jpg,false
DnG The One Gray (Attar),"Clone Attar, French Attar",,"DnG The One Gray Inspired Attar Inspired By DnG The One, Created by Al Haramain Perfumes Hyderabad.","3 ml, 6 ml, 12 ml",150,600,INR,true,https://alharamainperfumes.in/product/dng-the-one-gray-inspired-loose-attar-fragrance/,https://alharamainperfumes.in/wp-content/uploads/2025/09/WhatsApp-Image-2025-11-08-at-10.13.31-PM.jpeg,false
ventus Super (Perfume),"Clone Perfumes, French, French Perfumes, Premium Perfumes",,"ventus Super Inspired Perfume Inspired By ventus, Created by Al Haramain Perfumes Hyderabad.","10 ml, 25 ml, 50 ml, 100ml",200,1500,INR,true,https://alharamainperfumes.in/product/ventus-super-inspired-loose-perfume-fragrance/,https://alharamainperfumes.in/wp-content/uploads/2021/04/IMG_5374-scaled.jpg,true
ventus Super (Attar),"Clone Attar, French Attar, French Attars, Premium Attars",,"ventus Super Inspired Attar Inspired By ventus, Created by Al Haramain Perfumes Hyderabad.","3 ml, 6 ml, 12 ml",200,800,INR,true,https://alharamainperfumes.in/product/ventus-super-inspired-loose-attar-fragrance/,https://alharamainperfumes.in/wp-content/uploads/2025/09/WhatsApp-Image-2025-11-08-at-10.13.31-PM.jpeg,true
Aurum Super by Al Haramain (Perfume),"Clone Perfumes, French, French Perfumes, Premium Perfumes",,Created by Al Haramain Perfumes Hyderabad,"10 ml, 25 ml, 50 ml, 100ml",150,1200,INR,true,https://alharamainperfumes.in/product/aurum-super-by-al-haramain-loose-perfume-fragrance/,https://alharamainperfumes.in/wp-content/uploads/2021/04/IMG_5374-scaled.jpg,true
Aurum Super (Attar),"Clone Attar, French Attar, French Attars",,Created by Al Haramain Perfumes Hyderabad,"3 ml, 6 ml, 12 ml",150,600,INR,true,https://alharamainperfumes.in/product/aurum-super-loose-attar-fragrance/,https://alharamainperfumes.in/wp-content/uploads/2025/09/WhatsApp-Image-2025-11-08-at-10.13.31-PM.jpeg,true
Phantom by Al Haramain (Perfume),"Clone Perfumes, Premium Perfumes",,Phantom by Al Haramain Created by Al Haramain Perfumes Hyderabad.,"10 ml, 25 ml, 50 ml, 100ml",100,800,INR,true,https://alharamainperfumes.in/product/phantom-by-al-haramain-loose-perfume-fragrance/,https://alharamainperfumes.in/wp-content/uploads/2021/04/IMG_5374-scaled.jpg,false
Phantom (Attar),"Clone Attar, French Attar",,Phantom by Al Haramain Created by Al Haramain Perfumes Hyderabad.,"3 ml, 6 ml, 12 ml",100,400,INR,true,https://alharamainperfumes.in/product/phantom-loose-attar-fragrance/,https://alharamainperfumes.in/wp-content/uploads/2025/09/WhatsApp-Image-2025-11-08-at-10.13.31-PM.jpeg,false
Musk Tahara (Perfume),Clone Perfumes,,Musk Tahara Perfume Created by Al Haramain Perfumes Hyderabad.,"10 ml, 25 ml, 50 ml, 100ml",100,800,INR,true,https://alharamainperfumes.in/product/musk-tahara-loose-perfume-fragrance/,https://alharamainperfumes.in/wp-content/uploads/2021/04/IMG_5374-scaled.jpg,false
Musk Tahara (Attar),"Arabic Attar, Clone Attar",,Musk Tahara Attar Created by Al Haramain Perfumes Hyderabad.,"3 ml, 6 ml, 12 ml",100,400,INR,true,https://alharamainperfumes.in/product/musk-tahara-loose-attar-fragrance/,https://alharamainperfumes.in/wp-content/uploads/2025/09/WhatsApp-Image-2025-11-08-at-10.13.31-PM.jpeg,false
Wisal Silver Super by Al Haramain (Perfume),"Clone Perfumes, French Perfumes, Premium Perfumes",,"Wisal Silver by Al Haramain The energized fragrance opens to notes of Violet Leaves, Plum, Blackcurrant, Lime, Bergamot, and Lemon, the heart is infused with floral notes of Rose, Jasmine, and Iris. Cedarwood, Sandalwood, Tonka, White Musk, Ambergris, and Civet wrap the fragrance to keep the scent intact. Created by Al Haramain Perfumes Hyderabad.","10 ml, 25 ml, 50 ml, 100ml",150,1200,INR,true,https://alharamainperfumes.in/product/wisal-silver-by-al-haramain-loose-perfume-fragrance/,https://alharamainperfumes.in/wp-content/uploads/2021/04/IMG_5374-scaled.jpg,true
Wisal Silver Super by Al Haramain (Attar),"Arabic Attar, Clone Attar, French Attars",,"Wisal Silver by Al Haramain The energized fragrance opens to notes of Violet Leaves, Plum, Blackcurrant, Lime, Bergamot, and Lemon, the heart is infused with floral notes of Rose, Jasmine, and Iris. Cedarwood, Sandalwood, Tonka, White Musk, Ambergris, and Civet wrap the fragrance to keep the scent intact. Created by Al Haramain Perfumes Hyderabad.","3 ml, 6 ml, 12 ml",150,600,INR,true,https://alharamainperfumes.in/product/wisal-silver-by-al-haramain-loose-attar-fragrance/,https://alharamainperfumes.in/wp-content/uploads/2025/09/WhatsApp-Image-2025-11-08-at-10.13.31-PM.jpeg,true
"Air Pump Antique Bottle with Giftbox, 100ml","100ml, Fancy Bottles, Perfume Bottles",,Created by Al Haramain Perfumes Hyderabad,,700,700,INR,false,https://alharamainperfumes.in/product/air-pump-antique-bottle-with-giftbox-100ml/,https://alharamainperfumes.in/wp-content/uploads/2022/10/IMG_2584-scaled.jpeg,false
"Jadore Type Refillable Glass Bottle with Giftbox, 100ml","100ml, Fancy Bottles, Perfume Bottles",,*Note: the price is for bottle only please select and add perfume to the cart as well if you want perfume with the bottle *,,400,400,INR,true,https://alharamainperfumes.in/product/jadore-type-refillable-glass-bottle-with-giftbox-100ml/,https://alharamainperfumes.in/wp-content/uploads/2022/10/IMG_2580-scaled.jpeg,false
Amber Oud Super (Perfume),"Clone Perfumes, Premium Perfumes",,Created by Al Haramain Perfumes Hyderabad,"10 ml, 25 ml, 50 ml, 100ml",150,1200,INR,true,https://alharamainperfumes.in/product/amber-oud-super-loose-perfume-fragrance/,https://alharamainperfumes.in/wp-content/uploads/2021/04/IMG_5374-scaled.jpg,false
Amber Oud Super (Attar),"Arabic Attar, Clone Attar",,Created by Al Haramain Perfumes Hyderabad,"3 ml, 6 ml, 12 ml",150,600,INR,true,https://alharamainperfumes.in/product/amber-oud-super-loose-attar-fragrance/,https://alharamainperfumes.in/wp-content/uploads/2025/09/WhatsApp-Image-2025-11-08-at-10.13.31-PM.jpeg,false
Desert Honey (Perfume),Clone Perfumes,,Desert Honey Perfume Created by Al Haramain Perfumes Hyderabad.,"10 ml, 25 ml, 50 ml, 100ml",100,800,INR,true,https://alharamainperfumes.in/product/desert-honey-loose-perfume-fragrance/,https://alharamainperfumes.in/wp-content/uploads/2021/04/IMG_5374-scaled.jpg,false
Desert Honey (Attar),"Arabic Attar, Clone Attar",,Desert Honey Attar Created by Al Haramain Perfumes Hyderabad.,"3 ml, 6 ml, 12 ml",100,400,INR,true,https://alharamainperfumes.in/product/desert-honey-loose-attar-fragrance/,https://alharamainperfumes.in/wp-content/uploads/2025/09/WhatsApp-Image-2025-11-08-at-10.13.31-PM.jpeg,false
Black Orchid (Perfume),"Clone Perfumes, French, French Perfumes","Top: are Truffle, Gardenia, Black Currant, Ylang-Ylang, Jasmine, Bergamot, Mandarin Orange and Amalfi Lemon; middle notes are Orchid, Spices, Gardenia, Fruity Notes, Ylang-Ylang, Jasmine and Lotus; base notes are Mexican chocolate, Patchouli, Vanille, Incense, Amber, Sandalwood, Vetiver and White Musk | Middle: are Orchid, Spices, Gardenia, Fruity Notes, Ylang-Ylang, Jasmine and Lotus; base notes are Mexican chocolate, Patchouli, Vanille, Incense, Amber, Sandalwood, Vetiver and White Musk | Base: are Mexican chocolate, Patchouli, Vanille, Incense, Amber, Sandalwood, Vetiver and White Musk","Black Orchid Inspired Perfume Black Orchid is an Amber Floral fragrance for women. Top notes are Truffle, Gardenia, Black Currant, Ylang-Ylang, Jasmine, Bergamot, Mandarin Orange and Amalfi Lemon; middle notes are Orchid, Spices, Gardenia, Fruity Notes, Ylang-Ylang, Jasmine and Lotus; base notes are Mexican chocolate, Patchouli, Vanille, Incense, Amber, Sandalwood, Vetiver and White Musk. Inspired byBlack Orchid, Created by Al Haramain Perfumes Hyderabad.","10 ml, 25 ml, 50 ml, 100ml",100,800,INR,true,https://alharamainperfumes.in/product/black-orchid-inspired-loose-perfume-fragrance/,https://alharamainperfumes.in/wp-content/uploads/2021/04/IMG_5374-scaled.jpg,true
Black Orchid (Attar),"Clone Attar, French Attar, French Attars","Top: are Truffle, Gardenia, Black Currant, Ylang-Ylang, Jasmine, Bergamot, Mandarin Orange and Amalfi Lemon; middle notes are Orchid, Spices, Gardenia, Fruity Notes, Ylang-Ylang, Jasmine and Lotus; base notes are Mexican chocolate, Patchouli, Vanille, Incense, Amber, Sandalwood, Vetiver and White Musk | Middle: are Orchid, Spices, Gardenia, Fruity Notes, Ylang-Ylang, Jasmine and Lotus; base notes are Mexican chocolate, Patchouli, Vanille, Incense, Amber, Sandalwood, Vetiver and White Musk | Base: are Mexican chocolate, Patchouli, Vanille, Incense, Amber, Sandalwood, Vetiver and White Musk","Black Orchid Inspired Attar Black Orchid is an Amber Floral fragrance for women. Top notes are Truffle, Gardenia, Black Currant, Ylang-Ylang, Jasmine, Bergamot, Mandarin Orange and Amalfi Lemon; middle notes are Orchid, Spices, Gardenia, Fruity Notes, Ylang-Ylang, Jasmine and Lotus; base notes are Mexican chocolate, Patchouli, Vanille, Incense, Amber, Sandalwood, Vetiver and White Musk. Inspired byBlack Orchid, Created by Al Haramain Perfumes Hyderabad.","3 ml, 6 ml, 12 ml",100,400,INR,true,https://alharamainperfumes.in/product/black-orchid-inspired-loose-attar-fragrance/,https://alharamainperfumes.in/wp-content/uploads/2025/09/WhatsApp-Image-2025-11-08-at-10.13.31-PM.jpeg,true
Aseel A.O (Perfume),"Arabic Perfumes, Clone Perfumes",,Created by Al Haramain Perfumes Hyderabad,"10 ml, 25 ml, 50 ml, 100ml",100,800,INR,true,https://alharamainperfumes.in/product/aseel-a-o-inspired-loose-perfume-fragrance/,https://alharamainperfumes.in/wp-content/uploads/2021/04/IMG_5374-scaled.jpg,true
Aseel AO (Attar),"Arabic Attar, Arabic Attars, Clone Attar",,Created by Al Haramain Perfumes Hyderabad,"3 ml, 6 ml, 12 ml",100,400,INR,true,https://alharamainperfumes.in/product/aseel-ao-inspired-loose-attar-fragrance/,https://alharamainperfumes.in/wp-content/uploads/2025/09/WhatsApp-Image-2025-11-08-at-10.13.31-PM.jpeg,true
Mont Day Dream (Attar),"Arabic Attar, Clone Attar, French Attars",,"Day Dreams Inspired Attar Day Dreams is a Floral Fruity Gourmand fragrance for women and men. Inspired by Day Dreams, Created by Al Haramain Perfumes Hyderabad.","3 ml, 6 ml, 12 ml",100,400,INR,true,https://alharamainperfumes.in/product/day-dream-inspired-loose-attar-fragrance/,https://alharamainperfumes.in/wp-content/uploads/2025/09/WhatsApp-Image-2025-11-08-at-10.13.31-PM.jpeg,true
Mont Day Dream (Perfume),"Clone Perfumes, French, French Perfumes",,"Day Dreams Inspired Perfume Day Dreams is a Floral Fruity Gourmand fragrance for women and men. Inspired by Day Dreams, Created by Al Haramain Perfumes Hyderabad.","10 ml, 25 ml, 50 ml, 100ml",100,800,INR,true,https://alharamainperfumes.in/product/day-dream-inspired-loose-perfume-fragrance/,https://alharamainperfumes.in/wp-content/uploads/2021/04/IMG_5374-scaled.jpg,true
White Rose (Perfume),Clone Perfumes,,White Rose Perfume White Rose by Al Haramain Perfumes Created by Al Haramain Perfumes Hyderabad.,"10 ml, 25 ml, 50 ml, 100ml",100,800,INR,true,https://alharamainperfumes.in/product/white-rose-loose-perfume-fragrance/,https://alharamainperfumes.in/wp-content/uploads/2021/04/IMG_5374-scaled.jpg,false
White Rose (Attar),"Arabic Attar, Clone Attar",,White Rose Attar Created by Al Haramain Perfumes Hyderabad.,"3 ml, 6 ml, 12 ml",100,400,INR,true,https://alharamainperfumes.in/product/white-rose-loose-attar-fragrance/,https://alharamainperfumes.in/wp-content/uploads/2025/09/WhatsApp-Image-2025-11-08-at-10.13.31-PM.jpeg,false
1001 Nights Ultra Super (Perfume),"Arabic Perfumes, Clone Perfumes, Premium Perfumes",,Created by Al Haramain Perfumes Hyderabad,"10 ml, 25 ml, 50 ml, 100ml",300,2500,INR,true,https://alharamainperfumes.in/product/1001-nights-ultra-super-loose-perfume-fragrance/,https://alharamainperfumes.in/wp-content/uploads/2021/04/IMG_5374-scaled.jpg,true
1001 Nights Ultra Super (Attar),"Arabic Attar, Arabic Attars, Clone Attar, Premium Attars",,Created by Al Haramain Perfumes Hyderabad,"3 ml, 6 ml, 12 ml",250,1000,INR,true,https://alharamainperfumes.in/product/1001-nights-ultra-superloose-attar-fragrance/,https://alharamainperfumes.in/wp-content/uploads/2025/09/WhatsApp-Image-2025-11-08-at-10.13.31-PM.jpeg,true
Amber Oud Rouge (Attar),"Arabic Attar, Clone Attar",,Created by Al Haramain Perfumes Hyderabad,"3 ml, 6 ml, 12 ml",100,400,INR,true,https://alharamainperfumes.in/product/amber-oud-rouge-inspired-loose-attar-fragrance/,https://alharamainperfumes.in/wp-content/uploads/2025/09/WhatsApp-Image-2025-11-08-at-10.13.31-PM.jpeg,false
Amber Oud Rouge (Perfume),Clone Perfumes,,Created by Al Haramain Perfumes Hyderabad,"10 ml, 25 ml, 50 ml, 100ml",100,800,INR,true,https://alharamainperfumes.in/product/amber-oud-rouge-inspired-loose-perfume-fragrance/,https://alharamainperfumes.in/wp-content/uploads/2021/04/IMG_5374-scaled.jpg,false
Ragheeb (Attar),"Arabic Attar, Clone Attar",,"Ragheeb Inspired Attar Ragheeb is a Amber Floral fragrance for women. Inspired by Ragheeb, Created by Al Haramain Perfumes Hyderabad.","3 ml, 6 ml, 12 ml",100,400,INR,true,https://alharamainperfumes.in/product/ragheeb-inspired-loose-attar-fragrance/,https://alharamainperfumes.in/wp-content/uploads/2025/09/WhatsApp-Image-2025-11-08-at-10.13.31-PM.jpeg,false
Ragheeb (Perfume),Clone Perfumes,,"Ragheeb Inspired Perfume Ragheeb is a Amber Floral fragrance for women. Inspired by Ragheeb, Created by Al Haramain Perfumes Hyderabad.","10 ml, 25 ml, 50 ml, 100ml",100,800,INR,true,https://alharamainperfumes.in/product/ragheeb-inspired-loose-perfume-fragrance/,https://alharamainperfumes.in/wp-content/uploads/2021/04/IMG_5374-scaled.jpg,false
Fahrenheit 32 (Perfume),"Clone Perfumes, French, Premium Perfumes",Top: is Orange Blossom; middle note is Vetiver; base note is Vanilla | Middle: is Vetiver; base note is Vanilla | Base: is Vanilla,"Fahrenheit 32 Inspired Perfume Fahrenheit 32 is a Amber Woody fragrance for men. Top note is Orange Blossom; middle note is Vetiver; base note is Vanilla. Inspired By Fahrenheit 32, Created by Al Haramain Perfumes Hyderabad.","10 ml, 25 ml, 50 ml, 100ml",200,1500,INR,true,https://alharamainperfumes.in/product/fahrenheit-32-inspired-loose-perfume-fragrance/,https://alharamainperfumes.in/wp-content/uploads/2021/04/IMG_5374-scaled.jpg,false
Fahrenheit 32 (Attar),"Clone Attar, French Attar, Premium Attars",Top: is Orange Blossom; middle note is Vetiver; base note is Vanilla | Middle: is Vetiver; base note is Vanilla | Base: is Vanilla,"Fahrenheit 32 Inspired Attar Fahrenheit 32 is a Amber Woody fragrance for men. Top note is Orange Blossom; middle note is Vetiver; base note is Vanilla. Inspired By Fahrenheit 32, Created by Al Haramain Perfumes Hyderabad.","3 ml, 6 ml, 12 ml",200,800,INR,true,https://alharamainperfumes.in/product/fahrenheit-32-inspired-loose-attar-fragrance/,https://alharamainperfumes.in/wp-content/uploads/2025/09/WhatsApp-Image-2025-11-08-at-10.13.31-PM.jpeg,false
Ombre nomad super (Perfume),"Clone Perfumes, French, French Perfumes, Premium Perfumes",,"Ombre Nomade Inspired Perfume Ombre Nomade is a Amber Woody fragrance for women and men. Inspired By Ombre Nomade, Created by Al Haramain Perfumes Hyderabad.","10 ml, 25 ml, 50 ml, 100ml",200,1500,INR,true,https://alharamainperfumes.in/product/ombre-nomade-super-loose-perfume-fragrance/,https://alharamainperfumes.in/wp-content/uploads/2021/04/IMG_5374-scaled.jpg,true
Ombre Nomade Super (Attar),"Clone Attar, French Attar, French Attars, Premium Attars",,"Ombre Nomade Inspired Attar Ombre Nomade is a Amber Woody fragrance for women and men. Inspired By Ombre Nomade, Created by Al Haramain Perfumes Hyderabad.","3 ml, 6 ml, 12 ml",200,800,INR,true,https://alharamainperfumes.in/product/ombre-nomade-super-loose-attar-fragrance/,https://alharamainperfumes.in/wp-content/uploads/2025/09/WhatsApp-Image-2025-11-08-at-10.13.31-PM.jpeg,true
Vanille Fatale (Attar),"Arabic Attar, Clone Attar, Premium Attars","Top: are Rum, Myrrh, Olibanum, Saffron, Coriander, Orange and Lime; middle notes are Barley, Coffee, Plum, Frangipani, Narcissus, Artemisia and Rose; base notes are Madagascar Vanilla, Suede, Tobacco, Mahogany, Patchouli, Oakmoss and Violet | Middle: are Barley, Coffee, Plum, Frangipani, Narcissus, Artemisia and Rose; base notes are Madagascar Vanilla, Suede, Tobacco, Mahogany, Patchouli, Oakmoss and Violet | Base: are Madagascar Vanilla, Suede, Tobacco, Mahogany, Patchouli, Oakmoss and Violet","Vanille Fatale Inspired Attar Vanille Fatale is a Amber Vanilla fragrance for women and men. Top notes are Rum, Myrrh, Olibanum, Saffron, Coriander, Orange and Lime; middle notes are Barley, Coffee, Plum, Frangipani, Narcissus, Artemisia and Rose; base notes are Madagascar Vanilla, Suede, Tobacco, Mahogany, Patchouli, Oakmoss and Violet. Inspired By Vanille Fatale, Created by Al Haramain Perfumes Hyderabad.","3 ml, 6 ml, 12 ml",200,800,INR,false,https://alharamainperfumes.in/product/vanille-fatale-inspired-loose-attar-fragrance/,https://alharamainperfumes.in/wp-content/uploads/2025/09/WhatsApp-Image-2025-11-08-at-10.13.31-PM.jpeg,false
Vanille Fatale (Perfume),"Clone Perfumes, French, Premium Perfumes","Top: are Rum, Myrrh, Olibanum, Saffron, Coriander, Orange and Lime; middle notes are Barley, Coffee, Plum, Frangipani, Narcissus, Artemisia and Rose; base notes are Madagascar Vanilla, Suede, Tobacco, Mahogany, Patchouli, Oakmoss and Violet | Middle: are Barley, Coffee, Plum, Frangipani, Narcissus, Artemisia and Rose; base notes are Madagascar Vanilla, Suede, Tobacco, Mahogany, Patchouli, Oakmoss and Violet | Base: are Madagascar Vanilla, Suede, Tobacco, Mahogany, Patchouli, Oakmoss and Violet","Vanille Fatale Inspired Perfume Vanille Fatale is a Amber Vanilla fragrance for women and men. Top notes are Rum, Myrrh, Olibanum, Saffron, Coriander, Orange and Lime; middle notes are Barley, Coffee, Plum, Frangipani, Narcissus, Artemisia and Rose; base notes are Madagascar Vanilla, Suede, Tobacco, Mahogany, Patchouli, Oakmoss and Violet. Inspired By Vanille Fatale, Created by Al Haramain Perfumes Hyderabad.","10 ml, 25 ml, 50 ml, 100ml",200,1500,INR,false,https://alharamainperfumes.in/product/vanille-fatale-inspired-loose-perfume-fragrance/,https://alharamainperfumes.in/wp-content/uploads/2021/04/IMG_5374-scaled.jpg,false
Super Fucking Fabulous (Attar),"Arabic Attar, Clone Attar, French Attars, Premium Attars","Top: are Clary Sage and Lavender; middle notes are Leather, Bitter Almond, Vanilla and Orris; base notes are Leather, Tonka Bean, Cashmeran, White Woods and Ambe Inspired By Fucking Fabulous, Created by Al Haramain Perfumes Hyderabad | Middle: are Leather, Bitter Almond, Vanilla and Orris; base notes are Leather, Tonka Bean, Cashmeran, White Woods and Ambe Inspired By Fucking Fabulous, Created by Al Haramain Perfumes Hyderabad | Base: are Leather, Tonka Bean, Cashmeran, White Woods and Ambe Inspired By Fucking Fabulous, Created by Al Haramain Perfumes Hyderabad","Fucking Fabulous Inspired Attar Fucking Fabulous is a Leather fragrance for women and men. Top notes are Clary Sage and Lavender; middle notes are Leather, Bitter Almond, Vanilla and Orris; base notes are Leather, Tonka Bean, Cashmeran, White Woods and Ambe Inspired By Fucking Fabulous, Created by Al Haramain Perfumes Hyderabad.","3 ml, 6 ml, 12 ml",200,800,INR,true,https://alharamainperfumes.in/product/fucking-fabulous-inspired-loose-attar-fragrance/,https://alharamainperfumes.in/wp-content/uploads/2025/09/WhatsApp-Image-2025-11-08-at-10.13.31-PM.jpeg,true
Super Fucking Fabulous (Perfume),"Clone Perfumes, French, French Perfumes, Premium Perfumes","Top: are Clary Sage and Lavender; middle notes are Leather, Bitter Almond, Vanilla and Orris; base notes are Leather, Tonka Bean, Cashmeran, White Woods and Ambe Inspired By Fucking Fabulous, Created by Al Haramain Perfumes Hyderabad | Middle: are Leather, Bitter Almond, Vanilla and Orris; base notes are Leather, Tonka Bean, Cashmeran, White Woods and Ambe Inspired By Fucking Fabulous, Created by Al Haramain Perfumes Hyderabad | Base: are Leather, Tonka Bean, Cashmeran, White Woods and Ambe Inspired By Fucking Fabulous, Created by Al Haramain Perfumes Hyderabad","Fucking Fabulous Inspired Perfume Fucking Fabulous is a Leather fragrance for women and men. Top notes are Clary Sage and Lavender; middle notes are Leather, Bitter Almond, Vanilla and Orris; base notes are Leather, Tonka Bean, Cashmeran, White Woods and Ambe Inspired By Fucking Fabulous, Created by Al Haramain Perfumes Hyderabad.","10 ml, 25 ml, 50 ml, 100ml",200,1500,INR,true,https://alharamainperfumes.in/product/fucking-fabulous-inspired-loose-perfume-fragrance/,https://alharamainperfumes.in/wp-content/uploads/2021/04/IMG_5374-scaled.jpg,true
New York Oud (Attar),"Clone Attar, French Attar","Top: are Plum, Saffron and Orange; middle notes are Rose, Agarwood (Oud), Patchouli and Orris Root; base notes are Musk, white honey and Vetiver | Middle: are Rose, Agarwood (Oud), Patchouli and Orris Root; base notes are Musk, white honey and Vetiver | Base: are Musk, white honey and Vetiver","New York Oud Inspired Attar New York Oud is a Amber fragrance for women and men. Top notes are Plum, Saffron and Orange; middle notes are Rose, Agarwood (Oud), Patchouli and Orris Root; base notes are Musk, white honey and Vetiver. Inspired by New York Oud, Created by Al Haramain Perfumes Hyderabad.","3 ml, 6 ml, 12 ml",100,400,INR,false,https://alharamainperfumes.in/product/new-york-oud-inspired-loose-attar-fragrance/,https://alharamainperfumes.in/wp-content/uploads/2025/09/WhatsApp-Image-2025-11-08-at-10.13.31-PM.jpeg,false
New York Oud (Perfume),"Clone Perfumes, French","Top: are Plum, Saffron and Orange; middle notes are Rose, Agarwood (Oud), Patchouli and Orris Root; base notes are Musk, white honey and Vetiver | Middle: are Rose, Agarwood (Oud), Patchouli and Orris Root; base notes are Musk, white honey and Vetiver | Base: are Musk, white honey and Vetiver","New York Oud Inspired Perfume New York Oud is a Amber fragrance for women and men. Top notes are Plum, Saffron and Orange; middle notes are Rose, Agarwood (Oud), Patchouli and Orris Root; base notes are Musk, white honey and Vetiver. Inspired by New York Oud, Created by Al Haramain Perfumes Hyderabad.","10 ml, 25 ml, 50 ml, 100ml",100,800,INR,false,https://alharamainperfumes.in/product/new-york-oud-inspired-loose-perfume-fragrance/,https://alharamainperfumes.in/wp-content/uploads/2021/04/IMG_5374-scaled.jpg,false
L Match Point (Perfume),"Clone Perfumes, French","Top: are Basil, Grapefruit and Pink Pepper; middle notes are Clary Sage, Geranium and Gentiana; base notes are Cashmeran and Vetiver | Middle: are Clary Sage, Geranium and Gentiana; base notes are Cashmeran and Vetiver | Base: are Cashmeran and Vetiver","L Match Point Inspired Perfume Match Point is a Woody Aromatic fragrance for men. Top notes are Basil, Grapefruit and Pink Pepper; middle notes are Clary Sage, Geranium and Gentiana; base notes are Cashmeran and Vetiver. Inspired by L Red, Created by Al Haramain Perfumes Hyderabad.","10 ml, 25 ml, 50 ml, 100ml",150,1200,INR,true,https://alharamainperfumes.in/product/l-match-point-inspired-loose-perfume-fragrance/,https://alharamainperfumes.in/wp-content/uploads/2021/04/IMG_5374-scaled.jpg,false
L Match Point (Attar),"Clone Attar, French Attar","Top: are Basil, Grapefruit and Pink Pepper; middle notes are Clary Sage, Geranium and Gentiana; base notes are Cashmeran and Vetiver | Middle: are Clary Sage, Geranium and Gentiana; base notes are Cashmeran and Vetiver | Base: are Cashmeran and Vetiver","L Match Point Inspired Attar Match Point is a Woody Aromatic fragrance for men. Top notes are Basil, Grapefruit and Pink Pepper; middle notes are Clary Sage, Geranium and Gentiana; base notes are Cashmeran and Vetiver. Inspired by L Match Point, Created by Al Haramain Perfumes Hyderabad.","3 ml, 6 ml, 12 ml",150,600,INR,true,https://alharamainperfumes.in/product/l-match-point-inspired-loose-attar-fragrance/,https://alharamainperfumes.in/wp-content/uploads/2025/09/WhatsApp-Image-2025-11-08-at-10.13.31-PM.jpeg,false
L Red (Attar),"Clone Attar, French Attar",Top: is Green Apple; middle note is Pine Tree; base notes are Patchouli and Vetiver | Middle: is Pine Tree; base notes are Patchouli and Vetiver | Base: are Patchouli and Vetiver,"L Red Inspired Attar L Red is an Aromatic Fougere fragrance for men. Top note is Green Apple; middle note is Pine Tree; base notes are Patchouli and Vetiver. Inspired by L Red, Created by Al Haramain Perfumes Hyderabad.","3 ml, 6 ml, 12 ml",100,400,INR,false,https://alharamainperfumes.in/product/l-red-inspired-loose-attar-fragrance/,https://alharamainperfumes.in/wp-content/uploads/2025/09/WhatsApp-Image-2025-11-08-at-10.13.31-PM.jpeg,false
L Red (Perfume),"Clone Perfumes, French",Top: is Green Apple; middle note is Pine Tree; base notes are Patchouli and Vetiver | Middle: is Pine Tree; base notes are Patchouli and Vetiver | Base: are Patchouli and Vetiver,"L Red Inspired Perfume L Red is an Aromatic Fougere fragrance for men. Top note is Green Apple; middle note is Pine Tree; base notes are Patchouli and Vetiver. Inspired by L Red, Created by Al Haramain Perfumes Hyderabad.","10 ml, 25 ml, 50 ml, 100ml",100,800,INR,false,https://alharamainperfumes.in/product/l-red-inspired-loose-perfume-fragrance/,https://alharamainperfumes.in/wp-content/uploads/2021/04/IMG_5374-scaled.jpg,false
Black Oud (Attar),"Arabic Attar, Clone Attar, Premium Attars",,Black Oud Inspired Attar Created by Al Haramain Perfumes Hyderabad.,"3 ml, 6 ml, 12 ml",650,2500,INR,true,https://alharamainperfumes.in/product/black-oud-loose-attar-fragrance/,https://alharamainperfumes.in/wp-content/uploads/2025/09/WhatsApp-Image-2025-11-08-at-10.13.31-PM.jpeg,false
Black oud (Perfume),"Clone Perfumes, Premium Perfumes",,Black Oud Inspired Perfume Created by Al Haramain Perfumes Hyderabad.,"10 ml, 25 ml, 50 ml, 100ml",700,4500,INR,true,https://alharamainperfumes.in/product/black-oud-loose-perfume-fragrance/,https://alharamainperfumes.in/wp-content/uploads/2021/04/IMG_5374-scaled.jpg,false
YSL- Y Super (Attar),"Clone Attar, French Attar, French Attars","Top: are Apple, Aldehydes, Grapefruit, and Ginger; middle notes are Sage, Lavender, and Geranium; base notes are Tonka Bean, Cedar, Olibanum, and Patchouli | Middle: are Sage, Lavender, and Geranium; base notes are Tonka Bean, Cedar, Olibanum, and Patchouli | Base: are Tonka Bean, Cedar, Olibanum, and Patchouli","YSL Y Man Parfum Inspired Attar YSL Y Man Parfum is a Amber Fougere fragrance for men. This is a new fragrance. Y Man Parfum was launched in 2021. Top notes are Apple, Aldehydes, Grapefruit, and Ginger; middle notes are Sage, Lavender, and Geranium; base notes are Tonka Bean, Cedar, Olibanum, and Patchouli. Inspired by Y Le Parfum , Created by Al Haramain Perfumes Hyderabad.","3 ml, 6 ml, 12 ml",150,600,INR,true,https://alharamainperfumes.in/product/ysl-y-man-loose-attar-fragrance/,https://alharamainperfumes.in/wp-content/uploads/2025/09/WhatsApp-Image-2025-11-08-at-10.13.31-PM.jpeg,true
212 Vip Black (Perfume),"Clone Perfumes, French, French Perfumes, Premium Perfumes",,Created by Al Haramain Perfumes Hyderabad,"10 ml, 25 ml, 50 ml, 100ml",150,1200,INR,true,https://alharamainperfumes.in/product/212-vip-black-loose-perfume-fragrance/,https://alharamainperfumes.in/wp-content/uploads/2021/04/IMG_5374-scaled.jpg,true
212 Vip Black (Attar),"Clone Attar, French Attar, French Attars",,Created by Al Haramain Perfumes Hyderabad,"3 ml, 6 ml, 12 ml",150,600,INR,true,https://alharamainperfumes.in/product/212-vip-black-loose-attar-fragrance-copy/,https://alharamainperfumes.in/wp-content/uploads/2025/09/WhatsApp-Image-2025-11-08-at-10.13.31-PM.jpeg,true
Night Oud Super (Perfume),"Clone Perfumes, Premium Perfumes",,"Night oud by Al Haramain Night oud is a Woody Aromatic fragrance for men. This is very nice – a safe, inoffensive, sweet musky fragrance with a little touch of spice. Created by Al Haramain Perfumes Hyderabad.","10 ml, 25 ml, 50 ml, 100ml",150,1200,INR,true,https://alharamainperfumes.in/product/night-oud-super-loose-perfume-fragrance/,https://alharamainperfumes.in/wp-content/uploads/2021/04/IMG_5374-scaled.jpg,false
YSL- Y Super (Perfume),"Clone Perfumes, French, French Perfumes, Premium Perfumes",,,"10 ml, 25 ml, 50 ml, 100ml",150,1200,INR,true,https://alharamainperfumes.in/product/ysl-y-super-loose-perfume-fragrance/,https://alharamainperfumes.in/wp-content/uploads/2021/04/IMG_5374-scaled.jpg,true
Night Oud Super (Attar),"Arabic Perfumes, Best Selling, Clone Attar, French Attar",,"Night oud by Al Haramain Night oud is a Woody Aromatic fragrance for men. This is very nice – a safe, inoffensive, sweet musky fragrance with a little touch of spice. Created by Al Haramain Perfumes Hyderabad.","3 ml, 6 ml, 12 ml",150,600,INR,true,https://alharamainperfumes.in/product/yves-saint-laurent-y-super-loose-attar-fragrance/,https://alharamainperfumes.in/wp-content/uploads/2025/09/WhatsApp-Image-2025-11-08-at-10.13.31-PM.jpeg,true
Tobacco Vanille Super for Men & Women (Attar),"Best Selling, Clone Attar, French Attar, French Attars","Top: are tobacco leaf and spicy notes; middle notes are tonka bean, tobacco blossom, vanilla, and cacao; base notes are dried fruits and woody notes | Middle: are tonka bean, tobacco blossom, vanilla, and cacao; base notes are dried fruits and woody notes | Base: are dried fruits and woody notes","Tobacco Vanille Inspired Attar Tobacco Vanille is an Oriental Spicy fragrance for women and men. Tobacco Vanille was launched in 2007. The nose behind this fragrance is Olivier Gillotin. Top notes are tobacco leaf and spicy notes; middle notes are tonka bean, tobacco blossom, vanilla, and cacao; base notes are dried fruits and woody notes. MAIN ACCORDS :- sweet, tobacco, vanilla, warm spicy & fruity Inspired by Tobacco Vanille, Created by Al Haramain Perfumes Hyderabad.","3 ml, 6 ml, 12 ml",150,600,INR,true,https://alharamainperfumes.in/product/tobacco-vanille-super-for-men-women-loose-attar-fragrance/,https://alharamainperfumes.in/wp-content/uploads/2025/09/WhatsApp-Image-2025-11-08-at-10.13.31-PM.jpeg,true
Tobacco Vanille Super for Men & Women (Perfume),"Clone Perfumes, French, Premium Perfumes","Top: are tobacco leaf and spicy notes; middle notes are tonka bean, tobacco blossom, vanilla, and cacao; base notes are dried fruits and woody notes | Middle: are tonka bean, tobacco blossom, vanilla, and cacao; base notes are dried fruits and woody notes | Base: are dried fruits and woody notes","Tobacco Vanille Inspired Perfume Tobacco Vanille is an Oriental Spicy fragrance for women and men. Tobacco Vanille was launched in 2007. The nose behind this fragrance is Olivier Gillotin. Top notes are tobacco leaf and spicy notes; middle notes are tonka bean, tobacco blossom, vanilla, and cacao; base notes are dried fruits and woody notes. MAIN ACCORDS :- sweet, tobacco, vanilla, warm spicy & fruity Inspired by Tobacco Vanille, Created by Al Haramain Perfumes Hyderabad.","10 ml, 25 ml, 50 ml, 100ml",200,1500,INR,true,https://alharamainperfumes.in/product/tobacco-vanille-super-for-men-women-loose-perfume-fragrance/,https://alharamainperfumes.in/wp-content/uploads/2021/04/IMG_5374-scaled.jpg,false
Bvl Tygar (Attar),"Clone Attar, French Attar, French Attars, Premium Attars",,"Bvl Tygar Inspired Attar Tygar is a Citrus Aromatic fragrance for men. Tygar was launched in 2016. Inspired by Tygar, Created by Al Haramain Perfumes Hyderabad.","3 ml, 6 ml, 12 ml",250,1000,INR,true,https://alharamainperfumes.in/product/bvl-tygar-inspired-loose-attar-fragrance/,https://alharamainperfumes.in/wp-content/uploads/2025/09/WhatsApp-Image-2025-11-08-at-10.13.31-PM.jpeg,true
Bvl Aqua Marina (Perfume),"Clone Perfumes, French, Premium Perfumes","Top: of seaweed, neroli, and grapefruit with rosemary and cedar base notes","Bvl Aqua Marina Inspired Perfume Aqua Marine is a rustic men’s fragrance combining top notes of seaweed, neroli, and grapefruit with rosemary and cedar base notes. Created in 2008, this scent goes well with any occasion during any season. This scent is sophisticated enough to wear in a formal setting yet subtle enough to blend into any casual event. Be bold and separate yourself from the pack by wearing the spicy and masculine scent of Bvl Aqua Marine. Inspired by Aqua Marina, Created by Al Haramain Perfumes Hyderabad.","10 ml, 25 ml, 50 ml, 100ml",150,1200,INR,true,https://alharamainperfumes.in/product/bvl-aqua-marina-inspired-loose-perfume-fragrance/,https://alharamainperfumes.in/wp-content/uploads/2021/04/IMG_5374-scaled.jpg,false
Bvl aqua marina (Attar),"Clone Attar, French Attar","Top: of seaweed, neroli, and grapefruit with rosemary and cedar base notes","Bvl aqua marina Inspired Attar Aqua Marine is a rustic men’s fragrance combining top notes of seaweed, neroli, and grapefruit with rosemary and cedar base notes. Created in 2008, this scent goes well with any occasion during any season. This scent is sophisticated enough to wear in a formal setting yet subtle enough to blend into any casual event. Be bold and separate yourself from the pack by wearing the spicy and masculine scent of Bvl Aqua Marine. Inspired by Aqua Marina, Created by Al Haramain Perfumes Hyderabad.","3 ml, 6 ml, 12 ml",150,600,INR,true,https://alharamainperfumes.in/product/bvl-aqua-marina-inspired-loose-attar-fragrance/,https://alharamainperfumes.in/wp-content/uploads/2025/09/WhatsApp-Image-2025-11-08-at-10.13.31-PM.jpeg,false
Zafran Perfume by Al Haramain (Perfume),"Clone Perfumes, Indian, Premium Perfumes",,Zafran Perfume by Al Haramain Created by Al Haramain Perfumes Hyderabad.,"10 ml, 25 ml, 50 ml, 100ml",200,1500,INR,false,https://alharamainperfumes.in/product/zafran-perfume-by-al-haramain-loose-perfume-fragrance/,https://alharamainperfumes.in/wp-content/uploads/2021/04/IMG_5374-scaled.jpg,false
Oud for Glory Scented Bakhoor Sticks,Bakhoor & Oud,,"Sandal and Oudh Scented Sticks are regarded as some of the finest Scented. These Scented have light delicate fragrances of nature. This exotic fragrance provides the key to unlock the benefits of aromatherapy, to create an uplifting or enhancing mood or environmental effect. Use of Scented promotes longevity, harmonizes the psycho-physical constitution, and enhances mental focus. It is preferred over aerosol air fresheners.","10grams, 50grams",100,500,INR,true,https://alharamainperfumes.in/product/oud-for-glory-scented-bakhoor-sticks/,https://alharamainperfumes.in/wp-content/uploads/2021/04/image-scaled.png,false
Ward Taifi Scented Bakhoor Sticks,Bakhoor & Oud,,"Sandal and Oudh Scented Sticks are regarded as some of the finest Scented. These Scented have light delicate fragrances of nature. This exotic fragrance provides the key to unlock the benefits of aromatherapy, to create an uplifting or enhancing mood or environmental effect. Use of Scented promotes longevity, harmonizes the psycho-physical constitution, and enhances mental focus. It is preferred over aerosol air fresheners.","10grams, 50grams",100,500,INR,false,https://alharamainperfumes.in/product/ward-taifi-scented-bakhoor-sticks/,https://alharamainperfumes.in/wp-content/uploads/2021/04/image-scaled.png,false
Ward Taifi by Al Haramain (Perfume),"Arabic Perfumes, Best Selling, Clone Perfumes",,Ward Taifi by Al Haramain Created by Al Haramain Perfumes Hyderabad.,"10 ml, 25 ml, 50 ml, 100ml",100,800,INR,false,https://alharamainperfumes.in/product/ward-taifi-by-al-haramain-loose-perfume-fragrance/,https://alharamainperfumes.in/wp-content/uploads/2021/04/IMG_5374-scaled.jpg,true
Ward Taifi (Attar),"Arabic Attar, Clone Attar",,"Ward Taifi Inspired Attar Inspired by Ward Taifi, Created by Al Haramain Perfumes Hyderabad.","3 ml, 6 ml, 12 ml",100,400,INR,false,https://alharamainperfumes.in/product/ward-taifi-loose-attar-fragrance/,https://alharamainperfumes.in/wp-content/uploads/2025/09/WhatsApp-Image-2025-11-08-at-10.13.31-PM.jpeg,false
"Round Gold Design Bottle with Black Giftbox, 25ml","25ml, Fancy Bottles, Perfume Bottles",,*Note: the price is for bottle only please select and add perfume to the cart as well if you want perfume with the bottle *,,400,400,INR,true,https://alharamainperfumes.in/product/round-gold-design-bottle-with-black-giftbox-25ml/,https://alharamainperfumes.in/wp-content/uploads/2022/09/IMG_7127-scaled.jpeg,false
"Invictus Style silver cap Bottle with Giftbox, 50ml","50ml, Fancy Bottles, Perfume Bottles",,*Note: the price is for bottle only please select and add perfume to the cart as well if you want perfume with the bottle *,,400,400,INR,true,https://alharamainperfumes.in/product/invictus-style-bottle-with-giftbox-50ml/,https://alharamainperfumes.in/wp-content/uploads/2022/08/IMG_7109-scaled.jpeg,false
"Invictus Style Gold Cap Bottle with Giftbox, 50ml","50ml, Fancy Bottles, Perfume Bottles",,*Note: the price is for bottle only please select and add perfume to the cart as well if you want perfume with the bottle *,,400,400,INR,true,https://alharamainperfumes.in/product/invictus-style-gold-cap-bottle-with-gift-box-50ml/,https://alharamainperfumes.in/wp-content/uploads/2022/08/IMG_7100-scaled.jpeg,false
Natural Agarwood Sticks Without Polish for Fragrance (Grade 4),Bakhoor & Oud,,"Natural agarwood ( oud) sticks without polish. Gives out a natural pleasing aroma of oud, can be taken in clothes, or can be used as bakhoor for filling the home with oud aroma. These Scented have light delicate fragrances of nature. This exotic fragrance provides the key to unlocking aromatherapy’s benefits, creating an uplifting or enhancing mood or environmental effect. The use of Scented promotes longevity, harmonizes the psycho-physical constitution, and improves mental focus. It is preferred over aerosol air fresheners.","10grams, 20grams, 50grams",1250,4500,INR,true,https://alharamainperfumes.in/product/natural-agarwood-sticks-without-polish-for-fragrance/,https://alharamainperfumes.in/wp-content/uploads/2022/08/IMG_7492-scaled.jpeg,false
Natural Agarwood Sticks (oud) Without Polish for Fragrance (Grade 3),Bakhoor & Oud,,"Natural agarwood ( oud) sticks without polish. Gives out a natural pleasing aroma of oud, can be taken in clothes, or can be used as bakhoor for filling the home with oud aroma. These Scented have light delicate fragrances of nature. This exotic fragrance provides the key to unlocking aromatherapy’s benefits, creating an uplifting or enhancing mood or environmental effect. The use of Scented promotes longevity, harmonizes the psycho-physical constitution, and improves mental focus. It is preferred over aerosol air fresheners.","10grams, 20grams, 50grams",2000,7500,INR,true,https://alharamainperfumes.in/product/natural-agarwood-sticks-oud-without-polish-for-fragrance/,https://alharamainperfumes.in/wp-content/uploads/2022/08/IMG_7491-scaled.jpeg,false
Natural Agarwood (oud) Sticks Without Polish for Fragrance (Grade 2),Bakhoor & Oud,,"Natural agarwood ( oud) sticks without polish. Gives out a natural pleasing aroma of oud, can be taken in clothes, or can be used as bakhoor for filling the home with oud aroma. These Scented have light delicate fragrances of nature. This exotic fragrance provides the key to unlocking aromatherapy’s benefits, creating an uplifting or enhancing mood or environmental effect. The use of Scented promotes longevity, harmonizes the psycho-physical constitution, and improves mental focus. It is preferred over aerosol air fresheners.","10grams, 20grams, 50grams",2500,8750,INR,true,https://alharamainperfumes.in/product/natural-agarwood-oud-sticks-without-polish-for-fragrance/,https://alharamainperfumes.in/wp-content/uploads/2022/08/IMG_7490-scaled.jpeg,false
Natural Agar Wood without Polish for Fragrance (Grade 1),Bakhoor & Oud,,"Natural agarwood ( oud) sticks without polish. Gives out a natural pleasing aroma of oud, can be taken in clothes, or can be used as bakhoor for filling the home with oud aroma. These Scented have light delicate fragrances of nature. This exotic fragrance provides the key to unlocking aromatherapy’s benefits, creating an uplifting or enhancing mood or environmental effect. The use of Scented promotes longevity, harmonizes the psycho-physical constitution, and improves mental focus. It is preferred over aerosol air fresheners.","10grams, 20grams, 50grams",3500,13750,INR,true,https://alharamainperfumes.in/product/natural-agar-wood-without-polish-for-fragrance/,https://alharamainperfumes.in/wp-content/uploads/2022/08/IMG_7489-scaled.jpeg,false
Wisal Gold by Al Haramain (Perfume) (Copy),"Arabic Perfumes, Clone Perfumes, Premium Perfumes",Top: that intermingle with a spicy and woody heart of sandalwood,"Wisal Super by Al Haramain Wisal It opens with refreshing floral top notes that intermingle with a spicy and woody heart of sandalwood. A warm base composed of rose and musk rounds out a contemporary perfume that is trendy, soothing and utterly captivating. Created by Al Haramain Perfumes Hyderabad.","10 ml, 25 ml, 50 ml, 100ml",200,1500,INR,true,https://alharamainperfumes.in/product/wisal-gold-by-al-haramain-loose-perfume-fragrance-copy/,https://alharamainperfumes.in/wp-content/uploads/2021/04/IMG_5374-scaled.jpg,true
Sauvage Super by D (Perfume),"Clone Perfumes, French, French Perfumes, Premium Perfumes","Top: are Calabrian bergamot and Pepper; middle notes are Sichuan Pepper, Lavender, Pink Pepper, Vetiver, Patchouli, Geranium and elemi; base notes are Ambroxan, Cedar and Labdanum | Middle: are Sichuan Pepper, Lavender, Pink Pepper, Vetiver, Patchouli, Geranium and elemi; base notes are Ambroxan, Cedar and Labdanum | Base: are Ambroxan, Cedar and Labdanum","Sauvage Super by D Inspired Perfume Sauvage by Christian D is a Aromatic Fougere fragrance for men. Sauvage was launched in 2015. Sauvage is inspired by wild, open spaces; blue sky that covers rocky landscapes, hot under the desert sun. D in-house perfumer, François Demachy, signed this creation. The fragrance is announced as radically fresh, raw and noble at the same time. The composition is reportedly prevalent with carefully selected natural ingredients. NOTES :- Top notes are Calabrian bergamot and Pepper; middle notes are Sichuan Pepper, Lavender, Pink Pepper, Vetiver, Patchouli, Geranium and elemi; base notes are Ambroxan, Cedar and Labdanum. Inspired by Sauvage by D, Created by Al Haramain Perfumes Hyderabad.","10 ml, 25 ml, 50 ml, 100ml",200,1500,INR,true,https://alharamainperfumes.in/product/sauvage-super-by-d-inspired-perfumeloose-perfume-fragrance/,https://alharamainperfumes.in/wp-content/uploads/2021/04/IMG_5374-scaled.jpg,true
Sauvage Super by D (Attar),"Clone Attar, French Attar, French Attars, Premium Attars","Top: are Calabrian bergamot and Pepper; middle notes are Sichuan Pepper, Lavender, Pink Pepper, Vetiver, Patchouli, Geranium and elemi; base notes are Ambroxan, Cedar and Labdanum | Middle: are Sichuan Pepper, Lavender, Pink Pepper, Vetiver, Patchouli, Geranium and elemi; base notes are Ambroxan, Cedar and Labdanum | Base: are Ambroxan, Cedar and Labdanum","Sauvage Super by D Inspired Attar Sauvage by Christian D is a Aromatic Fougere fragrance for men. Sauvage was launched in 2015. Sauvage is inspired by wild, open spaces; blue sky that covers rocky landscapes, hot under the desert sun. D in-house perfumer, François Demachy, signed this creation. The fragrance is announced as radically fresh, raw and noble at the same time. The composition is reportedly prevalent with carefully selected natural ingredients. NOTES :- Top notes are Calabrian bergamot and Pepper; middle notes are Sichuan Pepper, Lavender, Pink Pepper, Vetiver, Patchouli, Geranium and elemi; base notes are Ambroxan, Cedar and Labdanum. Inspired by Sauvage by D, Created by Al Haramain Perfumes Hyderabad.","3 ml, 6 ml, 12 ml",200,800,INR,true,https://alharamainperfumes.in/product/sauvage-super-by-d-inspired-attar-loose-attar-fragrance/,https://alharamainperfumes.in/wp-content/uploads/2025/09/WhatsApp-Image-2025-11-08-at-10.13.31-PM.jpeg,true
Wisal Gold by Al Haramain (Attar),"Arabic Attar, Arabic Attars, Clone Attar, Premium Attars",Top: that intermingle with a spicy and woody heart of sandalwood,"Wisal Super by Al Haramain Wisal It opens with refreshing floral top notes that intermingle with a spicy and woody heart of sandalwood. A warm base composed of rose and musk rounds out a contemporary perfume that is trendy, soothing and utterly captivating. Created by Al Haramain Perfumes Hyderabad.","3 ml, 6 ml, 12 ml",200,800,INR,true,https://alharamainperfumes.in/product/wisal-gold-by-al-haramain-loose-attar-fragrance/,https://alharamainperfumes.in/wp-content/uploads/2025/09/WhatsApp-Image-2025-11-08-at-10.13.31-PM.jpeg,true
Legend Red by Mont (Perfume),"Clone Perfumes, French, French Perfumes",,"Legend Red by Mont Inspired Perfume Inspired by Legend Red by Mont, Created by Al Haramain Perfumes Hyderabad.","10 ml, 25 ml, 50 ml, 100ml",100,800,INR,true,https://alharamainperfumes.in/product/legend-red-by-mont-inspired-loose-perfume-fragrance-2/,https://alharamainperfumes.in/wp-content/uploads/2021/04/IMG_5374-scaled.jpg,true
Allure Homme Sport Super (Perfume),"Clone Perfumes, French, French Perfumes, Premium Perfumes",,Created by Al Haramain Perfumes Hyderabad,"10 ml, 25 ml, 50 ml, 100ml",150,1200,INR,true,https://alharamainperfumes.in/product/allure-homme-sport-super-by-channel-inspired-loose-perfume-fragrance-2/,https://alharamainperfumes.in/wp-content/uploads/2021/04/IMG_5374-scaled.jpg,true
Bleu De Channel Super by channel (Perfume),"Clone Perfumes, French, French Perfumes, Premium Perfumes",,,"10 ml, 25 ml, 50 ml, 100ml",150,1200,INR,true,https://alharamainperfumes.in/product/allure-homme-sport-super-by-channel-inspired-loose-perfume-fragrance/,https://alharamainperfumes.in/wp-content/uploads/2021/04/IMG_5374-scaled.jpg,true
Aqua di Giò Absolu by Giorgio Arman (Perfume),"Clone Perfumes, French, Premium Perfumes",,Created by Al Haramain Perfumes Hyderabad,"10 ml, 25 ml, 50 ml, 100ml",150,1200,INR,true,https://alharamainperfumes.in/product/aqua-di-gio-absolu-by-giorgio-arman-inspired-loose-perfume-fragrance/,https://alharamainperfumes.in/wp-content/uploads/2021/04/IMG_5374-scaled.jpg,false
Explorer by Mont (Perfume),"Clone Perfumes, French, French Perfumes",,"Explorer by Mont Inspired Perfume Inspired by Explorer by Mont, Created by Al Haramain Perfumes Hyderabad.","10 ml, 25 ml, 50 ml, 100ml",100,800,INR,true,https://alharamainperfumes.in/product/explorer-by-mont-inspired-loose-perfume-fragrance/,https://alharamainperfumes.in/wp-content/uploads/2021/04/IMG_5374-scaled.jpg,true
Rox Vanille by Al Haramain (Perfume),"Clone Perfumes, French",,Rox Vanille by Al Haramain Perfume Rox Vanille opens with the sweet note of caramel and has a sweet attractive fragrance of vanilla. Created by Al Haramain Perfumes Hyderabad.,"10 ml, 25 ml, 50 ml, 100ml",100,800,INR,true,https://alharamainperfumes.in/product/rox-vanille-by-al-haramain-loose-perfume-fragrance/,https://alharamainperfumes.in/wp-content/uploads/2021/04/IMG_5374-scaled.jpg,false
Legend Red by Mont (Attar),"Clone Attar, French Attar, French Attars",,"Legend Red by Mont Inspired Attar Inspired by Legend Red by Mont, Created by Al Haramain Perfumes Hyderabad.","3 ml, 6 ml, 12 ml",100,400,INR,true,https://alharamainperfumes.in/product/legend-red-by-mont-inspired-loose-attar-fragrance/,https://alharamainperfumes.in/wp-content/uploads/2025/09/WhatsApp-Image-2025-11-08-at-10.13.31-PM.jpeg,true
Explorer by Mont (Attar),"Clone Attar, French Attar, French Attars",,"Explorer by Mont Inspired Attar Inspired by Explorer by Mont, Created by Al Haramain Perfumes Hyderabad.","3 ml, 6 ml, 12 ml",100,400,INR,true,https://alharamainperfumes.in/product/explorer-by-mont-inspired-loose-attar-fragrance/,https://alharamainperfumes.in/wp-content/uploads/2025/09/WhatsApp-Image-2025-11-08-at-10.13.31-PM.jpeg,true
Aqua di Giò Absolu by Giorgio Arman (Attar),"Clone Attar, French Attar",,Created by Al Haramain Perfumes Hyderabad,"3 ml, 6 ml, 12 ml",150,600,INR,true,https://alharamainperfumes.in/product/aqua-di-gio-absolu-by-giorgio-arman-inspired-loose-attar-fragrance/,https://alharamainperfumes.in/wp-content/uploads/2025/09/WhatsApp-Image-2025-11-08-at-10.13.31-PM.jpeg,false
Allure Homme Sport Super Inspired (Attar),"Clone Attar, French Attar, French Attars",,Created by Al Haramain Perfumes Hyderabad,"3 ml, 6 ml, 12 ml",150,600,INR,true,https://alharamainperfumes.in/product/allure-homme-sport-super-inspired-loose-attar-fragrance/,https://alharamainperfumes.in/wp-content/uploads/2025/09/WhatsApp-Image-2025-11-08-at-10.13.31-PM.jpeg,true
Bleu De Channel Super (Attar),"Clone Attar, French Attar, French Attars",,,"3 ml, 6 ml, 12 ml",150,600,INR,true,https://alharamainperfumes.in/product/bleu-de-channel-super-inspired-loose-attar-fragrance/,https://alharamainperfumes.in/wp-content/uploads/2025/09/WhatsApp-Image-2025-11-08-at-10.13.31-PM.jpeg,true
Air Freshener (Night oud arabian)-200ml,Air Freshener,,Created by Al Haramain Perfumes Hyderabad,,400,400,INR,true,https://alharamainperfumes.in/product/air-freshener-night-oud-arabian-200ml/,https://alharamainperfumes.in/wp-content/uploads/2021/04/IMG_5391-scaled.jpg,false
Starwalker by Mont (Perfume),"Clone Perfumes, French, French Perfumes",,"Starwalker by Mont Inspired Perfume Inspired by Starwalker by Mont, Created by Al Haramain Perfumes Hyderabad.","10 ml, 25 ml, 50 ml, 100ml",100,800,INR,true,https://alharamainperfumes.in/product/starwalker-by-mont-inspired-loose-perfume-fragrance/,https://alharamainperfumes.in/wp-content/uploads/2021/04/IMG_5374-scaled.jpg,true
Starwalker by Mont (Attar),"Clone Attar, French Attar, French Attars",,"Starwalker by Mont Inspired Attar Inspired by Starwalker by Mont, Created by Al Haramain Perfumes Hyderabad.","3 ml, 6 ml, 12 ml",100,400,INR,true,https://alharamainperfumes.in/product/starwalker-by-mont-inspired-loose-attar-fragrance/,https://alharamainperfumes.in/wp-content/uploads/2025/09/WhatsApp-Image-2025-11-08-at-10.13.31-PM.jpeg,true
Dahn Al Oudh Lujain Super by Ajm (Perfume),"Clone Perfumes, Indian, Premium Perfumes",,"Dahn Al Oudh Lujain by Ajm Inspired Perfume Dahn Al Oudh Lujain Super by Ajm is an Amber Woody fragrance for women and men. Dahn Al Oudh Lujain was launched in 2008. The nose behind this fragrance is Nazir Ajm. Inspired by Dahn Al Oudh Lujain by Ajm, Created by Al Haramain Perfumes Hyderabad.","10 ml, 25 ml, 50 ml, 100ml",750,5000,INR,false,https://alharamainperfumes.in/product/dahn-al-oudh-lujain-super-by-ajm-inspired-loose-perfume-fragrance/,https://alharamainperfumes.in/wp-content/uploads/2021/04/IMG_5374-scaled.jpg,false
Dahn Al Oudh Lujain by Ajm (Perfume),"Clone Perfumes, Indian, Premium Perfumes",,"Dahn Al Oudh Lujain by Ajm Inspired Perfume Dahn Al Oudh Lujain by Ajm is an Amber Woody fragrance for women and men. Dahn Al Oudh Lujain was launched in 2008. The nose behind this fragrance is Nazir Ajm. Inspired by Dahn Al Oudh Lujain by Ajm, Created by Al Haramain Perfumes Hyderabad.","10 ml, 25 ml, 50 ml, 100ml",500,2500,INR,false,https://alharamainperfumes.in/product/dahn-al-oudh-lujain-by-ajm-inspired-loose-perfume-fragrance/,https://alharamainperfumes.in/wp-content/uploads/2021/04/IMG_5374-scaled.jpg,false
Dahn Al Oudh Lujain Super by Ajm (Attar),"Arabic Attar, Clone Attar, Premium Attars",,"Dahn Al Oudh Lujain Super by Ajm Inspired Attar Dahn Al Oudh Lujain by Ajm is an Amber Woody fragrance for women and men. Dahn Al Oudh Lujain was launched in 2008. The nose behind this fragrance is Nazir Ajm. Inspired by Dahn Al Oudh Lujain by Ajm, Created by Al Haramain Perfumes Hyderabad.","3 ml, 6 ml, 12 ml",750,3000,INR,false,https://alharamainperfumes.in/product/dahn-al-oudh-lujain-super-by-ajm-inspired-loose-attar-fragrance/,https://alharamainperfumes.in/wp-content/uploads/2025/09/WhatsApp-Image-2025-11-08-at-10.13.31-PM.jpeg,false
Dahn Al Oudh Lujain by Ajm (Attar),"Arabic Attar, Clone Attar, Premium Attars",,"Dahn Al Oudh Lujain by Ajm Inspired Attar Dahn Al Oudh Lujain by Ajm is an Amber Woody fragrance for women and men. Dahn Al Oudh Lujain was launched in 2008. The nose behind this fragrance is Nazir Ajm. Inspired by Dahn Al Oudh Lujain by Ajm, Created by Al Haramain Perfumes Hyderabad.","3 ml, 6 ml, 12 ml",400,1500,INR,false,https://alharamainperfumes.in/product/dahn-al-oudh-lujain-by-ajm-inspired-loose-attar-fragrance/,https://alharamainperfumes.in/wp-content/uploads/2025/09/WhatsApp-Image-2025-11-08-at-10.13.31-PM.jpeg,false
Instant Crush by Mancer (Perfume),"Clone Perfumes, French","Top: are Saffron, Ginger, Sicilian Mandarin, and Sicilian Bergamot; middle notes are Amberwood, Moroccan Rose, Egyptian Jasmine, and Indonesian Patchouli Leaf; base notes are Madagascar Vanilla, Sandalwood, White Musk, and Oakmoss | Middle: are Amberwood, Moroccan Rose, Egyptian Jasmine, and Indonesian Patchouli Leaf; base notes are Madagascar Vanilla, Sandalwood, White Musk, and Oakmoss | Base: are Madagascar Vanilla, Sandalwood, White Musk, and Oakmoss","Instant Crush by Mancer Inspired Perfume Instant Crush by Mancer is an Amber Floral fragrance for women and men. The top notes are Saffron, Ginger, Sicilian Mandarin, and Sicilian Bergamot; middle notes are Amberwood, Moroccan Rose, Egyptian Jasmine, and Indonesian Patchouli Leaf; base notes are Madagascar Vanilla, Sandalwood, White Musk, and Oakmoss. Inspired by Instant Crush by Mancer, Created by Al Haramain Perfumes Hyderabad.","10 ml, 25 ml, 50 ml, 100ml",100,800,INR,true,https://alharamainperfumes.in/product/instant-crush-by-mancer-inspired-loose-perfume-fragrance/,https://alharamainperfumes.in/wp-content/uploads/2021/04/IMG_5374-scaled.jpg,false
Instant Crush by Mancer (Attar),"Clone Attar, French Attar","Top: are Saffron, Ginger, Sicilian Mandarin, and Sicilian Bergamot; middle notes are Amberwood, Moroccan Rose, Egyptian Jasmine, and Indonesian Patchouli Leaf; base notes are Madagascar Vanilla, Sandalwood, White Musk, and Oakmoss | Middle: are Amberwood, Moroccan Rose, Egyptian Jasmine, and Indonesian Patchouli Leaf; base notes are Madagascar Vanilla, Sandalwood, White Musk, and Oakmoss | Base: are Madagascar Vanilla, Sandalwood, White Musk, and Oakmoss","Instant Crush by Mancer Inspired Attar Instant Crush by Mancer is an Amber Floral fragrance for women and men. The top notes are Saffron, Ginger, Sicilian Mandarin, and Sicilian Bergamot; middle notes are Amberwood, Moroccan Rose, Egyptian Jasmine, and Indonesian Patchouli Leaf; base notes are Madagascar Vanilla, Sandalwood, White Musk, and Oakmoss. Inspired by Instant Crush by Mancer, Created by Al Haramain Perfumes Hyderabad.","3 ml, 6 ml, 12 ml",100,400,INR,true,https://alharamainperfumes.in/product/instant-crush-by-mancer-inspired-loose-attar-fragrance/,https://alharamainperfumes.in/wp-content/uploads/2025/09/WhatsApp-Image-2025-11-08-at-10.13.31-PM.jpeg,false
Guc Bamboo by Guc (Perfume),"Clone Perfumes, French","Top: is bergamot; middle notes are Casablanca Lily, Ylang-Ylang, and Orange Blossom; base notes are Sandalwood, Tahitian Vanilla, and Amber | Middle: are Casablanca Lily, Ylang-Ylang, and Orange Blossom; base notes are Sandalwood, Tahitian Vanilla, and Amber | Base: are Sandalwood, Tahitian Vanilla, and Amber","Guc Bamboo by Guc Inspired Perfume Guc Bamboo by Guc is a Floral fragrance for women. Guc Bamboo was launched in 2015. The top note is bergamot; middle notes are Casablanca Lily, Ylang-Ylang, and Orange Blossom; base notes are Sandalwood, Tahitian Vanilla, and Amber. Inspired by Guc Bamboo by Guc, Created by Al Haramain Perfumes Hyderabad.","10 ml, 25 ml, 50 ml, 100ml",100,800,INR,true,https://alharamainperfumes.in/product/guc-bamboo-by-gucci-inspired-loose-perfume-fragrance/,https://alharamainperfumes.in/wp-content/uploads/2021/04/IMG_5374-scaled.jpg,false
Guc Bamboo by Guc (Attar),"Clone Attar, French Attar","Top: is bergamot; middle notes are Casablanca Lily, Ylang-Ylang, and Orange Blossom; base notes are Sandalwood, Tahitian Vanilla, and Amber | Middle: are Casablanca Lily, Ylang-Ylang, and Orange Blossom; base notes are Sandalwood, Tahitian Vanilla, and Amber | Base: are Sandalwood, Tahitian Vanilla, and Amber","Guc Bamboo by Guc Inspired Attar Guc Bamboo by Guc is a Floral fragrance for women. Guc Bamboo was launched in 2015. The top note is bergamot; middle notes are Casablanca Lily, Ylang-Ylang, and Orange Blossom; base notes are Sandalwood, Tahitian Vanilla, and Amber. Inspired by Guc Bamboo by Guc, Created by Al Haramain Perfumes Hyderabad.","3 ml, 6 ml, 12 ml",100,400,INR,true,https://alharamainperfumes.in/product/guc-bamboo-by-gucci-inspired-loose-attar-fragrance/,https://alharamainperfumes.in/wp-content/uploads/2025/09/WhatsApp-Image-2025-11-08-at-10.13.31-PM.jpeg,false
Y Le Parfum by YSL (Perfume),"Clone Perfumes, French, French Perfumes",,,"10 ml, 25 ml, 50 ml, 100ml",100,800,INR,true,https://alharamainperfumes.in/product/y-le-parfum-by-ysl-inspired-loose-perfume-fragrance/,https://alharamainperfumes.in/wp-content/uploads/2021/04/IMG_5374-scaled.jpg,true
Desire Blue by AD (Perfume),"Clone Perfumes, French","Top: are Litchi, Mandarin Orange, Lotus, and Bergamot; middle notes are Sea Notes, Orange, and Brazilian Rosewood; base notes are Tonka Bean, Musk, Amber, and Benzoin | Middle: are Sea Notes, Orange, and Brazilian Rosewood; base notes are Tonka Bean, Musk, Amber, and Benzoin | Base: are Tonka Bean, Musk, Amber, and Benzoin","Desire Blue by AD Inspired Perfume Desire Blue by AD is an Aromatic Green fragrance for men. Desire Blue was launched in 2002. The nose behind this fragrance is Philippe Romano. The top notes are Litchi, Mandarin Orange, Lotus, and Bergamot; middle notes are Sea Notes, Orange, and Brazilian Rosewood; base notes are Tonka Bean, Musk, Amber, and Benzoin. Inspired by Desire Blue by AD, Created by Al Haramain Perfumes Hyderabad.","10 ml, 25 ml, 50 ml, 100ml",100,800,INR,false,https://alharamainperfumes.in/product/desire-blue-by-ad-inspired-loose-perfume-fragrance/,https://alharamainperfumes.in/wp-content/uploads/2021/04/IMG_5374-scaled.jpg,false
Y Le Parfum by YSL for Men (Attar),"Clone Attar, French Attar, French Attars","Top: are Apple, Aldehydes, Grapefruit, and Ginger; middle notes are Sage, Lavender, and Geranium; base notes are Tonka Bean, Cedar, Olibanum, and Patchouli | Middle: are Sage, Lavender, and Geranium; base notes are Tonka Bean, Cedar, Olibanum, and Patchouli | Base: are Tonka Bean, Cedar, Olibanum, and Patchouli","Y Le Parfum by Ysl Inspired Attar Y Le Parfum by Ysl is a Amber Fougere fragrance for men. This is a new fragrance. Y Le Parfum was launched in 2021. Top notes are Apple, Aldehydes, Grapefruit, and Ginger; middle notes are Sage, Lavender, and Geranium; base notes are Tonka Bean, Cedar, Olibanum, and Patchouli. Inspired by Y Le Parfum by Ysl, Created by Al Haramain Perfumes Hyderabad.","3 ml, 6 ml, 12 ml",100,400,INR,true,https://alharamainperfumes.in/product/y-le-parfum-by-ysl-for-men-loose-attar-fragrance/,https://alharamainperfumes.in/wp-content/uploads/2025/09/WhatsApp-Image-2025-11-08-at-10.13.31-PM.jpeg,true
Desire Blue by AD (Attar),"Clone Attar, French Attar","Top: are Litchi, Mandarin Orange, Lotus, and Bergamot; middle notes are Sea Notes, Orange, and Brazilian Rosewood; base notes are Tonka Bean, Musk, Amber, and Benzoin | Middle: are Sea Notes, Orange, and Brazilian Rosewood; base notes are Tonka Bean, Musk, Amber, and Benzoin | Base: are Tonka Bean, Musk, Amber, and Benzoin","Desire Blue by AD Inspired Attar Desire Blue by AD is an Aromatic Green fragrance for men. Desire Blue was launched in 2002. The nose behind this fragrance is Philippe Romano. The top notes are Litchi, Mandarin Orange, Lotus, and Bergamot; middle notes are Sea Notes, Orange, and Brazilian Rosewood; base notes are Tonka Bean, Musk, Amber, and Benzoin. Inspired by Desire Blue by AD, Created by Al Haramain Perfumes Hyderabad.","3 ml, 6 ml, 12 ml",100,400,INR,false,https://alharamainperfumes.in/product/ad-by-alfred-dunhill-for-men-loose-attar-fragrance/,https://alharamainperfumes.in/wp-content/uploads/2025/09/WhatsApp-Image-2025-11-08-at-10.13.31-PM.jpeg,false
Kalemat by AO (Attar),"Arabic Attar, Clone Attar","Top: are Blueberry and Anise; middle notes are Cashmere Wood, Floral Notes, and Rosemary; base notes are Amber, Honey, and Musk | Middle: are Cashmere Wood, Floral Notes, and Rosemary; base notes are Amber, Honey, and Musk | Base: are Amber, Honey, and Musk","Kalemat by Ao Inspired Attar Kalemat by Ao is an Amber fragrance for women and men. The top notes are Blueberry and Anise; middle notes are Cashmere Wood, Floral Notes, and Rosemary; base notes are Amber, Honey, and Musk. Inspired by Kalemat by Ao, Created by Al Haramain Perfumes Hyderabad.","3 ml, 6 ml, 12 ml",100,400,INR,true,https://alharamainperfumes.in/product/kalemat-by-ao-loose-attar-fragrance/,https://alharamainperfumes.in/wp-content/uploads/2025/09/WhatsApp-Image-2025-11-08-at-10.13.31-PM.jpeg,false
Kalemat by Ao (Perfume),Clone Perfumes,"Top: are Blueberry and Anise; middle notes are Cashmere Wood, Floral Notes, and Rosemary; base notes are Amber, Honey, and Musk | Middle: are Cashmere Wood, Floral Notes, and Rosemary; base notes are Amber, Honey, and Musk | Base: are Amber, Honey, and Musk","Kalemat by Ao Inspired Perfume Kalemat by Ao is an Amber fragrance for women and men. The top notes are Blueberry and Anise; middle notes are Cashmere Wood, Floral Notes, and Rosemary; base notes are Amber, Honey, and Musk. Inspired by Kalemat by Ao, Created by Al Haramain Perfumes Hyderabad.","10 ml, 25 ml, 50 ml, 100ml",100,800,INR,true,https://alharamainperfumes.in/product/kalemat-by-ao-loose-perfume-fragrance/,https://alharamainperfumes.in/wp-content/uploads/2021/04/IMG_5374-scaled.jpg,false
Oud for Glory by Latta Perfumes (Perfume),"Arabic Perfumes, Clone Perfumes, Premium Perfumes",,Oud for Glory by Latta Perfumes inspired Perfume Inspired by Oud for Glory by Latta Perfumes Created by Al Haramain Perfumes Hyderabad.,"10 ml, 25 ml, 50 ml, 100ml",100,800,INR,true,https://alharamainperfumes.in/product/oud-for-glory-by-latta-perfumes-loose-perfume-fragrance/,https://alharamainperfumes.in/wp-content/uploads/2021/04/IMG_5374-scaled.jpg,true
Oud for Glory by Latta Perfumes (Attar),"Arabic Attar, Arabic Attars, Clone Attar",,Oud for Glory by Latta Perfumes inspired Attar Inspired by Oud for Glory by Latta Perfumes Created by Al Haramain Perfumes Hyderabad.,"3 ml, 6 ml, 12 ml",100,400,INR,true,https://alharamainperfumes.in/product/oud-for-glory-by-latta-perfumes-loose-attar-fragrance/,https://alharamainperfumes.in/wp-content/uploads/2025/09/WhatsApp-Image-2025-11-08-at-10.13.31-PM.jpeg,true
Oud for Greatness (Perfume),"Arabic Perfumes, Clone Perfumes, Premium Perfumes","Top: are Saffron, Nutmeg, and Lavender; the middle note is Agarwood (Oud); the base notes are Patchouli and Musk | Middle: is Agarwood (Oud); the base notes are Patchouli and Musk | Base: are Patchouli and Musk","Oud for Greatness by Initio Parfums Prives inspired Perfume Oud for Greatness by Initio Parfums Prives is a fragrance for women and men. Oud for Greatness was launched in 2018. The top notes are Saffron, Nutmeg, and Lavender; the middle note is Agarwood (Oud); the base notes are Patchouli and Musk. Inspired by Oud for Greatness by Initio Parfums Prives Created by Al Haramain Perfumes Hyderabad.","10 ml, 25 ml, 50 ml, 100ml",200,1500,INR,true,https://alharamainperfumes.in/product/oud-for-greatness-loose-perfume-fragrance/,https://alharamainperfumes.in/wp-content/uploads/2021/04/IMG_5374-scaled.jpg,true
Oud for Greatness (Attar),"Arabic Attar, Arabic Attars, Clone Attar","Top: are Saffron, Nutmeg, and Lavender; the middle note is Agarwood (Oud); the base notes are Patchouli and Musk | Middle: is Agarwood (Oud); the base notes are Patchouli and Musk | Base: are Patchouli and Musk","Oud for Greatness by Initio Parfums Prives inspired Attar Oud for Greatness by Initio Parfums Prives is a fragrance for women and men. Oud for Greatness was launched in 2018. The top notes are Saffron, Nutmeg, and Lavender; the middle note is Agarwood (Oud); the base notes are Patchouli and Musk. Inspired by Oud for Greatness by Initio Parfums Prives Created by Al Haramain Perfumes Hyderabad.","3 ml, 6 ml, 12 ml",150,600,INR,true,https://alharamainperfumes.in/product/oud-for-greatness-by-initio-parfums-prives-loose-attar-fragrance/,https://alharamainperfumes.in/wp-content/uploads/2025/09/WhatsApp-Image-2025-11-08-at-10.13.31-PM.jpeg,true
La Nuit Tresor by Lanc for Women (Perfume),"Clone Perfumes, French, French Perfumes",,"La Nuit Tresor by Lanc Inspired Perfume Inspired by La Nuit Tresor by Lanc, Created by Al Haramain Perfumes Hyderabad.","10 ml, 25 ml, 50 ml, 100ml",100,800,INR,true,https://alharamainperfumes.in/product/la-nuit-tresor-by-lanc-for-women-loose-perfume-fragrance/,https://alharamainperfumes.in/wp-content/uploads/2021/04/IMG_5374-scaled.jpg,true
La Nuit Tresor by Lanc for Women (Attar),"Clone Attar, French Attar, French Attars",,"La Nuit Tresor by Lanc Inspired Attar Inspired by La Nuit Tresor by Lanc, Created by Al Haramain Perfumes Hyderabad.","3 ml, 6 ml, 12 ml",100,400,INR,true,https://alharamainperfumes.in/product/la-nuit-tresor-by-lanc-for-women-loose-attar-fragrance/,https://alharamainperfumes.in/wp-content/uploads/2025/09/WhatsApp-Image-2025-11-08-at-10.13.31-PM.jpeg,true
Arba Wardat by Rasasi (Perfume),Clone Perfumes,,Created by Al Haramain Perfumes Hyderabad,"10 ml, 25 ml, 50 ml, 100ml",100,800,INR,true,https://alharamainperfumes.in/product/arba-wardat-by-rasasi-loose-perfume-fragrance/,https://alharamainperfumes.in/wp-content/uploads/2021/04/IMG_5374-scaled.jpg,false
Arba Wardat by Rasasi (Attar),"Arabic Attar, Clone Attar",,Created by Al Haramain Perfumes Hyderabad,"3 ml, 6 ml, 12 ml",100,400,INR,true,https://alharamainperfumes.in/product/arba-wardat-by-rasasi-loose-attar-fragrance/,https://alharamainperfumes.in/wp-content/uploads/2025/09/WhatsApp-Image-2025-11-08-at-10.13.31-PM.jpeg,false
"Burj Al Arab Design Refillable Attar Bottle with White Giftbox, 8ml","8ml, Attar Bottles, Fancy Bottles",,*Note: the price is for bottle only please select and add perfume to the cart as well if you want perfume with the bottle *,,750,750,INR,true,https://alharamainperfumes.in/product/burj-al-arab-design-refillable-attar-bottle-with-white-giftbox-8ml/,https://alharamainperfumes.in/wp-content/uploads/2022/03/IMG_9312-scaled.jpg,false
"Burj Al Arab Design Refillable Attar Bottle with Black Giftbox, 8ml","8ml, Attar Bottles, Fancy Bottles",,*Note: the price is for bottle only please select and add perfume to the cart as well if you want perfume with the bottle *,,750,750,INR,true,https://alharamainperfumes.in/product/burj-al-arab-design-refillable-attar-bottle-with-black-giftbox-8ml/,https://alharamainperfumes.in/wp-content/uploads/2022/03/IMG_9315-scaled.jpg,false
Arman Code Profumo for Men (Attar),"Clone Attar, French Attar, French Attars",,Created by Al Haramain Perfumes Hyderabad,"3 ml, 6 ml, 12 ml",150,600,INR,true,https://alharamainperfumes.in/product/arman-code-profumo-by-for-men-loose-attar-fragrance/,https://alharamainperfumes.in/wp-content/uploads/2025/09/WhatsApp-Image-2025-11-08-at-10.13.31-PM.jpeg,true
Arman Code Profumo for Men (Perfume),"Clone Perfumes, French, French Perfumes, Premium Perfumes",,Created by Al Haramain Perfumes Hyderabad,"10 ml, 25 ml, 50 ml, 100ml",150,1200,INR,true,https://alharamainperfumes.in/product/arman-code-profumo-for-men-loose-perfume-fragrance/,https://alharamainperfumes.in/wp-content/uploads/2021/04/IMG_5374-scaled.jpg,true
Arman Code Absolu for Men (Attar),"Clone Attar, French Attar",,Created by Al Haramain Perfumes Hyderabad,"3 ml, 6 ml, 12 ml",150,600,INR,true,https://alharamainperfumes.in/product/arman-code-absolu-for-men-loose-attar-fragrance/,https://alharamainperfumes.in/wp-content/uploads/2025/09/WhatsApp-Image-2025-11-08-at-10.13.31-PM.jpeg,false
Arman Code Absolu for Men (Perfume),"Clone Perfumes, French, Premium Perfumes",,Created by Al Haramain Perfumes Hyderabad,"10 ml, 25 ml, 50 ml, 100ml",150,1200,INR,true,https://alharamainperfumes.in/product/arman-code-absolu-for-men-loose-perfume-fragrance/,https://alharamainperfumes.in/wp-content/uploads/2021/04/IMG_5374-scaled.jpg,false
Arman Code Sport by Giorgio Arman for Men (Attar),"Clone Attar, French Attar",,Created by Al Haramain Perfumes Hyderabad,"3 ml, 6 ml, 12 ml",150,600,INR,true,https://alharamainperfumes.in/product/arman-code-sport-by-giorgio-arman-for-men-loose-attar-fragrance/,https://alharamainperfumes.in/wp-content/uploads/2025/09/WhatsApp-Image-2025-11-08-at-10.13.31-PM.jpeg,false
Arman Code Sport for Men (Perfume),"Clone Perfumes, French, Premium Perfumes",,Created by Al Haramain Perfumes Hyderabad,"10 ml, 25 ml, 50 ml, 100ml",150,1200,INR,true,https://alharamainperfumes.in/product/arman-code-sport-for-men-loose-perfume-fragrance/,https://alharamainperfumes.in/wp-content/uploads/2021/04/IMG_5374-scaled.jpg,false
Natural Agar Wood for Fragrance (Indian Variety / Polished),Bakhoor & Oud,,"Sandal and Oudh Scented Sticks are regarded as some of the finest Scented. These Scented have light delicate fragrances of nature. This exotic fragrance provides the key to unlock the benefits of aromatherapy, to create an uplifting or enhancing mood or environmental effect. Use of Scented promotes longevity, harmonizes the psycho-physical constitution, and enhances mental focus. It is preferred over aerosol air fresheners.","10grams, 20grams, 50grams",350,1500,INR,false,https://alharamainperfumes.in/product/natural-agar-wood-for-fragrance-indian-variety-polished/,https://alharamainperfumes.in/wp-content/uploads/2022/03/IMG-8562-scaled.jpg,false
Natural Agar Wood for Fragrance (low grade/polished),Bakhoor & Oud,,"Sandal and Oudh Scented Sticks are regarded as some of the finest Scented. These Scented have light delicate fragrances of nature. This exotic fragrance provides the key to unlock the benefits of aromatherapy, to create an uplifting or enhancing mood or environmental effect. Use of Scented promotes longevity, harmonizes the psycho-physical constitution, and enhances mental focus. It is preferred over aerosol air fresheners.","10grams, 20grams, 50grams",300,1200,INR,false,https://alharamainperfumes.in/product/natural-agar-wood-for-fragrance-low-grade-polished/,https://alharamainperfumes.in/wp-content/uploads/2022/03/IMG-8564-scaled.jpg,false
One Million (Perfume),"Best Selling, Clone Perfumes, French, French Perfumes",,"1 Million by Al Haramain Perfumes is a bold Woody Spicy fragrance for men that exudes confidence and sophistication. It opens with fresh Blood Mandarin, Grapefruit, and Mint, followed by a warm heart of Cinnamon, Spicy Notes, and Rose. The fragrance finishes with a rich blend of Amber, Leather, Woody Notes, and Indian Patchouli for a long-lasting, masculine scent. 1 Million Perfume Created by Al Haramain Perfumes Hyderabad.","10 ml, 25 ml, 30 ml, 50 ml, 100 ml",100,800,INR,true,https://alharamainperfumes.in/product/nautica-voyage-nautica-for-menloose-perfume-fragrance-2-3/,https://alharamainperfumes.in/wp-content/uploads/2026/06/glass-bottles-2.png,true
One Million (Attar),"Best Selling, Clone Attar, French Attar, French Attars","Top: are Blood Mandarin, Grapefruit, and Mint; middle notes are Cinnamon, Spicy Notes, and Rose; base notes are Amber, Leather, Woody Notes, and Indian Patchouli | Middle: are Cinnamon, Spicy Notes, and Rose; base notes are Amber, Leather, Woody Notes, and Indian Patchouli | Base: are Amber, Leather, Woody Notes, and Indian Patchouli","1 Million Inspired Attar 1 Million is a Woody Spicy fragrance for men. 1 Million was launched in 2008. 1 Million was created by Christophe Raynaud, Olivier Pescheux, Michel Girard and Christian Dussoulier. The top notes are Blood Mandarin, Grapefruit, and Mint; middle notes are Cinnamon, Spicy Notes, and Rose; base notes are Amber, Leather, Woody Notes, and Indian Patchouli. Inspired by 1 Million. Created by Al Haramain Perfumes Hyderabad.","3 ml, 6 ml, 12 ml",100,400,INR,true,https://alharamainperfumes.in/product/one-million-by-paco-rabanne-loose-attar-fragrance/,https://alharamainperfumes.in/wp-content/uploads/2025/09/WhatsApp-Image-2025-11-08-at-10.13.31-PM.jpeg,true
Club de Nuit Intense Man by Armf (Attar),"Clone Attar, French Attar, French Attars",,"Club de Nuit Intense Man by Armf inspired Attar Inspired by Club de Nuit Intense Man by Armf, Created by Al Haramain Perfumes Hyderabad.","3 ml, 6 ml, 12 ml",150,600,INR,true,https://alharamainperfumes.in/product/club-de-nuit-intense-man-by-armf-loose-attar-fragrance/,https://alharamainperfumes.in/wp-content/uploads/2025/09/WhatsApp-Image-2025-11-08-at-10.13.31-PM.jpeg,true
Club de Nuit Intense Man by Armf (Perfume),"Clone Perfumes, French, French Perfumes, Premium Perfumes",,"Club de Nuit Intense Man by Armf inspired Prefume Inspired by Club de Nuit Intense Man by Armf, Created by Al Haramain Perfumes Hyderabad.","10 ml, 25 ml, 50 ml, 100ml",150,1200,INR,true,https://alharamainperfumes.in/product/club-de-nuit-intense-man-by-armf-loose-perfume-fragrance/,https://alharamainperfumes.in/wp-content/uploads/2021/04/IMG_5374-scaled.jpg,true
Aoud Vanille by Mancer for Men & Women (Perfume),"Arabic Perfumes, Clone Perfumes, French",,Created by Al Haramain Perfumes Hyderabad,"10 ml, 25 ml, 50 ml, 100ml",100,800,INR,true,https://alharamainperfumes.in/product/aoud-vanille-by-mancer-for-men-women-loose-perfume-fragrance/,https://alharamainperfumes.in/wp-content/uploads/2021/04/IMG_5374-scaled.jpg,true
Aoud Vanille by Mancer for Men & Women (Attar),"Arabic Attars, Clone Attar, French Attar",,Created by Al Haramain Perfumes Hyderabad,"3 ml, 6 ml, 12 ml",100,400,INR,true,https://alharamainperfumes.in/product/aoud-vanille-by-mancer-for-men-women-loose-attar-fragrance/,https://alharamainperfumes.in/wp-content/uploads/2025/09/WhatsApp-Image-2025-11-08-at-10.13.31-PM.jpeg,true
Musk Rijali (Perfume),"Arabic Perfumes, Clone Perfumes, Indian, Premium Perfumes",,Musk Rijali Perfume Created by Al Haramain Perfumes Hyderabad.,"10 ml, 25 ml, 50 ml, 100ml",150,1200,INR,true,https://alharamainperfumes.in/product/musk-rijali-loose-perfume-fragrance/,https://alharamainperfumes.in/wp-content/uploads/2021/04/IMG_5374-scaled.jpg,true
Musk Rijali (Attar),"Arabic Attars, Clone Attar, Indian Attar",,Musk Rijali Attar Created by Al Haramain Perfumes Hyderabad.,"3 ml, 6 ml, 12 ml",150,600,INR,true,https://alharamainperfumes.in/product/musk-rijali-loose-attar-fragrance/,https://alharamainperfumes.in/wp-content/uploads/2025/09/WhatsApp-Image-2025-11-08-at-10.13.31-PM.jpeg,true
Sandal Oudh (Perfume),"Clone Perfumes, Indian, Premium Perfumes",,Sandal Oudh Perfume A blend of Indian Natural sandal oil and Indian agarwood oil of top qualities. Created by Al Haramain Perfumes Hyderabad.,"10 ml, 25 ml, 50 ml, 100ml",800,3500,INR,true,https://alharamainperfumes.in/product/sandal-oudh-loose-perfume-fragrance/,https://alharamainperfumes.in/wp-content/uploads/2021/04/IMG_5374-scaled.jpg,false
Sandal Oudh (Attar),"Clone Attar, Indian Attar, Premium Attars",,Sandal Oudh Attar A blend of Indian Natural sandal oil and Indian agarwood oil of top qualities. Created by Al Haramain Perfumes Hyderabad.,"3 ml, 6 ml, 12 ml",750,3000,INR,true,https://alharamainperfumes.in/product/sandal-oudh-loose-attar-fragrance/,https://alharamainperfumes.in/wp-content/uploads/2025/09/WhatsApp-Image-2025-11-08-at-10.13.31-PM.jpeg,false
"Blue Gold Square Bottle with Giftbox, 10ml","10ml, Attar Bottles, Fancy Bottles",,*Note: the price is for bottle only please select and add perfume to the cart as well if you want perfume with the bottle *,,250,250,INR,true,https://alharamainperfumes.in/product/blue-gold-square-bottle-with-giftbox-10ml/,https://alharamainperfumes.in/wp-content/uploads/2022/01/IMG_5097-1-scaled.jpeg,false
"Blue Gold Circle Bottle with Giftbox, 6ml","6ml, Attar Bottles, Fancy Bottles",,*Note: the price is for bottle only please select and add perfume to the cart as well if you want perfume with the bottle *,,250,250,INR,true,https://alharamainperfumes.in/product/blue-gold-circle-bottle-with-giftbox-6ml/,https://alharamainperfumes.in/wp-content/uploads/2022/01/IMG_5095-scaled.jpeg,false
"Blue Gold Polygon Bottle with Giftbox, 6ml","6ml, Attar Bottles, Fancy Bottles",,*Note: the price is for bottle only please select and add perfume to the cart as well if you want perfume with the bottle *,,250,250,INR,true,https://alharamainperfumes.in/product/blue-gold-polygon-bottle-with-giftbox-6ml/,https://alharamainperfumes.in/wp-content/uploads/2022/01/IMG_5096-scaled.jpeg,false
"Blue Rectangle Bottle with Giftbox, 10ml","10ml, Attar Bottles, Fancy Bottles",,*Note: the price is for bottle only please select and add perfume to the cart as well if you want perfume with the bottle *,,250,250,INR,true,https://alharamainperfumes.in/product/blue-rectangle-bottle-with-giftbox-10ml/,https://alharamainperfumes.in/wp-content/uploads/2022/01/IMG_5094-scaled.jpeg,false
"Black Rectangle Bottle with Giftbox, 10ml","10ml, Attar Bottles, Fancy Bottles",,*Note: the price is for bottle only please select and add perfume to the cart as well if you want perfume with the bottle *,,250,250,INR,true,https://alharamainperfumes.in/product/black-rectangle-bottle-with-giftbox-10ml/,https://alharamainperfumes.in/wp-content/uploads/2022/01/IMG-5090-scaled.jpg,false
"Black Gold Square Bottle with Giftbox, 10ml","10ml, Attar Bottles, Fancy Bottles",,*Note: the price is for bottle only please select and add perfume to the cart as well if you want perfume with the bottle *,,250,250,INR,true,https://alharamainperfumes.in/product/black-gold-square-bottle-with-giftbox-10ml/,https://alharamainperfumes.in/wp-content/uploads/2022/01/IMG-5093-scaled.jpg,false
"Brown Rectangle Bottle with Giftbox, 10ml","10ml, Attar Bottles, Fancy Bottles",,*Note: the price is for bottle only please select and add perfume to the cart as well if you want perfume with the bottle *,,250,250,INR,true,https://alharamainperfumes.in/product/brown-rectangle-bottle-with-giftbox-10ml/,https://alharamainperfumes.in/wp-content/uploads/2022/01/IMG-5086-scaled.jpg,false
"Brown Gold Square Bottle with Giftbox, 10ml","10ml, Attar Bottles, Fancy Bottles",,*Note: the price is for bottle only please select and add perfume to the cart as well if you want perfume with the bottle *,,250,250,INR,true,https://alharamainperfumes.in/product/brown-gold-square-bottle-with-giftbox-10ml/,https://alharamainperfumes.in/wp-content/uploads/2022/01/IMG-5087-scaled.jpg,false
"Black Gold Circle Bottle with Giftbox, 6ml","6ml, Attar Bottles, Fancy Bottles",,*Note: the price is for bottle only please select and add perfume to the cart as well if you want perfume with the bottle *,,250,250,INR,true,https://alharamainperfumes.in/product/black-gold-circle-bottle-with-giftbox-6ml/,https://alharamainperfumes.in/wp-content/uploads/2022/01/IMG-5091-scaled.jpg,false
"Brown Gold Circle Bottle with Giftbox, 6ml","6ml, Attar Bottles, Fancy Bottles",,*Note: the price is for bottle only please select and add perfume to the cart as well if you want perfume with the bottle *,,250,250,INR,true,https://alharamainperfumes.in/product/brown-gold-circle-bottle-with-giftbox-6ml/,https://alharamainperfumes.in/wp-content/uploads/2022/01/IMG-5088-scaled.jpg,false
"Brown Gold Polygon Bottle with Giftbox, 6ml","6ml, Attar Bottles, Fancy Bottles",,*Note: the price is for bottle only please select and add perfume to the cart as well if you want perfume with the bottle *,,250,250,INR,true,https://alharamainperfumes.in/product/brown-gold-polygon-bottle-with-giftbox-6ml/,https://alharamainperfumes.in/wp-content/uploads/2022/01/IMG-5089-scaled.jpg,false
"Red Gold Polygon Bottle with Giftbox, 6ml","6ml, Attar Bottles, Fancy Bottles",,*Note: the price is for bottle only please select and add perfume to the cart as well if you want perfume with the bottle *,,250,250,INR,true,https://alharamainperfumes.in/product/red-gold-polygon-bottle-with-giftbox-6ml/,https://alharamainperfumes.in/wp-content/uploads/2022/01/IMG-5085-scaled.jpg,false
"Red Gold Circle Bottle with Giftbox, 6ml","6ml, Attar Bottles, Fancy Bottles",,*Note: the price is for bottle only please select and add perfume to the cart as well if you want perfume with the bottle *,,250,250,INR,true,https://alharamainperfumes.in/product/red-gold-circle-bottle-with-giftbox-6ml/,https://alharamainperfumes.in/wp-content/uploads/2022/01/IMG-5083-scaled.jpg,false
"Red Gold Square Bottle with Giftbox, 10ml","10ml, Attar Bottles, Fancy Bottles",,*Note: the price is for bottle only please select and add perfume to the cart as well if you want perfume with the bottle *,,250,250,INR,true,https://alharamainperfumes.in/product/red-gold-square-bottle-with-giftbox-10ml/,https://alharamainperfumes.in/wp-content/uploads/2022/01/IMG-5084-scaled.jpg,false
"Red Rectangle Bottle with Giftbox, 10ml","10ml, Attar Bottles, Fancy Bottles",,*Note: the price is for bottle only please select and add perfume to the cart as well if you want perfume with the bottle *,,250,250,INR,true,https://alharamainperfumes.in/product/red-rectangle-bottle-with-giftbox-10ml/,https://alharamainperfumes.in/wp-content/uploads/2022/01/IMG-5082-scaled.jpg,false
212 VIP Men for Men (Attar),"Clone Attar, French Attar, French Attars",,Created by Al Haramain Perfumes Hyderabad,"3 ml, 6 ml, 12 ml",100,400,INR,true,https://alharamainperfumes.in/product/212-vip-men-by-carolina-herrera-for-men-loose-attar-fragrance/,https://alharamainperfumes.in/wp-content/uploads/2025/09/WhatsApp-Image-2025-11-08-at-10.13.31-PM.jpeg,true
212 VIP Men (Perfume),"Clone Perfumes, French, French Perfumes",,Created by Al Haramain Perfumes Hyderabad,"10 ml, 25 ml, 50 ml, 100ml",100,800,INR,true,https://alharamainperfumes.in/product/212-vip-men-by-carolina-herrera-loose-perfume-fragrance/,https://alharamainperfumes.in/wp-content/uploads/2021/04/IMG_5374-scaled.jpg,true
Sacred Love by Ajm (Perfume),"Clone Perfumes, French","Base: , anchoring the fragrance with its sweet, earthy aroma","Sacred Love by Ajm Inspired Perfume Sacred Love pays tribute to the higher power of love that exists within us all. A floral woody fragrance for women, it brings together powerful and delicate ingredients in a venerable concoction. Citrus and floral notes create the perfume’s bright introduction, while jasmine, water lily, vetiver, sandalwood, and peach make up its fresh, aquatic heart. Ambergris is the lone base note, anchoring the fragrance with its sweet, earthy aroma. Inspired by Sacred Love by Ajm, Created by Al Haramain Perfumes Hyderabad.","10 ml, 25 ml, 50 ml, 100ml",100,800,INR,true,https://alharamainperfumes.in/product/sacred-love-by-ajm-loose-perfume-fragrance-2/,https://alharamainperfumes.in/wp-content/uploads/2021/04/IMG_5374-scaled.jpg,false
"White Design Perfume bottle with giftbox, 50ml","50ml, Fancy Bottles, Perfume Bottles",,*Note: the price is for bottle only please select and add perfume to the cart as well if you want perfume with the bottle *,,600,600,INR,true,https://alharamainperfumes.in/product/white-design-perfume-bottle-with-giftbox-50ml/,https://alharamainperfumes.in/wp-content/uploads/2022/01/IMG-5070-scaled.jpg,false
"Blue Design Perfume bottle with giftbox, 50ml","50ml, Fancy Bottles, Perfume Bottles",,*Note: the price is for bottle only please select and add perfume to the cart as well if you want perfume with the bottle *,,600,600,INR,true,https://alharamainperfumes.in/product/blue-design-perfume-bottle-with-giftbox-50ml/,https://alharamainperfumes.in/wp-content/uploads/2022/01/IMG-5051-scaled.jpg,false
"Red Design Perfume bottle with giftbox, 50ml","50ml, Fancy Bottles, Perfume Bottles",,*Note: the price is for bottle only please select and add perfume to the cart as well if you want perfume with the bottle *,,600,600,INR,true,https://alharamainperfumes.in/product/red-design-perfume-bottle-with-giftbox-50ml/,https://alharamainperfumes.in/wp-content/uploads/2022/01/IMG-5040-scaled.jpg,false
"Black Circle Gold Emblem Glass Perfume Bottle with giftbox, 50ml","50ml, Fancy Bottles, Perfume Bottles",,*Note: the price is for bottle only please select and add perfume to the cart as well if you want perfume with the bottle *,,600,600,INR,true,https://alharamainperfumes.in/product/black-circle-gold-emblem-glass-perfume-bottle-with-giftbox-50ml/,https://alharamainperfumes.in/wp-content/uploads/2022/01/IMG-5066-scaled.jpg,false
"Matte Black Circle Gold Emblem Glass Perfume Bottle with giftbox, 50ml","50ml, Fancy Bottles, Perfume Bottles",,*Note: the price is for bottle only please select and add perfume to the cart as well if you want perfume with the bottle *,,600,600,INR,true,https://alharamainperfumes.in/product/matte-black-circle-gold-emblem-glass-perfume-bottle-with-giftbox-50ml/,https://alharamainperfumes.in/wp-content/uploads/2022/01/IMG-5063-scaled.jpg,false
"Red Circle Gold Emblem Glass Perfume Bottle with giftbox, 50ml","50ml, Fancy Bottles, Perfume Bottles",,*Note: the price is for bottle only please select and add perfume to the cart as well if you want perfume with the bottle *,,600,600,INR,true,https://alharamainperfumes.in/product/red-circle-gold-emblem-glass-perfume-bottle-with-giftbox-50ml/,https://alharamainperfumes.in/wp-content/uploads/2022/01/IMG-5045-scaled.jpg,false
"Blue Circle Gold Emblem Glass Perfume Bottle with giftbox, 50ml","50ml, Fancy Bottles, Perfume Bottles",,*Note: the price is for bottle only please select and add perfume to the cart as well if you want perfume with the bottle *,,600,600,INR,true,https://alharamainperfumes.in/product/blue-circle-gold-emblem-glass-perfume-bottle-with-giftbox-50ml/,https://alharamainperfumes.in/wp-content/uploads/2022/01/IMG-5052-scaled.jpg,false
"Pink Circle Gold Emblem Glass Perfume Bottle with giftbox, 50ml","50ml, Fancy Bottles, Perfume Bottles",,*Note: the price is for bottle only please select and add perfume to the cart as well if you want perfume with the bottle *,,600,600,INR,true,https://alharamainperfumes.in/product/pink-circle-gold-emblem-glass-perfume-bottle-with-giftbox-50ml/,https://alharamainperfumes.in/wp-content/uploads/2022/01/IMG-5044-scaled.jpg,false
"Light Pink Circle Gold Emblem Glass Perfume Bottle with giftbox, 50ml","50ml, Fancy Bottles, Perfume Bottles",,*Note: the price is for bottle only please select and add perfume to the cart as well if you want perfume with the bottle *,,600,600,INR,true,https://alharamainperfumes.in/product/light-pink-circle-gold-emblem-glass-perfume-bottle-with-giftbox-50ml/,https://alharamainperfumes.in/wp-content/uploads/2022/01/IMG-5046-scaled.jpg,false
"Light Blue Circle Gold Emblem Glass Perfume Bottle with giftbox, 50ml","50ml, Fancy Bottles, Perfume Bottles",,*Note: the price is for bottle only please select and add perfume to the cart as well if you want perfume with the bottle *,,600,600,INR,true,https://alharamainperfumes.in/product/orange-circle-gold-emblem-glass-perfume-bottle-with-giftbox-50ml/,https://alharamainperfumes.in/wp-content/uploads/2022/01/IMG-5049-scaled.jpg,false
"Gold Circle Gold Emblem Glass Perfume Bottle with giftbox, 50ml","50ml, Fancy Bottles, Perfume Bottles",,*Note: the price is for bottle only please select and add perfume to the cart as well if you want perfume with the bottle *,,600,600,INR,true,https://alharamainperfumes.in/product/gold-circle-gold-emblem-glass-perfume-bottle-with-giftbox-50ml/,https://alharamainperfumes.in/wp-content/uploads/2022/01/IMG-5071-scaled.jpg,false
"White Circle Gold Emblem Glass Perfume Bottle with giftbox, 50ml","50ml, Fancy Bottles, Perfume Bottles",,*Note: the price is for bottle only please select and add perfume to the cart as well if you want perfume with the bottle *,,600,600,INR,true,https://alharamainperfumes.in/product/white-circle-gold-emblem-glass-perfume-bottle-with-giftbox-50ml/,https://alharamainperfumes.in/wp-content/uploads/2022/01/IMG-5069-scaled.jpg,false
"Green Circle Gold Emblem Glass Perfume Bottle with giftbox, 50ml","50ml, Fancy Bottles, Perfume Bottles",,*Note: the price is for bottle only please select and add perfume to the cart as well if you want perfume with the bottle *,,600,600,INR,true,https://alharamainperfumes.in/product/green-circle-gold-emblem-glass-perfume-bottle-with-giftbox-50ml/,https://alharamainperfumes.in/wp-content/uploads/2022/01/IMG-5073-scaled.jpg,false
"Brown Circle Gold Emblem Glass Perfume Bottle with giftbox, 50ml","50ml, Fancy Bottles, Perfume Bottles",,*Note: the price is for bottle only please select and add perfume to the cart as well if you want perfume with the bottle *,,600,600,INR,true,https://alharamainperfumes.in/product/brown-circle-gold-emblem-glass-perfume-bottle-with-giftbox-50ml/,https://alharamainperfumes.in/wp-content/uploads/2022/01/IMG-5072-scaled.jpg,false
50ml VIP Blue Perfume Bottle with giftbox,"50ml, Fancy Bottles, Perfume Bottles",,Created by Al Haramain Perfumes Hyderabad,,400,400,INR,true,https://alharamainperfumes.in/product/50ml-vip-blue-perfume-bottle-with-giftbox/,https://alharamainperfumes.in/wp-content/uploads/2022/01/IMG_3597-scaled.jpeg,false
50ml VIP Red Perfume Bottle with giftbox,"50ml, Fancy Bottles, Perfume Bottles",,Created by Al Haramain Perfumes Hyderabad,,400,400,INR,true,https://alharamainperfumes.in/product/50ml-vip-red-perfume-bottle-with-giftbox/,https://alharamainperfumes.in/wp-content/uploads/2022/01/IMG_3592-scaled.jpeg,false
50ml VIP Black Perfume Bottle with giftbox,"50ml, Fancy Bottles, Perfume Bottles",,Created by Al Haramain Perfumes Hyderabad,,400,400,INR,true,https://alharamainperfumes.in/product/50ml-vip-black-perfume-bottle-with-giftbox/,https://alharamainperfumes.in/wp-content/uploads/2022/01/IMG_3598-scaled.jpeg,false
Dehnal Oud Ameeri by Al Haramain (Attar),"Arabic Attar, Clone Attar, Premium Attars",,Dehnal Oud Ameeri by Al Haramain Created by Al Haramain Perfumes Hyderabad.,"3 ml, 6 ml, 12 ml",4500,18000,INR,true,https://alharamainperfumes.in/product/dehnal-oud-ameeri-by-al-haramain-loose-attar-fragrance/,https://alharamainperfumes.in/wp-content/uploads/2025/09/WhatsApp-Image-2025-11-08-at-10.13.31-PM.jpeg,false
Daehnal Oud Seufi Super by Al Haramain (Attar),"Arabic Attar, Clone Attar, Premium Attars",,Daehnal Oud Seufi Super by Al Haramain Created by Al Haramain Perfumes Hyderabad.,"3 ml, 6 ml, 12 ml",4500,18000,INR,true,https://alharamainperfumes.in/product/daehnal-oud-seufi-super-by-al-haramain-loose-attar-fragrance/,https://alharamainperfumes.in/wp-content/uploads/2025/09/WhatsApp-Image-2025-11-08-at-10.13.31-PM.jpeg,false
Daehnal Oud Seufi by Al Haramain (Attar),"Arabic Attar, Clone Attar, Premium Attars",,Daehnal Oud Seufi by Al Haramain Created by Al Haramain Perfumes Hyderabad.,"3 ml, 6 ml, 12 ml",3000,12000,INR,false,https://alharamainperfumes.in/product/daehnal-oud-seufi-by-al-haramain-loose-attar-fragrance/,https://alharamainperfumes.in/wp-content/uploads/2025/09/WhatsApp-Image-2025-11-08-at-10.13.31-PM.jpeg,false
Daehnal Oud Qadeem by Al Haramain (Attar),"Arabic Attar, Clone Attar, Premium Attars",,Daehnal Oud Qadeem by Al Haramain Created by Al Haramain Perfumes Hyderabad.,"3 ml, 6 ml, 12 ml",4000,16000,INR,true,https://alharamainperfumes.in/product/daehnal-oud-qadeem-by-al-haramain-loose-attar-fragrance/,https://alharamainperfumes.in/wp-content/uploads/2025/09/WhatsApp-Image-2025-11-08-at-10.13.31-PM.jpeg,false
Oud Ward Hindi by Al Haramain (Attar),"Arabic Attar, Clone Attar, Premium Attars",,Oud Ward Hindi by Al Haramain Created by Al Haramain Perfumes Hyderabad.,"3 ml, 6 ml, 12 ml",500,2000,INR,false,https://alharamainperfumes.in/product/oud-ward-hindi-by-al-haramain-loose-attar-fragrance/,https://alharamainperfumes.in/wp-content/uploads/2025/09/WhatsApp-Image-2025-11-08-at-10.13.31-PM.jpeg,false
Ahlaam Super by Al Haramain (Attar),"Arabic Attar, Arabic Attars, Best Selling, Clone Attar, Premium Attars",,Created by Al Haramain Perfumes Hyderabad,"3 ml, 6 ml, 12 ml",500,2000,INR,false,https://alharamainperfumes.in/product/ahlaam-super-by-al-haramain-loose-attar-fragrance/,https://alharamainperfumes.in/wp-content/uploads/2025/09/WhatsApp-Image-2025-11-08-at-10.13.31-PM.jpeg,true
Wow Oud Super by Al Haramain (Attar),"Arabic Attar, Arabic Attars, Best Selling, Clone Attar, Premium Attars",,Wow Oud Super by Al Haramain wow oud Super is an Amber Woody fragrance with sweet and attractive arabian touch. Created by Al Haramain Perfumes Hyderabad.,"3 ml, 6 ml, 12 ml",500,2000,INR,true,https://alharamainperfumes.in/product/wow-oud-super-by-al-haramain-loose-attar-fragrance/,https://alharamainperfumes.in/wp-content/uploads/2025/09/WhatsApp-Image-2025-11-08-at-10.13.31-PM.jpeg,true
Oud Wisal Super by Al Haramain (Attar),"Arabic Attar, Clone Attar, Premium Attars",Top: that intermingle with a spicy and woody heart of sandalwood,"Wisal by Al Haramain Wisal It opens with refreshing floral top notes that intermingle with a spicy and woody heart of sandalwood. A warm base composed of rose and musk rounds out a contemporary perfume that is trendy, soothing and utterly captivating. Created by Al Haramain Perfumes Hyderabad.","3 ml, 6 ml, 12 ml",500,2000,INR,true,https://alharamainperfumes.in/product/oud-wisal-super-by-al-haramain-loose-attar-fragrance/,https://alharamainperfumes.in/wp-content/uploads/2025/09/WhatsApp-Image-2025-11-08-at-10.13.31-PM.jpeg,false
Coco Mademoiselle(Attar),"Clone Attar, French Attar","Top: are Orange, Mandarin Orange, Bergamot, and Orange Blossom; middle notes are Turkish Rose, Jasmine, Mimosa, and Ylang-Ylang; base notes are Patchouli, White Musk, Vanilla, Vetiver, Tonka Bean, and Opoponax | Middle: are Turkish Rose, Jasmine, Mimosa, and Ylang-Ylang; base notes are Patchouli, White Musk, Vanilla, Vetiver, Tonka Bean, and Opoponax | Base: are Patchouli, White Musk, Vanilla, Vetiver, Tonka Bean, and Opoponax","Coco Mademoiselle Inspired Attar Coco Mademoiselle is an Amber Floral fragrance launched in 2001. The nose behind this fragrance is Jacques Polge. The top notes are Orange, Mandarin Orange, Bergamot, and Orange Blossom; middle notes are Turkish Rose, Jasmine, Mimosa, and Ylang-Ylang; base notes are Patchouli, White Musk, Vanilla, Vetiver, Tonka Bean, and Opoponax. Inspired by Coco Mademoiselle , Created by Al Haramain Perfumes Hyderabad.","3 ml, 6 ml, 12 ml",100,400,INR,true,https://alharamainperfumes.in/product/coco-mademoiselle-by-chanel-loose-attar-fragrance/,https://alharamainperfumes.in/wp-content/uploads/2025/09/WhatsApp-Image-2025-11-08-at-10.13.31-PM.jpeg,false
Coco Mademoiselle (Perfume),"Clone Perfumes, French, French Perfumes","Top: are Orange, Mandarin Orange, Bergamot, and Orange Blossom; middle notes are Turkish Rose, Jasmine, Mimosa, and Ylang-Ylang; base notes are Patchouli, White Musk, Vanilla, Vetiver, Tonka Bean, and Opoponax | Middle: are Turkish Rose, Jasmine, Mimosa, and Ylang-Ylang; base notes are Patchouli, White Musk, Vanilla, Vetiver, Tonka Bean, and Opoponax | Base: are Patchouli, White Musk, Vanilla, Vetiver, Tonka Bean, and Opoponax","Coco Mademoiselle Inspired Perfume Coco Mademoiselle is an Amber Floral fragrance launched in 2001. The nose behind this fragrance is Jacques Polge. The top notes are Orange, Mandarin Orange, Bergamot, and Orange Blossom; middle notes are Turkish Rose, Jasmine, Mimosa, and Ylang-Ylang; base notes are Patchouli, White Musk, Vanilla, Vetiver, Tonka Bean, and Opoponax. Inspired by Coco Mademoiselle Created by Al Haramain Perfumes Hyderabad.","10 ml, 25 ml, 50 ml, 100ml",100,800,INR,true,https://alharamainperfumes.in/product/coco-mademoiselle-by-chanel-loose-perfume-fragrance/,https://alharamainperfumes.in/wp-content/uploads/2021/04/IMG_5374-scaled.jpg,true
K by D & G (Attar),"Clone Attar, French Attar","Top: are Blood Orange, Juniper Berries, Pimento, Lemon, Sicilian Lemon and Cardamom; middle notes are Fig Nectar, Lavender, Geranium and Clary Sage; base notes are Cedar, Patchouli, Cypriol Oil or Nagarmotha and Vetiver | Middle: are Fig Nectar, Lavender, Geranium and Clary Sage; base notes are Cedar, Patchouli, Cypriol Oil or Nagarmotha and Vetiver | Base: are Cedar, Patchouli, Cypriol Oil or Nagarmotha and Vetiver","K by D&G Inspired Attar K by D&G is a Woody Spicy fragrance This is a new fragrance launched in 2020. Top notes are Blood Orange, Juniper Berries, Pimento, Lemon, Sicilian Lemon and Cardamom; middle notes are Fig Nectar, Lavender, Geranium and Clary Sage; base notes are Cedar, Patchouli, Cypriol Oil or Nagarmotha and Vetiver. Inspired by K by D&G, Created by Al Haramain Perfumes Hyderabad.","3 ml, 6 ml, 12 ml",100,400,INR,false,https://alharamainperfumes.in/product/k-by-dg-loose-attar-fragrance/,https://alharamainperfumes.in/wp-content/uploads/2025/09/WhatsApp-Image-2025-11-08-at-10.13.31-PM.jpeg,false
K by D&G (Perfume),"Clone Perfumes, French","Top: are Blood Orange, Juniper Berries, Pimento, Lemon, Sicilian Lemon and Cardamom; middle notes are Fig Nectar, Lavender, Geranium and Clary Sage; base notes are Cedar, Patchouli, Cypriol Oil or Nagarmotha and Vetiver | Middle: are Fig Nectar, Lavender, Geranium and Clary Sage; base notes are Cedar, Patchouli, Cypriol Oil or Nagarmotha and Vetiver | Base: are Cedar, Patchouli, Cypriol Oil or Nagarmotha and Vetiver","K by D&G Inspired Perfume K by D&G is a Woody Spicy fragrance This is a new fragrance launched in 2020. Top notes are Blood Orange, Juniper Berries, Pimento, Lemon, Sicilian Lemon and Cardamom; middle notes are Fig Nectar, Lavender, Geranium and Clary Sage; base notes are Cedar, Patchouli, Cypriol Oil or Nagarmotha and Vetiver. Inspired by K by D&G, Created by Al Haramain Perfumes Hyderabad.","10 ml, 25 ml, 50 ml, 100ml",100,800,INR,false,https://alharamainperfumes.in/product/k-by-dg-loose-perfume-fragrance/,https://alharamainperfumes.in/wp-content/uploads/2021/04/IMG_5374-scaled.jpg,false
Drakkar Noir (Attar),"Clone Attar, French Attar","Top: are Lavender, Lemon, Mint, Bergamot, Rosemary, Lemon Verbena, Basil and Artemisia; middle notes are Juniper, Coriander, Wormwood, Cinnamon, Angelica, Carnation and Jasmine; base notes are Oakmoss, Leather, Fir, Pine Tree Needles, Sandalwood, Vetiver, Patchouli, Cedar, Amber, and resins | Middle: are Juniper, Coriander, Wormwood, Cinnamon, Angelica, Carnation and Jasmine; base notes are Oakmoss, Leather, Fir, Pine Tree Needles, Sandalwood, Vetiver, Patchouli, Cedar, Amber, and resins | Base: are Oakmoss, Leather, Fir, Pine Tree Needles, Sandalwood, Vetiver, Patchouli, Cedar, Amber, and resins","Drakkar Noir Inspired Attar Drakkar Noir is a Aromatic Fougere fragrance for men. Drakkar Noir was launched in 1982. The nose behind this fragrance is Pierre Wargnye. Top notes are Lavender, Lemon, Mint, Bergamot, Rosemary, Lemon Verbena, Basil and Artemisia; middle notes are Juniper, Coriander, Wormwood, Cinnamon, Angelica, Carnation and Jasmine; base notes are Oakmoss, Leather, Fir, Pine Tree Needles, Sandalwood, Vetiver, Patchouli, Cedar, Amber, and resins. Inspired by Drakkar Noir, Created by Al Haramain Perfumes Hyderabad.","3 ml, 6 ml, 12 ml",100,400,INR,true,https://alharamainperfumes.in/product/drakkar-noir-loose-attar-fragrance/,https://alharamainperfumes.in/wp-content/uploads/2025/09/WhatsApp-Image-2025-11-08-at-10.13.31-PM.jpeg,false
Drakkar Noir (Perfume),"Clone Perfumes, French","Top: are Lavender, Lemon, Mint, Bergamot, Rosemary, Lemon Verbena, Basil and Artemisia; middle notes are Juniper, Coriander, Wormwood, Cinnamon, Angelica, Carnation and Jasmine; base notes are Oakmoss, Leather, Fir, Pine Tree Needles, Sandalwood, Vetiver, Patchouli, Cedar, Amber, and resins | Middle: are Juniper, Coriander, Wormwood, Cinnamon, Angelica, Carnation and Jasmine; base notes are Oakmoss, Leather, Fir, Pine Tree Needles, Sandalwood, Vetiver, Patchouli, Cedar, Amber, and resins | Base: are Oakmoss, Leather, Fir, Pine Tree Needles, Sandalwood, Vetiver, Patchouli, Cedar, Amber, and resins","Drakkar Noir Inspired Perfume Drakkar Noir is a Aromatic Fougere fragrance for men. Drakkar Noir was launched in 1982. The nose behind this fragrance is Pierre Wargnye. Top notes are Lavender, Lemon, Mint, Bergamot, Rosemary, Lemon Verbena, Basil and Artemisia; middle notes are Juniper, Coriander, Wormwood, Cinnamon, Angelica, Carnation and Jasmine; base notes are Oakmoss, Leather, Fir, Pine Tree Needles, Sandalwood, Vetiver, Patchouli, Cedar, Amber, and resins. Inspired by Drakkar Noir, Created by Al Haramain Perfumes Hyderabad.","10 ml, 25 ml, 50 ml, 100ml",100,800,INR,true,https://alharamainperfumes.in/product/drakkar-noir-loose-perfume-fragrance/,https://alharamainperfumes.in/wp-content/uploads/2021/04/IMG_5374-scaled.jpg,false
Muqallat al oud by Rasa (Attar),"Arabic Attar, Arabic Attars, Clone Attar","Top: are Geranium, Bergamot, and Sea Notes; middle notes are Rose, Violet, and White Flowers; base notes are Sandalwood, Amber, Praline, Patchouli, Musk, and Cypress | Middle: are Rose, Violet, and White Flowers; base notes are Sandalwood, Amber, Praline, Patchouli, Musk, and Cypress | Base: are Sandalwood, Amber, Praline, Patchouli, Musk, and Cypress","Oud Muqallat by Rasa Inspired Attar Mukhallat Al Oudh by Rasa is a Floral Woody Musk fragrance for women. Top notes are Geranium, Bergamot, and Sea Notes; middle notes are Rose, Violet, and White Flowers; base notes are Sandalwood, Amber, Praline, Patchouli, Musk, and Cypress. Inspired by Oud Muqallat by Rasa, Created by Al Haramain Perfumes Hyderabad.","3 ml, 6 ml, 12 ml",100,400,INR,false,https://alharamainperfumes.in/product/oud-muqallat-by-rasasi-loose-attar-fragrance/,https://alharamainperfumes.in/wp-content/uploads/2025/09/WhatsApp-Image-2025-11-08-at-10.13.31-PM.jpeg,true
Muqallat Al Oud by Rasa (Perfume),"Arabic Perfumes, Clone Perfumes","Top: are Geranium, Bergamot, and Sea Notes; middle notes are Rose, Violet, and White Flowers; base notes are Sandalwood, Amber, Praline, Patchouli, Musk, and Cypress | Middle: are Rose, Violet, and White Flowers; base notes are Sandalwood, Amber, Praline, Patchouli, Musk, and Cypress | Base: are Sandalwood, Amber, Praline, Patchouli, Musk, and Cypress","Oud Muqallat by Rasa Inspired Attar Mukhallat Al Oudh by Rasa is a Floral Woody Musk fragrance for women. Top notes are Geranium, Bergamot, and Sea Notes; middle notes are Rose, Violet, and White Flowers; base notes are Sandalwood, Amber, Praline, Patchouli, Musk, and Cypress. Inspired by Oud Muqallat by Rasa, Created by Al Haramain Perfumes Hyderabad.","10 ml, 25 ml, 50 ml, 100ml",100,800,INR,false,https://alharamainperfumes.in/product/oud-muqallat-by-rasasi-loose-perfume-fragrance/,https://alharamainperfumes.in/wp-content/uploads/2021/04/IMG_5374-scaled.jpg,true
V Dylan Blue (Perfume),"Best Selling, Clone Perfumes, French, French Perfumes",,"V Dylan Blue by V Inspired Perfume Inspired by V Dylan Blue by V, Created by Al Haramain Perfumes Hyderabad.","10 ml, 25 ml, 50 ml, 100ml",100,800,INR,true,https://alharamainperfumes.in/product/v-dylan-blue-by-v-for-men-loose-perfume-fragrance/,https://alharamainperfumes.in/wp-content/uploads/2021/04/IMG_5374-scaled.jpg,true
Invictus Onyx (Attar),"Best Selling, Clone Attar, French Attar, French Attars","Top: are Sea Notes, Grapefruit, and Mandarin Orange; middle notes are Jasmine and Laurels; base notes are Ambergris, Patchouli, Guaiac Wood, and Moss | Middle: are Jasmine and Laurels; base notes are Ambergris, Patchouli, Guaiac Wood, and Moss | Base: are Ambergris, Patchouli, Guaiac Wood, and Moss","Invictus Onyx Inspired Attar Invictus Onyx is a fragrance that was launched in 2020. Invictus Onyx Collector Edition was created by Veronique Nyberg, Anne Flipo, Dominique Ropion, and Olivier Polge. The top notes are Sea Notes, Grapefruit, and Mandarin Orange; middle notes are Jasmine and Laurels; base notes are Ambergris, Patchouli, Guaiac Wood, and Moss. Inspired by Invictus Onyx. Created by Al Haramain Perfumes Hyderabad.","3 ml, 6 ml, 12 ml",100,400,INR,true,https://alharamainperfumes.in/product/invictus-onyx-by-paco-rabanne-loose-attar-fragrance/,https://alharamainperfumes.in/wp-content/uploads/2025/09/WhatsApp-Image-2025-11-08-at-10.13.31-PM.jpeg,true
Invictus Onyx (Perfume),"Best Selling, Clone Perfumes, French, French Perfumes","Top: are Sea Notes, Grapefruit, and Mandarin Orange; middle notes are Jasmine and Laurels; base notes are Ambergris, Patchouli, Guaiac Wood, and Moss | Middle: are Jasmine and Laurels; base notes are Ambergris, Patchouli, Guaiac Wood, and Moss | Base: are Ambergris, Patchouli, Guaiac Wood, and Moss","Invictus Onyx Inspired Perfume Invictus Onyx is a fragrance that was launched in 2020. Invictus Onyx Collector Edition was created by Veronique Nyberg, Anne Flipo, Dominique Ropion, and Olivier Polge. The top notes are Sea Notes, Grapefruit, and Mandarin Orange; middle notes are Jasmine and Laurels; base notes are Ambergris, Patchouli, Guaiac Wood, and Moss. Inspired by Invictus Onyx. Created by Al Haramain Perfumes Hyderabad.","10 ml, 25 ml, 50 ml, 100ml",100,800,INR,true,https://alharamainperfumes.in/product/nautica-voyage-nautica-for-menloose-perfume-fragrance-2-4/,https://alharamainperfumes.in/wp-content/uploads/2021/04/IMG_5374-scaled.jpg,true
Shuhrah Scented Bakhoor Sticks,Bakhoor & Oud,,"Sandal and Oudh Scented Sticks are regarded as some of the finest Scented. These Scented have light delicate fragrances of nature. This exotic fragrance provides the key to unlock the benefits of aromatherapy, to create an uplifting or enhancing mood or environmental effect. Use of Scented promotes longevity, harmonizes the psycho-physical constitution, and enhances mental focus. It is preferred over aerosol air fresheners.","10grams, 50grams, 100grams",100,800,INR,true,https://alharamainperfumes.in/product/shuhrah-scented-bakhoor-sticks/,https://alharamainperfumes.in/wp-content/uploads/2021/04/image-scaled.png,false
Sandal Maliki (Attar),"Clone Attar, Indian Attar, Premium Attars",,Sandal Maliki Created by Al Haramain Perfumes Hyderabad.,"3 ml, 6 ml, 12 ml",650,2500,INR,true,https://alharamainperfumes.in/product/sandal-maliki-loose-attar-fragrance/,https://alharamainperfumes.in/wp-content/uploads/2025/09/WhatsApp-Image-2025-11-08-at-10.13.31-PM.jpeg,false
Mont White Oud by Al Haramain (Attar),"Arabic Attar, Arabic Attars, Best Selling, Clone Attar",,White Oud by Al Haramain White oud is a Floral Woody Musk fragrance. This is the most delicate and subtle aroma we can expect from oud. The powdery and slightly medicinal dry opening of oud leads to soft floral and warm spicy hearts. Created by Al Haramain Perfumes Hyderabad.,"3 ml, 6 ml, 12 ml",150,600,INR,true,https://alharamainperfumes.in/product/mont-white-oud-by-al-haramain-loose-attar-fragrance/,https://alharamainperfumes.in/wp-content/uploads/2025/09/WhatsApp-Image-2025-11-08-at-10.13.31-PM.jpeg,true
Ultra Blue for Men (Perfume),French Perfumes,,Ultra Blue Created by Al Haramain Perfumes Hyderabad.,"10 ml, 25 ml, 50 ml, 100ml",100,800,INR,true,https://alharamainperfumes.in/product/ultra-blue-for-men-loose-perfume-fragrance/,https://alharamainperfumes.in/wp-content/uploads/2021/04/IMG_5374-scaled.jpg,true
One for Men and Women (Attar),"Best Selling, Clone Attar, French Attar, French Attars",,,"3 ml, 6 ml, 12 ml",100,400,INR,true,https://alharamainperfumes.in/product/one-for-men-and-women-loose-attar-fragrance/,https://alharamainperfumes.in/wp-content/uploads/2025/09/WhatsApp-Image-2025-11-08-at-10.13.31-PM.jpeg,true
Air Freshener (212) -200ml,Air Freshener,,Created by Al Haramain Perfumes Hyderabad,,400,400,INR,false,https://alharamainperfumes.in/product/air-freshener-212-200ml/,https://alharamainperfumes.in/wp-content/uploads/2021/04/IMG_5394-scaled.jpg,false
Air Freshener (Sehra) -200ml,Air Freshener,,Created by Al Haramain Perfumes Hyderabad,,400,400,INR,false,https://alharamainperfumes.in/product/air-freshener-sehra-200ml/,https://alharamainperfumes.in/wp-content/uploads/2021/04/IMG_5394-scaled.jpg,false
Air Freshener (Sensation) -200ml,Air Freshener,,Created by Al Haramain Perfumes Hyderabad,,400,400,INR,true,https://alharamainperfumes.in/product/air-freshener-sensation-200ml/,https://alharamainperfumes.in/wp-content/uploads/2021/04/IMG_5394-scaled.jpg,false
Air Freshener (V eau fraiche) -200ml,Air Freshener,,Created by Al Haramain Perfumes Hyderabad,,400,400,INR,true,https://alharamainperfumes.in/product/air-freshener-v-eau-fraiche-200ml/,https://alharamainperfumes.in/wp-content/uploads/2021/04/IMG_5394-scaled.jpg,false
Air Freshener (Areej) -200ml,Air Freshener,,Created by Al Haramain Perfumes Hyderabad,,400,400,INR,true,https://alharamainperfumes.in/product/air-freshener-areej-200ml/,https://alharamainperfumes.in/wp-content/uploads/2021/04/IMG_5394-scaled.jpg,false
Air Freshener (One million lucky) -200ml,Air Freshener,,Created by Al Haramain Perfumes Hyderabad,,400,400,INR,true,https://alharamainperfumes.in/product/air-freshener-one-million-lucky-200ml/,https://alharamainperfumes.in/wp-content/uploads/2021/04/IMG_5394-scaled.jpg,false
Air Freshener (Sabaya) -200ml,Air Freshener,,Created by Al Haramain Perfumes Hyderabad,,400,400,INR,true,https://alharamainperfumes.in/product/air-freshener-sabaya-200ml/,https://alharamainperfumes.in/wp-content/uploads/2021/04/IMG_5394-scaled.jpg,false
Air Freshener (Bombshell) -200ml,Air Freshener,,Created by Al Haramain Perfumes Hyderabad,,400,400,INR,true,https://alharamainperfumes.in/product/air-freshener-bombshell-200ml/,https://alharamainperfumes.in/wp-content/uploads/2021/04/IMG_5394-scaled.jpg,false
Air Freshener (Royal Sultan) -200ml,Air Freshener,,Created by Al Haramain Perfumes Hyderabad,,400,400,INR,true,https://alharamainperfumes.in/product/air-freshener-royal-sultan-200ml/,https://alharamainperfumes.in/wp-content/uploads/2021/04/IMG_5394-scaled.jpg,false
Air Freshener (Ameer Al Oud) -200ml,Air Freshener,,Created by Al Haramain Perfumes Hyderabad,,600,600,INR,true,https://alharamainperfumes.in/product/air-freshener-ameer-al-oud-200ml/,https://alharamainperfumes.in/wp-content/uploads/2021/04/IMG_5394-scaled.jpg,false
Deer Musk Nafa (Perfume),"Clone Perfumes, Indian, Premium Perfumes",,Deer Musk Nafa Created by Al Haramain Perfumes Hyderabad.,"10 ml, 25 ml, 50 ml, 100ml",750,3000,INR,true,https://alharamainperfumes.in/product/deer-musk-nafa-loose-perfume-fragrance/,https://alharamainperfumes.in/wp-content/uploads/2021/04/IMG_5374-scaled.jpg,false
Deer Musk Nafa (Attar),"Arabic Attar, Clone Attar, Premium Attars",,Deer Musk Nafa Created by Al Haramain Perfumes Hyderabad.,"3 ml, 6 ml, 12 ml",1100,4500,INR,true,https://alharamainperfumes.in/product/deer-musk-nafa-loose-attar-fragrance/,https://alharamainperfumes.in/wp-content/uploads/2025/09/WhatsApp-Image-2025-11-08-at-10.13.31-PM.jpeg,false
Oud Muqallat (Perfume),"Arabic Perfumes, Clone Perfumes, Premium Perfumes",,Oud Muqallat Created by Al Haramain Perfumes Hyderabad.,"10 ml, 25 ml, 50 ml, 100ml",200,1500,INR,true,https://alharamainperfumes.in/product/oud-muqallat-loose-perfume-fragrance/,https://alharamainperfumes.in/wp-content/uploads/2021/04/IMG_5374-scaled.jpg,true
Oud Muqallat (Attar),"Arabic Attar, Arabic Attars, Clone Attar, Premium Attars",,Oud Muqallat Created by Al Haramain Perfumes Hyderabad.,"3 ml, 6 ml, 12 ml",600,1200,INR,true,https://alharamainperfumes.in/product/oud-muqallat-loose-attar-fragrance/,https://alharamainperfumes.in/wp-content/uploads/2025/09/WhatsApp-Image-2025-11-08-at-10.13.31-PM.jpeg,true
Essentric Molecule 02 (Attar),"Clone Attar, French Attar",,Essentric Molecule Created by Al Haramain Perfumes Hyderabad.,"3 ml, 6 ml, 12 ml",150,600,INR,true,https://alharamainperfumes.in/product/essentric-molecule-loose-attar-fragrance/,https://alharamainperfumes.in/wp-content/uploads/2025/09/WhatsApp-Image-2025-11-08-at-10.13.31-PM.jpeg,false
Essentric Molecule 02 (Perfume),"Clone Perfumes, French, Premium Perfumes",,Essentric Molecule Created by Al Haramain Perfumes Hyderabad.,"10 ml, 25 ml, 50 ml, 100ml",150,1200,INR,true,https://alharamainperfumes.in/product/essentric-molecule-loose-perfume-fragrance/,https://alharamainperfumes.in/wp-content/uploads/2021/04/IMG_5374-scaled.jpg,false
Mineral oud (Perfume),"Clone Perfumes, Premium Perfumes",,Mineral oud Created by Al Haramain Perfumes Hyderabad.,"10 ml, 25 ml, 50 ml, 100ml",150,1200,INR,false,https://alharamainperfumes.in/product/mineral-oud-loose-perfume-fragrance/,https://alharamainperfumes.in/wp-content/uploads/2021/04/IMG_5374-scaled.jpg,false
Mineral oud (Attar),"Arabic Attar, Clone Attar",,Mineral oud Created by Al Haramain Perfumes Hyderabad.,"3 ml, 6 ml, 12 ml",150,600,INR,false,https://alharamainperfumes.in/product/mineral-oud-loose-attar-fragrance/,https://alharamainperfumes.in/wp-content/uploads/2025/09/WhatsApp-Image-2025-11-08-at-10.13.31-PM.jpeg,false
Musk Rose clone (Attar),"Clone Attar, French Attar",,Musk rose clone Created by Al Haramain Perfumes Hyderabad.,"3 ml, 6 ml, 12 ml",100,400,INR,true,https://alharamainperfumes.in/product/musk-rose-clone-loose-attar-fragrance/,https://alharamainperfumes.in/wp-content/uploads/2025/09/WhatsApp-Image-2025-11-08-at-10.13.31-PM.jpeg,false
Musk Rose clone (Perfume),"Clone Perfumes, French, Premium Perfumes",,Musk rose clone Created by Al Haramain Perfumes Hyderabad.,"10 ml, 25 ml, 50 ml, 100ml",150,1200,INR,true,https://alharamainperfumes.in/product/musk-rose-clone-loose-perfume-fragrance/,https://alharamainperfumes.in/wp-content/uploads/2021/04/IMG_5374-scaled.jpg,false
Guess Man (Perfume),"Clone Perfumes, French",,Guess Man Created by Al Haramain Perfumes Hyderabad.,"10 ml, 25 ml, 50 ml, 100ml",100,800,INR,true,https://alharamainperfumes.in/product/guess-man-loose-perfume-fragrance/,https://alharamainperfumes.in/wp-content/uploads/2021/04/IMG_5374-scaled.jpg,false
Guess Man (Attar),"Clone Attar, French Attar",,Guess Man Created by Al Haramain Perfumes Hyderabad.,"3 ml, 6 ml, 12 ml",100,400,INR,true,https://alharamainperfumes.in/product/guess-man-loose-attar-fragrance/,https://alharamainperfumes.in/wp-content/uploads/2025/09/WhatsApp-Image-2025-11-08-at-10.13.31-PM.jpeg,false
I.M pour homme intense (Attar),"Clone Attar, French Attar, French Attars",,I.M pour homme intense Created by Al Haramain Perfumes Hyderabad.,"3 ml, 6 ml, 12 ml",150,600,INR,true,https://alharamainperfumes.in/product/i-m-intense-loose-attar-fragrance/,https://alharamainperfumes.in/wp-content/uploads/2025/09/WhatsApp-Image-2025-11-08-at-10.13.31-PM.jpeg,true
I.M pour homme intense (Perfume),"Clone Perfumes, French, French Perfumes, Premium Perfumes",,I.M intense Created by Al Haramain Perfumes Hyderabad.,"10 ml, 25 ml, 50 ml, 100ml",150,1200,INR,true,https://alharamainperfumes.in/product/i-m-intense-loose-perfume-fragrance/,https://alharamainperfumes.in/wp-content/uploads/2021/04/IMG_5374-scaled.jpg,true
Golden x (Perfume),"Clone Perfumes, Indian",,Golden x Created by Al Haramain Perfumes Hyderabad.,"10 ml, 25 ml, 50 ml, 100ml",100,800,INR,true,https://alharamainperfumes.in/product/golden-x-loose-perfume-fragrance/,https://alharamainperfumes.in/wp-content/uploads/2021/04/IMG_5374-scaled.jpg,false
Golden x (Attar),"Clone Attar, Indian Attar",,Golden x Created by Al Haramain Perfumes Hyderabad.,"3 ml, 6 ml, 12 ml",75,300,INR,true,https://alharamainperfumes.in/product/golden-x-loose-attar-fragrance/,https://alharamainperfumes.in/wp-content/uploads/2025/09/WhatsApp-Image-2025-11-08-at-10.13.31-PM.jpeg,false
Fawakee (Perfume),"Clone Perfumes, Indian",,Fawakee Created by Al Haramain Perfumes Hyderabad.,"10 ml, 25 ml, 50 ml, 100ml",100,800,INR,true,https://alharamainperfumes.in/product/fawakee-loose-perfume-fragrance/,https://alharamainperfumes.in/wp-content/uploads/2021/04/IMG_5374-scaled.jpg,false
Fawakee (Attar),"Clone Attar, Indian Attar",,Fawakee Created by Al Haramain Perfumes Hyderabad.,"3 ml, 6 ml, 12 ml",75,300,INR,true,https://alharamainperfumes.in/product/fawakee-loose-attar-fragrance/,https://alharamainperfumes.in/wp-content/uploads/2025/09/WhatsApp-Image-2025-11-08-at-10.13.31-PM.jpeg,false
Ruh al ward (Perfume),"Clone Perfumes, Indian, Premium Perfumes",,Ruh al ward Created by Al Haramain Perfumes Hyderabad.,"10 ml, 25 ml, 50 ml, 100ml",150,1200,INR,false,https://alharamainperfumes.in/product/ruh-al-ward-loose-perfume-fragrance/,https://alharamainperfumes.in/wp-content/uploads/2021/04/IMG_5374-scaled.jpg,false
Ruh al ward (Attar),"Clone Attar, Indian Attar, Premium Attars",,Ruh al ward Created by Al Haramain Perfumes Hyderabad.,"3 ml, 6 ml, 12 ml",300,1200,INR,false,https://alharamainperfumes.in/product/tube-flower-loose-attar-fragrance/,https://alharamainperfumes.in/wp-content/uploads/2025/09/WhatsApp-Image-2025-11-08-at-10.13.31-PM.jpeg,false
Tube flower (Perfume),"Clone Perfumes, Indian",,Tube flower Created by Al Haramain Perfumes Hyderabad.,"10 ml, 25 ml, 50 ml, 100ml",100,800,INR,true,https://alharamainperfumes.in/product/tube-flower-loose-perfume-fragrance/,https://alharamainperfumes.in/wp-content/uploads/2021/04/IMG_5374-scaled.jpg,false
Hawas Super By Rasasi (Attar),"Clone Attar, French Attars, Indian Attar",,Hawas Super by Al Haramain Created by Al Haramain Perfumes Hyderabad.,"3 ml, 6 ml, 12 ml",150,600,INR,true,https://alharamainperfumes.in/product/musk-rose-by-al-haramain-loose-attar-fragrance-2/,https://alharamainperfumes.in/wp-content/uploads/2025/09/WhatsApp-Image-2025-11-08-at-10.13.31-PM.jpeg,true
Al Wisam by Al Haramain (Attar),"Arabic Attar, Arabic Attars, Best Selling, Clone Attar",,Created by Al Haramain Perfumes Hyderabad,"3 ml, 6 ml, 12 ml",150,600,INR,true,https://alharamainperfumes.in/product/al-wisam-by-al-haramain-loose-attar-fragrance-2/,https://alharamainperfumes.in/wp-content/uploads/2025/09/WhatsApp-Image-2025-11-08-at-10.13.31-PM.jpeg,true
Sacred Love by Ajm (Attar),"Clone Attar, French Attar","Base: , anchoring the fragrance with its sweet, earthy aroma","Sacred Love by Ajm Inspired Attar Sacred Love pays tribute to the higher power of love that exists within us all. A floral woody fragrance for women, it brings together powerful and delicate ingredients in a venerable concoction. Citrus and floral notes create the perfume’s bright introduction, while jasmine, water lily, vetiver, sandalwood, and peach make up its fresh, aquatic heart. Ambergris is the lone base note, anchoring the fragrance with its sweet, earthy aroma. Inspired by Sacred Love by Ajm, Created by Al Haramain Perfumes Hyderabad.","3 ml, 6 ml, 12 ml",100,400,INR,true,https://alharamainperfumes.in/product/sacred-love-by-ajm-loose-attar-fragrance/,https://alharamainperfumes.in/wp-content/uploads/2025/09/WhatsApp-Image-2025-11-08-at-10.13.31-PM.jpeg,false
Aurum by Ajm (Perfume),"Clone Perfumes, French, French Perfumes",,Created by Al Haramain Perfumes Hyderabad,"10 ml, 25 ml, 50 ml, 100ml",100,800,INR,true,https://alharamainperfumes.in/product/aurum-by-ajm-loose-perfume-fragrance/,https://alharamainperfumes.in/wp-content/uploads/2021/04/IMG_5374-scaled.jpg,true
Aurum by Ajm (Attar),"Clone Attar, French Attar, French Attars",,Created by Al Haramain Perfumes Hyderabad,"3 ml, 6 ml, 12 ml",100,400,INR,true,https://alharamainperfumes.in/product/aurum-by-ajm-loose-attar-fragrance/,https://alharamainperfumes.in/wp-content/uploads/2025/09/WhatsApp-Image-2025-11-08-at-10.13.31-PM.jpeg,true
Y by YSL (Perfume),"Clone Perfumes, French, French Perfumes","Top: are Aldehydes, Bergamot, Ginger, Mint and Lemon; middle notes are Violet Leaf, Apple, Sage, Pineapple and Geranium; base notes are Ambergris, Musk, Cedar, Balsam Fir, Incense and Vetiver | Middle: are Violet Leaf, Apple, Sage, Pineapple and Geranium; base notes are Ambergris, Musk, Cedar, Balsam Fir, Incense and Vetiver | Base: are Ambergris, Musk, Cedar, Balsam Fir, Incense and Vetiver","Y by Ysl Inspired Perfume Y by Ysl is a Woody Aromatic fragrance for men. Ysl Y was launched in 2017. The nose behind this fragrance is Dominique Ropion. Top notes are Aldehydes, Bergamot, Ginger, Mint and Lemon; middle notes are Violet Leaf, Apple, Sage, Pineapple and Geranium; base notes are Ambergris, Musk, Cedar, Balsam Fir, Incense and Vetiver. Inspired by Y by Ysl, Created by Al Haramain Perfumes Hyderabad.","10 ml, 25 ml, 50 ml, 100ml",100,800,INR,true,https://alharamainperfumes.in/product/y-by-ysl-loose-perfume-fragrance/,https://alharamainperfumes.in/wp-content/uploads/2021/04/IMG_5374-scaled.jpg,true
Y by YSL (Attar),"Clone Attar, French Attar, French Attars","Top: are Aldehydes, Bergamot, Ginger, Mint and Lemon; middle notes are Violet Leaf, Apple, Sage, Pineapple and Geranium; base notes are Ambergris, Musk, Cedar, Balsam Fir, Incense and Vetiver | Middle: are Violet Leaf, Apple, Sage, Pineapple and Geranium; base notes are Ambergris, Musk, Cedar, Balsam Fir, Incense and Vetiver | Base: are Ambergris, Musk, Cedar, Balsam Fir, Incense and Vetiver","Y by Ysl Inspired Attar Y by Ysl is a Woody Aromatic fragrance for men. Ysl Y was launched in 2017. The nose behind this fragrance is Dominique Ropion. Top notes are Aldehydes, Bergamot, Ginger, Mint and Lemon; middle notes are Violet Leaf, Apple, Sage, Pineapple and Geranium; base notes are Ambergris, Musk, Cedar, Balsam Fir, Incense and Vetiver.","3 ml, 6 ml, 12 ml",100,400,INR,true,https://alharamainperfumes.in/product/y-by-ysl-loose-attar-fragrance/,https://alharamainperfumes.in/wp-content/uploads/2025/09/WhatsApp-Image-2025-11-08-at-10.13.31-PM.jpeg,true
Ombre Leather by (Perfume),"Clone Perfumes, French, French Perfumes, Premium Perfumes","Top: is Cardamom; middle notes are Leather and Jasmine Sambac; base notes are Amber, Moss and Patchouli | Middle: are Leather and Jasmine Sambac; base notes are Amber, Moss and Patchouli | Base: are Amber, Moss and Patchouli","Ombre Leather Inspired Perfume Ombre Leather is a Leather fragrance for women and men. Ombre Leather was launched in 2018. The nose behind this fragrance is Sonia Constant. Top note is Cardamom; middle notes are Leather and Jasmine Sambac; base notes are Amber, Moss and Patchouli. Inspired by Ombré Leather by, Created by Al Haramain Perfumes Hyderabad.","10 ml, 25 ml, 50 ml, 100ml",150,1200,INR,true,https://alharamainperfumes.in/product/ombre-leather-by-loose-perfume-fragrance/,https://alharamainperfumes.in/wp-content/uploads/2021/04/IMG_5374-scaled.jpg,true
Ombre Leather (Attar),"Clone Attar, French Attar, French Attars","Top: is Cardamom; middle notes are Leather and Jasmine Sambac; base notes are Amber, Moss and Patchouli | Middle: are Leather and Jasmine Sambac; base notes are Amber, Moss and Patchouli | Base: are Amber, Moss and Patchouli","Ombre Leather Inspired Attar Ombre Leather is a Leather fragrance for women and men. Ombre Leather was launched in 2018. The nose behind this fragrance is Sonia Constant. Top note is Cardamom; middle notes are Leather and Jasmine Sambac; base notes are Amber, Moss and Patchouli. Inspired by Ombré Leather, Created by Al Haramain Perfumes Hyderabad.","3 ml, 6 ml, 12 ml",150,600,INR,true,https://alharamainperfumes.in/product/ombre-leather-loose-attar-fragrance/,https://alharamainperfumes.in/wp-content/uploads/2025/09/WhatsApp-Image-2025-11-08-at-10.13.31-PM.jpeg,true
TF F Fabulous (Perfume),"Clone Perfumes, French","Top: are Clary Sage and Lavender; middle notes are Bitter Almond, Leather, Vanilla and Orris; base notes are Leather, Tonka Bean, Cashmeran, White Woods and Amber | Middle: are Bitter Almond, Leather, Vanilla and Orris; base notes are Leather, Tonka Bean, Cashmeran, White Woods and Amber | Base: are Leather, Tonka Bean, Cashmeran, White Woods and Amber","Fabulous by TF Inspired Attar Fabulous by TF is a Leather fragrance for women and men. Fabulous was launched in 2017. The top notes are Clary Sage and Lavender; middle notes are Bitter Almond, Leather, Vanilla and Orris; base notes are Leather, Tonka Bean, Cashmeran, White Woods and Amber. Inspired by Fabulous by TF, Created by Al Haramain Perfumes Hyderabad.","10 ml, 25 ml, 50 ml, 100ml",100,800,INR,true,https://alharamainperfumes.in/product/fabulous-tf-loose-perfume-fragrance/,https://alharamainperfumes.in/wp-content/uploads/2021/04/IMG_5374-scaled.jpg,false
TF F Fabulous (Attar),"Clone Attar, French Attar","Top: are Clary Sage and Lavender; middle notes are Bitter Almond, Leather, Vanilla and Orris; base notes are Leather, Tonka Bean, Cashmeran, White Woods and Amber | Middle: are Bitter Almond, Leather, Vanilla and Orris; base notes are Leather, Tonka Bean, Cashmeran, White Woods and Amber | Base: are Leather, Tonka Bean, Cashmeran, White Woods and Amber","Fabulous by TF Inspired Attar Fabulous by is a Leather fragrance for women and men. Fabulous was launched in 2017. The top notes are Clary Sage and Lavender; middle notes are Bitter Almond, Leather, Vanilla and Orris; base notes are Leather, Tonka Bean, Cashmeran, White Woods and Amber. Inspired by Fabulous by Created by Al Haramain Perfumes Hyderabad.","3 ml, 6 ml, 12 ml",100,400,INR,true,https://alharamainperfumes.in/product/fabulous-by-loose-attar-fragrance/,https://alharamainperfumes.in/wp-content/uploads/2025/09/WhatsApp-Image-2025-11-08-at-10.13.31-PM.jpeg,false
Decadence MJ for Women (Attar),"Clone Attar, French Attar",,,"3 ml, 6 ml, 12 ml",100,400,INR,true,https://alharamainperfumes.in/product/decadence-mj-for-women-loose-attar-fragrance-2/,https://alharamainperfumes.in/wp-content/uploads/2025/09/WhatsApp-Image-2025-11-08-at-10.13.31-PM.jpeg,false
Invictus (Attar),"Best Selling, Clone Attar, French Attar, French Attars","Top: are Sea Notes, Grapefruit, and Mandarin Orange; middle notes are Bay Leaf and Jasmine; base notes are Ambergris, Guaiac Wood, Oakmoss, and Patchouli | Middle: are Bay Leaf and Jasmine; base notes are Ambergris, Guaiac Wood, Oakmoss, and Patchouli | Base: are Ambergris, Guaiac Wood, Oakmoss, and Patchouli","Invictus Inspired Attar Invictus is a Woody Aquatic fragrance for men. Invictus was launched in 2013. Invictus was created by Veronique Nyberg, Anne Flipo, Olivier Polge, and Dominique Ropion. The top notes are Sea Notes, Grapefruit, and Mandarin Orange; middle notes are Bay Leaf and Jasmine; base notes are Ambergris, Guaiac Wood, Oakmoss, and Patchouli. Inspired by Invictus. Created by Al Haramain Perfumes Hyderabad.","3 ml, 6 ml, 12 ml",100,400,INR,false,https://alharamainperfumes.in/product/invictus-by-paco-rabanne-loose-attar-fragrance/,https://alharamainperfumes.in/wp-content/uploads/2025/09/WhatsApp-Image-2025-11-08-at-10.13.31-PM.jpeg,true
Invictus (Perfume),"Best Selling, Clone Perfumes, French, French Perfumes","Top: are Sea Notes, Grapefruit, and Mandarin Orange; middle notes are Bay Leaf and Jasmine; base notes are Ambergris, Guaiac Wood, Oakmoss, and Patchouli | Middle: are Bay Leaf and Jasmine; base notes are Ambergris, Guaiac Wood, Oakmoss, and Patchouli | Base: are Ambergris, Guaiac Wood, Oakmoss, and Patchouli","Invictus Inspired Perfume Invictus is a Woody Aquatic fragrance for men. Invictus was launched in 2013. Invictus was created by Veronique Nyberg, Anne Flipo, Olivier Polge, and Dominique Ropion. The top notes are Sea Notes, Grapefruit, and Mandarin Orange; middle notes are Bay Leaf and Jasmine; base notes are Ambergris, Guaiac Wood, Oakmoss, and Patchouli. Inspired by Invictus. Created by Al Haramain Perfumes Hyderabad.","10 ml, 25 ml, 50 ml, 100ml",100,800,INR,false,https://alharamainperfumes.in/product/nautica-voyage-nautica-for-menloose-perfume-fragrance-2-5/,https://alharamainperfumes.in/wp-content/uploads/2021/04/IMG_5374-scaled.jpg,true
Insherah by Rasasi (Attar),"Clone Attar, French Attar","Top: are Bergamot, Saffron and Cardamom; middle notes are Rose and Jasmine; base notes are Woody Notes, Musk and Amber | Middle: are Rose and Jasmine; base notes are Woody Notes, Musk and Amber | Base: are Woody Notes, Musk and Amber","Insherah by Rasasi Inspired Attar Insherah Silver by Rasasi is a Woody Spicy fragrance for women and men. Top notes are Bergamot, Saffron and Cardamom; middle notes are Rose and Jasmine; base notes are Woody Notes, Musk and Amber. Inspired by Insherah by Rasasi, Created by Al Haramain Perfumes Hyderabad.","3 ml, 6 ml, 12 ml",150,600,INR,true,https://alharamainperfumes.in/product/insherah-by-rasasi-loose-attar-fragrance/,https://alharamainperfumes.in/wp-content/uploads/2025/09/WhatsApp-Image-2025-11-08-at-10.13.31-PM.jpeg,false
Shuhrah by Rasasi (Perfume),"Arabic Perfumes, Clone Perfumes, French","Top: are Tomato Leaf, Freesia, and Rose; middle notes are Rose, Sandalwood, Jasmine, and Cedar; base notes are Leather, Agarwood (Oud), Musk, Oakmoss, and Amber | Middle: are Rose, Sandalwood, Jasmine, and Cedar; base notes are Leather, Agarwood (Oud), Musk, Oakmoss, and Amber | Base: are Leather, Agarwood (Oud), Musk, Oakmoss, and Amber","Shuhrah by Rasasi Inspired Attar Shuhrah by Rasasi is a Woody Aromatic fragrance for men. The top notes are Tomato Leaf, Freesia, and Rose; middle notes are Rose, Sandalwood, Jasmine, and Cedar; base notes are Leather, Agarwood (Oud), Musk, Oakmoss, and Amber. Inspired by Shuhrah by Rasasi, Created by Al Haramain Perfumes Hyderabad.","10 ml, 25 ml, 50 ml, 100ml",100,800,INR,true,https://alharamainperfumes.in/product/shuhrah-by-rasasi-loose-perfume-fragrance/,https://alharamainperfumes.in/wp-content/uploads/2021/04/IMG_5374-scaled.jpg,true
Shuhrah by Rasasi (Attar),"Arabic Attars, Clone Attar, French Attar","Top: are Tomato Leaf, Freesia, and Rose; middle notes are Rose, Sandalwood, Jasmine, and Cedar; base notes are Leather, Agarwood (Oud), Musk, Oakmoss, and Amber | Middle: are Rose, Sandalwood, Jasmine, and Cedar; base notes are Leather, Agarwood (Oud), Musk, Oakmoss, and Amber | Base: are Leather, Agarwood (Oud), Musk, Oakmoss, and Amber","Shuhrah by Rasasi Inspired Attar Shuhrah by Rasasi is a Woody Aromatic fragrance for men. The top notes are Tomato Leaf, Freesia, and Rose; middle notes are Rose, Sandalwood, Jasmine, and Cedar; base notes are Leather, Agarwood (Oud), Musk, Oakmoss, and Amber. Inspired by Shuhrah by Rasasi, Created by Al Haramain Perfumes Hyderabad.","3 ml, 6 ml, 12 ml",100,400,INR,true,https://alharamainperfumes.in/product/shuhrah-by-rasasi-loose-attar-fragrance/,https://alharamainperfumes.in/wp-content/uploads/2025/09/WhatsApp-Image-2025-11-08-at-10.13.31-PM.jpeg,true
Hawas by Rasasi (Perfume),"Arabic Perfumes, Best Selling, Clone Perfumes, French, French Perfumes","Top: are Bergamot, Apple, Cinnamon, and Lemon; the middle notes are Watery Notes, Plum, Orange Blossom, and Cardamon; base notes are Ambergris, Musk, Driftwood, and Patchouli | Middle: are Watery Notes, Plum, Orange Blossom, and Cardamon; base notes are Ambergris, Musk, Driftwood, and Patchouli | Base: are Ambergris, Musk, Driftwood, and Patchouli","Hawas by Rasasi Inspired Attar Hawas for Him by Rasasi is an Aromatic Aquatic fragrance for men. Hawas for Him was launched in 2015. The top notes are Bergamot, Apple, Cinnamon, and Lemon; the middle notes are Watery Notes, Plum, Orange Blossom, and Cardamon; base notes are Ambergris, Musk, Driftwood, and Patchouli. Inspired by Hawas by Rasasi, Created by Al Haramain Perfumes Hyderabad.","10 ml, 25 ml, 50 ml, 100ml",100,800,INR,true,https://alharamainperfumes.in/product/nautica-voyage-nautica-for-menloose-perfume-fragrance-2/,https://alharamainperfumes.in/wp-content/uploads/2021/04/IMG_5374-scaled.jpg,true
Hawas by Rasasi (Attar),"Arabic Attars, Best Selling, Clone Attar, French Attar, French Attars","Top: are Bergamot, Apple, Cinnamon, and Lemon; the middle notes are Watery Notes, Plum, Orange Blossom, and Cardamon; base notes are Ambergris, Musk, Driftwood, and Patchouli | Middle: are Watery Notes, Plum, Orange Blossom, and Cardamon; base notes are Ambergris, Musk, Driftwood, and Patchouli | Base: are Ambergris, Musk, Driftwood, and Patchouli","Hawas by Rasasi Inspired Attar Hawas for Him by Rasasi is an Aromatic Aquatic fragrance for men. Hawas for Him was launched in 2015. The top notes are Bergamot, Apple, Cinnamon, and Lemon; the middle notes are Watery Notes, Plum, Orange Blossom, and Cardamon; base notes are Ambergris, Musk, Driftwood, and Patchouli. Inspired by Hawas by Rasasi, Created by Al Haramain Perfumes Hyderabad.","3 ml, 6 ml, 12 ml",100,400,INR,true,https://alharamainperfumes.in/product/hawas-by-rasasi-loose-attar-fragrance/,https://alharamainperfumes.in/wp-content/uploads/2025/09/WhatsApp-Image-2025-11-08-at-10.13.31-PM.jpeg,true
Dareej by Rasasi (Perfume),"Clone Perfumes, French",,"Dareej by Rasasi Inspired Attar Discover the delicious efflorescence of Rasasi Dareej Men in Spray. A unique aroma that will invite you to the exhalations that follow: Woody, patchouli, floral, amber, musky, oriental. The company Rasasi knew how to create a generous fragrance composed of cardamom, caraway, artemisia, iris, pink, vanilla, amber, musk, patchouli, sandalwood. Inspired by Dareej by Rasasi, Created by Al Haramain Perfumes Hyderabad.","10 ml, 25 ml, 50 ml, 100ml",100,800,INR,false,https://alharamainperfumes.in/product/dareej-by-rasasi-loose-perfume-fragrance/,https://alharamainperfumes.in/wp-content/uploads/2021/04/IMG_5374-scaled.jpg,false
Dareej by Rasasi (Attar),"Clone Attar, French Attar",,"Dareej by Rasasi Inspired Attar Discover the delicious efflorescence of Rasasi Dareej Men in Spray. A unique aroma that will invite you to the exhalations that follow: Woody, patchouli, floral, amber, musky, oriental. The company Rasasi knew how to create a generous fragrance composed of cardamom, caraway, artemisia, iris, pink, vanilla, amber, musk, patchouli, sandalwood. Inspired by Dareej by Rasasi, Created by Al Haramain Perfumes Hyderabad.","3 ml, 6 ml, 12 ml",100,400,INR,false,https://alharamainperfumes.in/product/dareej-by-rasasi-loose-attar-fragrance/,https://alharamainperfumes.in/wp-content/uploads/2025/09/WhatsApp-Image-2025-11-08-at-10.13.31-PM.jpeg,false
White Oud (Perfume),Clone Perfumes,,"White Oud Perfume Fragrance It’s an amber, woody fragrance for men and women not very strong but decent. Created by Al Haramain Perfumes Hyderabad.","10 ml, 25 ml, 50 ml, 100ml",100,800,INR,true,https://alharamainperfumes.in/product/white-oud-loose-perfume-fragrance/,https://alharamainperfumes.in/wp-content/uploads/2021/04/IMG_5374-scaled.jpg,false
Decadence MJ for Women (Perfume),"Clone Perfumes, French",,,"10 ml, 25 ml, 50 ml, 100ml",100,800,INR,true,https://alharamainperfumes.in/product/decadence-mj-for-womenloose-perfume-fragrance-2-12/,https://alharamainperfumes.in/wp-content/uploads/2021/04/IMG_5374-scaled.jpg,false
Cooll Water Men (Attar),"Clone Attar, French Attar, French Attars",,,"3 ml, 6 ml, 12 ml",100,400,INR,false,https://alharamainperfumes.in/product/cooll-water-for-men-loose-attar-fragrance/,https://alharamainperfumes.in/wp-content/uploads/2025/09/WhatsApp-Image-2025-11-08-at-10.13.31-PM.jpeg,true
V Dylan Blue (Attar),"Clone Attar, French Attar, French Attars",,"V Dylan Blue by V Inspired Attar. Inspired by V Dylan Blue by V, Created by Al Haramain Perfumes Hyderabad.","3 ml, 6 ml, 12 ml",100,400,INR,true,https://alharamainperfumes.in/product/v-dylan-blue-for-men-loose-attar-fragrance/,https://alharamainperfumes.in/wp-content/uploads/2025/09/WhatsApp-Image-2025-11-08-at-10.13.31-PM.jpeg,true
Black XS L’Exces for Men (Attar),"Clone Attar, French Attar, French Attars",Top: are Amalfi Lemon and Lavender; middle notes are Cypriol Oil or Nagarmotha and Sea Notes; base notes are Amber and Patchouli | Middle: are Cypriol Oil or Nagarmotha and Sea Notes; base notes are Amber and Patchouli | Base: are Amber and Patchouli,"Black XS L’Exces Inspired Perfume Black XS L’Exces for Him is a Woody Aromatic fragrance for men. Black XS L’Exces for Him was launched in 2012. The nose behind this fragrance is Fabrice Pellegrin. NOTES :- Top notes are Amalfi Lemon and Lavender; middle notes are Cypriol Oil or Nagarmotha and Sea Notes; base notes are Amber and Patchouli. Inspired by Black XS L’Exces, Created by Al Haramain Perfumes Hyderabad.","3 ml, 6 ml, 12 ml",100,400,INR,true,https://alharamainperfumes.in/product/black-xs-lexces-by-paco-rabanne-for-men-loose-attar-fragrance-2/,https://alharamainperfumes.in/wp-content/uploads/2025/09/WhatsApp-Image-2025-11-08-at-10.13.31-PM.jpeg,true
Dahlia Divine venchy for men-women (Attar),"Best Selling, Clone Attar, French Attar, French Attars","Top: are Mirabelle, Citruses and Pink Pepper; middle notes are Jasmine Sambac, Peach, Orange Blossom, Rose, Black Currant, Lily-of-the-Valley and Apple; base notes are Patchouli, Sandalwood, Vetiver, Vanilla, Cedar and White Musk | Middle: are Jasmine Sambac, Peach, Orange Blossom, Rose, Black Currant, Lily-of-the-Valley and Apple; base notes are Patchouli, Sandalwood, Vetiver, Vanilla, Cedar and White Musk | Base: are Patchouli, Sandalwood, Vetiver, Vanilla, Cedar and White Musk","Dahlia Divin venchy for women venchy is a Oriental Floral fragrance for women. Dahlia Divin was launched in 2014. The nose behind this fragrance is Francois Demachy. Top notes are Mirabelle, Citruses and Pink Pepper; middle notes are Jasmine Sambac, Peach, Orange Blossom, Rose, Black Currant, Lily-of-the-Valley and Apple; base notes are Patchouli, Sandalwood, Vetiver, Vanilla, Cedar and White Musk. Created by Al Haramain Perfumes Hyderabad. Inspired by Dahlia Divin venchy, Created by Al Haramain Perfumes Hyderabad.","3 ml, 6 ml, 12 ml",100,400,INR,true,https://alharamainperfumes.in/product/dahlia-divine-venchy-for-womenloose-attar-fragrance-2/,https://alharamainperfumes.in/wp-content/uploads/2025/09/WhatsApp-Image-2025-11-08-at-10.13.31-PM.jpeg,true
Custom Scented Bakhoor Sticks,Bakhoor & Oud,,"Sandal and Oudh Scented Sticks are regarded as some of the finest Scented. These Scented have light delicate fragrances of nature. This exotic fragrance provides the key to unlocking the benefits of aromatherapy, to create an uplifting or enhancing mood or environmental effect. The use of Scented promotes longevity, harmonizes the psycho-physical constitution, and enhances mental focus. It is preferred over aerosol air fresheners.","50 gms, 100 gms",500,800,INR,false,https://alharamainperfumes.in/product/custom-scented-bakhoor-sticks/,https://alharamainperfumes.in/wp-content/uploads/2021/04/image-scaled.png,false
Custom Scented Bakhoor Balls,Bakhoor & Oud,,"Sandal and Oudh Scented balls are regarded as some of the finest incense. These Scented balls have light delicate fragrances of nature. This exotic fragrance provides the key to unlocking the benefits of aromatherapy, to create an uplifting or enhancing mood or environmental effect. The use of Scented promotes longevity, harmonizes the psycho-physical constitution, and enhances mental focus. It is preferred over aerosol air fresheners.","50 gms, 100 gms",500,800,INR,true,https://alharamainperfumes.in/product/custom-scented-bakhoor-balls-2/,https://alharamainperfumes.in/wp-content/uploads/2021/04/0dfbd16b-c424-4846-8a83-26173dffeba4.jpg,false
Bakhoor 5 Scent Tester Pack (5 x 10g),Bakhoor & Oud,,Created by Al Haramain Perfumes Hyderabad,"10grams, 50grams, 100grams",500,500,INR,true,https://alharamainperfumes.in/product/bakhoor-5-scent-tester-pack-5-x-10g/,https://alharamainperfumes.in/wp-content/uploads/2021/04/image-scaled.png,false
Fawakee Scented Bakhoor Balls,Bakhoor & Oud,,"Sandal and Oudh Scented balls are regarded as some of the finest incense. These Scented balls have light delicate fragrances of nature. This exotic fragrance provides the key to unlock the benefits of aromatherapy, to create an uplifting or enhancing mood or environmental effect. Use of Scented promotes longevity, harmonizes the psycho-physical constitution, and enhances mental focus. It is preferred over aerosol air fresheners.","50 gms, 100 gms",300,500,INR,true,https://alharamainperfumes.in/product/fawakee-scented-bakhoor-balls/,https://alharamainperfumes.in/wp-content/uploads/2021/04/0dfbd16b-c424-4846-8a83-26173dffeba4.jpg,false
Turabi Scented Bakhoor Balls,Bakhoor & Oud,,"Sandal and Oudh Scented balls are regarded as some of the finest incense. These Scented balls have light delicate fragrances of nature. This exotic fragrance provides the key to unlock the benefits of aromatherapy, to create an uplifting or enhancing mood or environmental effect. Use of Scented promotes longevity, harmonizes the psycho-physical constitution, and enhances mental focus. It is preferred over aerosol air fresheners.","50 gms, 100 gms",300,500,INR,true,https://alharamainperfumes.in/product/turabi-scented-bakhoor-balls/,https://alharamainperfumes.in/wp-content/uploads/2021/04/0dfbd16b-c424-4846-8a83-26173dffeba4.jpg,false
Rashidiya Scented Bakhoor Sticks,Bakhoor & Oud,,"Sandal and Oudh Scented Sticks are regarded as some of the finest Scented. These Scented have light delicate fragrances of nature. This exotic fragrance provides the key to unlock the benefits of aromatherapy, to create an uplifting or enhancing mood or environmental effect. Use of Scented promotes longevity, harmonizes the psycho-physical constitution, and enhances mental focus. It is preferred over aerosol air fresheners.","10grams, 50grams, 100grams",100,800,INR,false,https://alharamainperfumes.in/product/rashidiya-scented-bakhoor-sticks/,https://alharamainperfumes.in/wp-content/uploads/2021/04/image-scaled.png,false
Ameeri Scented Bakhoor Sticks,Bakhoor & Oud,,Created by Al Haramain Perfumes Hyderabad,"10grams, 50grams, 100grams",100,800,INR,true,https://alharamainperfumes.in/product/ameeri-scented-bakhoor-sticks/,https://alharamainperfumes.in/wp-content/uploads/2021/04/image-scaled.png,false
Burj Khalifa by Al Haramain (Perfume),"Arabic Perfumes, Best Selling, Clone Perfumes",,Burj khalifa by Al Haramain Burj khalifa is a strong fragrance with both sweet and spicy notes.The fragrance after settling gives out a very pleasant feel to the user. Created by Al Haramain Perfumes Hyderabad.,"10 ml, 25 ml, 50 ml, 100ml",100,800,INR,true,https://alharamainperfumes.in/product/burj-khalifa-by-al-haramain-loose-perfume-fragrance/,https://alharamainperfumes.in/wp-content/uploads/2021/04/IMG_5374-scaled.jpg,true
Burj khalifa by Al Haramain (Attar),"Arabic Attar, Arabic Attars, Best Selling, Clone Attar",,Burj khalifa by Al Haramain Burj khalifa is a strong fragrance with both sweet and spicy notes.The fragrance after settling gives out a very pleasant feel to the user. Created by Al Haramain Perfumes Hyderabad.,"3 ml, 6 ml, 12 ml",150,600,INR,true,https://alharamainperfumes.in/product/burj-khalifa-by-al-haramain-loose-attar-fragrance/,https://alharamainperfumes.in/wp-content/uploads/2025/09/WhatsApp-Image-2025-11-08-at-10.13.31-PM.jpeg,true
Faqat Lil Rijal by Rasasi (Perfume),"Arabic Perfumes, Clone Perfumes, Premium Perfumes",,"Faqat Lil Rijal by Rasasi Inspired Perfume 1001 Nights comprises spicy and smoky notes, which evolve into a menagerie of floral elements, complemented by the lingering effect of musky and woody notes. Inspired by Faqat Lil Rijal by Rasasi, Created by Al Haramain Perfumes Hyderabad.","10 ml, 25 ml, 50 ml, 100ml",150,1200,INR,true,https://alharamainperfumes.in/product/faqat-lil-rijal-by-rasasi-loose-perfume-fragrance/,https://alharamainperfumes.in/wp-content/uploads/2021/04/IMG_5374-scaled.jpg,true
Faqat Lil Rijal by Rasasi (Attar),"Arabic Attar, Arabic Attars, Clone Attar","Top: are bergamot, saffron and agarwood (oud); middle notes are cardamom, rice, geranium and jasmine; base notes are patchouli, sandalwood, musk, leather and agarwood (oud) | Middle: are cardamom, rice, geranium and jasmine; base notes are patchouli, sandalwood, musk, leather and agarwood (oud) | Base: are patchouli, sandalwood, musk, leather and agarwood (oud)","Faqat Lil Rijal by Rasasi Inspired Attar Faqat Lil Rijal by Rasasi is a Oriental Woody fragrance for men. Top notes are bergamot, saffron and agarwood (oud); middle notes are cardamom, rice, geranium and jasmine; base notes are patchouli, sandalwood, musk, leather and agarwood (oud). Inspired by Faqat Lil Rijal by Rasasi, Created by Al Haramain Perfumes Hyderabad.","3 ml, 6 ml, 12 ml",150,600,INR,true,https://alharamainperfumes.in/product/faqat-lil-rijal-by-rasasi-loose-attar-fragrance/,https://alharamainperfumes.in/wp-content/uploads/2025/09/WhatsApp-Image-2025-11-08-at-10.13.31-PM.jpeg,true
1001 Nights by Al Haramain (Perfume),"Arabic Perfumes, Clone Perfumes, Indian, Premium Perfumes",,Created by Al Haramain Perfumes Hyderabad,"10 ml, 25 ml, 50 ml, 100ml",150,1200,INR,true,https://alharamainperfumes.in/product/1001-nights-by-al-haramain-loose-perfume-fragrance/,https://alharamainperfumes.in/wp-content/uploads/2021/04/IMG_5374-scaled.jpg,true
1001 Nights by Al Haramain (Attar),"Arabic Attars, Clone Attar, Indian Attar",,Created by Al Haramain Perfumes Hyderabad,"3 ml, 6 ml, 12 ml",150,600,INR,true,https://alharamainperfumes.in/product/1001-nights-by-al-haramain-loose-attar-fragrance/,https://alharamainperfumes.in/wp-content/uploads/2025/09/WhatsApp-Image-2025-11-08-at-10.13.31-PM.jpeg,true
Khususi by Al Haramain (Perfume),"Arabic Perfumes, Best Selling, Clone Perfumes, Indian",,"Khususi by Al Haramain Khususi is a mild musky fragrance with powdery and slightly medicinal dry openning of oud leads to soft floral and warm spicy heart. The comforty end note includes incense, sandal, amber and sweet vanilla which gives its creamy warmth to the composition, but not banished the refined complexity. Created by Al Haramain Perfumes Hyderabad.","10 ml, 25 ml, 50 ml, 100ml",100,800,INR,true,https://alharamainperfumes.in/product/khususi-by-al-haramain-loose-perfume-fragrance/,https://alharamainperfumes.in/wp-content/uploads/2021/04/IMG_5374-scaled.jpg,true
Khususi by Al Haramain (Attar),"Arabic Attars, Best Selling, Clone Attar, Indian Attar",,"Khususi by Al Haramain Khususi is a mild musky fragrance with powdery and slightly medicinal dry openning of oud leads to soft floral and warm spicy heart. The comforty end note includes incense, sandal, amber and sweet vanilla which gives its creamy warmth to the composition, but not banished the refined complexity. Created by Al Haramain Perfumes Hyderabad.","3 ml, 6 ml, 12 ml",100,400,INR,true,https://alharamainperfumes.in/product/khususi-by-al-haramain-loose-attar-fragrance/,https://alharamainperfumes.in/wp-content/uploads/2025/09/WhatsApp-Image-2025-11-08-at-10.13.31-PM.jpeg,true
Sehra by Al Haramain (Attar),"Clone Attar, Indian Attar",,Sehra by Al Haramain Sehra is a floral fragrance that is mostly used in marriages. Created by Al Haramain Perfumes Hyderabad.,"3 ml, 6 ml, 12 ml",100,400,INR,false,https://alharamainperfumes.in/product/sehra-by-al-haramain-loose-attar-fragrance/,https://alharamainperfumes.in/wp-content/uploads/2025/09/WhatsApp-Image-2025-11-08-at-10.13.31-PM.jpeg,false
Sehra by Al Haramain (Perfume),"Clone Perfumes, Indian",,Sehra by Al Haramain Sehra is a floral fragrance that is mostly used in marriages. Created by Al Haramain Perfumes Hyderabad.,"10 ml, 25 ml, 50 ml, 100ml",100,800,INR,false,https://alharamainperfumes.in/product/sehra-by-al-haramain-loose-perfume-fragrance/,https://alharamainperfumes.in/wp-content/uploads/2021/04/IMG_5374-scaled.jpg,false
Classic for Men (Attar),"Best Selling, Clone Attar, French Attar, French Attars",,,"3 ml, 6 ml, 12 ml",100,400,INR,true,https://alharamainperfumes.in/product/classic-for-men-loose-attar-fragrance/,https://alharamainperfumes.in/wp-content/uploads/2025/09/WhatsApp-Image-2025-11-08-at-10.13.31-PM.jpeg,true
Classic for Men (Perfume),"Best Selling, Clone Perfumes, French, French Perfumes",,,"10 ml, 25 ml, 50 ml, 100ml",100,800,INR,true,https://alharamainperfumes.in/product/claasic-for-men-perfume-fragrance/,https://alharamainperfumes.in/wp-content/uploads/2021/04/IMG_5374-scaled.jpg,true
Chrome by Arzo for Men (Attar),"Clone Attar, French Attar",,"Chrome by Arzo Inspired Attar Inspired by Chrome by Arzo, Created by Al Haramain Perfumes Hyderabad.","3 ml, 6 ml, 12 ml",100,400,INR,true,https://alharamainperfumes.in/product/chrome-by-arzo-for-men-loose-attar-fragrance-copy/,https://alharamainperfumes.in/wp-content/uploads/2025/09/WhatsApp-Image-2025-11-08-at-10.13.31-PM.jpeg,false
Chrome by Arzo for Men (Perfume),"Clone Perfumes, French",,"Chrome by Arzo Inspired Perfume Inspired by Chrome by Arzo, Created by Al Haramain Perfumes Hyderabad.","10 ml, 25 ml, 50 ml, 100ml",100,800,INR,true,https://alharamainperfumes.in/product/chrome-by-arzo-for-men-loose-perfume-fragrance/,https://alharamainperfumes.in/wp-content/uploads/2021/04/IMG_5374-scaled.jpg,false
Light Blue by D&G (Attar),"Clone Attar, French Attar","Top: are Sicilian Lemon, Apple, Cedar and Bellflower; middle notes are Bamboo, Jasmine and White Rose; base notes are Cedar, Musk and Amber | Middle: are Bamboo, Jasmine and White Rose; base notes are Cedar, Musk and Amber | Base: are Cedar, Musk and Amber","Light Blue by D&G Inspired Perfume Light Blue by D&G is a Floral Fruity fragrance for women. Light Blue was launched in 2001. The nose behind this fragrance is Olivier Cresp. D&G Light blue is a casual and breezy, sparkling fruity-floral scent that evokes the spirit of the Sicilian summer. Mouth-watering and fresh notes of lime and cedar are bringing an image of the South woods on the seashore. A very popular summer fragrance. NOTES :- Top notes are Sicilian Lemon, Apple, Cedar and Bellflower; middle notes are Bamboo, Jasmine and White Rose; base notes are Cedar, Musk and Amber. Inspired by Light Blue by D&G , Created by Al Haramain Perfumes Hyderabad.","3 ml, 6 ml, 12 ml",100,400,INR,true,https://alharamainperfumes.in/product/light-blue-by-dg-for-women-loose-attar-fragrance-2/,https://alharamainperfumes.in/wp-content/uploads/2025/09/WhatsApp-Image-2025-11-08-at-10.13.31-PM.jpeg,false
Light Blue by D&G (Perfume),"Clone Perfumes, French","Top: are Sicilian Lemon, Apple, Cedar and Bellflower; middle notes are Bamboo, Jasmine and White Rose; base notes are Cedar, Musk and Amber | Middle: are Bamboo, Jasmine and White Rose; base notes are Cedar, Musk and Amber | Base: are Cedar, Musk and Amber","Light Blue by D&D Inspired Perfume Light Blue by D&G is a Floral Fruity fragrance for women. Light Blue was launched in 2001. The nose behind this fragrance is Olivier Cresp. D&G Light blue is a casual and breezy, sparkling fruity-floral scent that evokes the spirit of the Sicilian summer. Mouth-watering and fresh notes of lime and cedar are bringing an image of the South woods on the seashore. A very popular summer fragrance. NOTES :- Top notes are Sicilian Lemon, Apple, Cedar and Bellflower; middle notes are Bamboo, Jasmine and White Rose; base notes are Cedar, Musk and Amber. Inspired by Light Blue by D&G , Created by Al Haramain Perfumes Hyderabad.","10 ml, 25 ml, 50 ml, 100ml",100,800,INR,true,https://alharamainperfumes.in/product/light-blue-by-dg-for-women-loose-perfume-fragrance-2/,https://alharamainperfumes.in/wp-content/uploads/2021/04/IMG_5374-scaled.jpg,false
Dehnal oud nokhba Al Haramain (Attar),"Arabic Attar, Clone Attar, Premium Attars",,"Dehnal oud nokhba by Al Haramain dehnal oud nokhba :fragrance has spicy agarwood notes with strawberry,sugery and musky base. Inspired by dehnal oud nokhba by rasasi. Created by Al Haramain Perfumes Hyderabad.","3 ml, 6 ml, 12 ml",400,1500,INR,true,https://alharamainperfumes.in/product/dehnal-oud-nokhba-al-haramain-loose-attar-fragrance/,https://alharamainperfumes.in/wp-content/uploads/2025/09/WhatsApp-Image-2025-11-08-at-10.13.31-PM.jpeg,false
Dehnal oud nokhba by Al Haramain (Perfume),"Clone Perfumes, Premium Perfumes",,"Dehnal oud nokhba by Al Haramain dehnal oud nokhba :fragrance has spicy agarwood notes with strawberry,sugery and musky base. Inspired by dehnal oud nokhba by rasasi. Created by Al Haramain Perfumes Hyderabad.","10 ml, 25 ml, 50 ml, 100ml",400,3000,INR,true,https://alharamainperfumes.in/product/dehnal-oud-nokhba-by-al-haramain-loose-perfume-fragrance/,https://alharamainperfumes.in/wp-content/uploads/2021/04/IMG_5374-scaled.jpg,false
Oudh barakah by Al Haramain (Attar),"Arabic Attar, Clone Attar, Premium Attars",,"Oudh Barakah by Al Haramain Oudh barakah is a blend of Indian natural oud with sweet amber floral fragrance to create a balance , to give a good lasting with a feel of rich oudh fragrance lingering around you. Created by Al Haramain Perfumes Hyderabad.","3 ml, 6 ml, 12 ml",500,2000,INR,true,https://alharamainperfumes.in/product/oudh-barakah-al-haramain-loose-attar-fragrance/,https://alharamainperfumes.in/wp-content/uploads/2025/09/WhatsApp-Image-2025-11-08-at-10.13.31-PM.jpeg,false
Oudh Barakah by Al Haramain (Perfume),"Clone Perfumes, Premium Perfumes",,"Oudh barakah by Al Haramain Oudh barakah is a blend of Indian natural oud with sweet amber floral fragrance to create a balance , to give a good lasting with a feel of rich oudh fragrance lingering around you. Created by Al Haramain Perfumes Hyderabad.","10 ml, 25 ml, 50 ml, 100ml",500,3500,INR,true,https://alharamainperfumes.in/product/oudh-barakah-by-al-haramain-loose-perfume-fragrance/,https://alharamainperfumes.in/wp-content/uploads/2021/04/IMG_5374-scaled.jpg,false
Oudh rajali by Al Haramain (Perfume),"Arabic Perfumes, Best Selling, Clone Perfumes, Premium Perfumes",,"Oudh rajali by Al Haramain oudh rajali is a blend of indian natural oud with mild musky fragrance to create a balance,to give good lasting with a feel of rich oudh fragrance lingering around you Created by Al Haramain Perfumes Hyderabad.","10 ml, 25 ml, 50 ml, 100ml",500,3500,INR,true,https://alharamainperfumes.in/product/oudh-rajali-by-al-haramain-loose-perfume-fragrance/,https://alharamainperfumes.in/wp-content/uploads/2021/04/IMG_5374-scaled.jpg,true
Oudh rajali Al Haramain (Attar),"Arabic Attar, Arabic Attars, Best Selling, Clone Attar, Premium Attars",,"Oudh rajali by Al Haramain oudh rajali is a blend of indian natural oud with mild musky fragrance to create a balance,to give good lasting with a feel of rich oudh fragrance lingering around you Created by Al Haramain Perfumes Hyderabad.","3 ml, 6 ml, 12 ml",500,2000,INR,true,https://alharamainperfumes.in/product/oudh-rajali-al-haramain-loose-attar-fragrance/,https://alharamainperfumes.in/wp-content/uploads/2025/09/WhatsApp-Image-2025-11-08-at-10.13.31-PM.jpeg,true
Turabi Al Haramain (Attar),"Arabic Attar, Clone Attar",,"Turabi by Al Haramain turabi is an oriental woody fragrance for men and women. The fragrance is a mixture of rose ,sandal wood , amber and saffron. Created by Al Haramain Perfumes Hyderabad.","3 ml, 6 ml, 12 ml",100,400,INR,true,https://alharamainperfumes.in/product/turabi-al-haramain-loose-attar-fragrance/,https://alharamainperfumes.in/wp-content/uploads/2025/09/WhatsApp-Image-2025-11-08-at-10.13.31-PM.jpeg,false
Turabi by Al Haramain (Perfume),Clone Perfumes,,"Turabi by Al Haramain turabi is an oriental woody fragrance for men and women. The fragrance is a mixture of rose ,sandal wood , amber and saffron. Created by Al Haramain Perfumes Hyderabad.","10 ml, 25 ml, 50 ml, 100ml",100,800,INR,true,https://alharamainperfumes.in/product/turabi-by-al-haramain-loose-perfume-fragrance/,https://alharamainperfumes.in/wp-content/uploads/2021/04/IMG_5374-scaled.jpg,false
Jannatul Firdaus by Al Haramain (Perfume),Clone Perfumes,Top: which twists in to a bloom of spices and finally settles warmly with base of musk or amber,"Jannatul Firdaus by Al Haramain Jannatul Firdaus is Known for its musky, wild rich and long lasting fragrance, Jannatul Firdaus is a heavely attar with a floral fresh fragrance top in top note which twists in to a bloom of spices and finally settles warmly with base of musk or amber. Created by Al Haramain Perfumes Hyderabad.","10 ml, 25 ml, 50 ml, 100ml",100,800,INR,true,https://alharamainperfumes.in/product/jannatul-firdaus-by-al-haramain-loose-perfume-fragrance/,https://alharamainperfumes.in/wp-content/uploads/2021/04/IMG_5374-scaled.jpg,false
Jannatul Firdaus by Al Haramain (Attar),"Arabic Attar, Clone Attar",Top: which twists in to a bloom of spices and finally settles warmly with base of musk or amber,"Jannatul Firdaus by Al Haramain Jannatul Firdaus is Known for its musky, wild rich and long lasting fragrance, Jannatul Firdaus is a heavely attar with a floral fresh fragrance top in top note which twists in to a bloom of spices and finally settles warmly with base of musk or amber. Created by Al Haramain Perfumes Hyderabad.","3 ml, 6 ml, 12 ml",100,400,INR,true,https://alharamainperfumes.in/product/jannatul-firdaus-by-al-haramain-loose-attar-fragrance/,https://alharamainperfumes.in/wp-content/uploads/2025/09/WhatsApp-Image-2025-11-08-at-10.13.31-PM.jpeg,false
Wow Oud by Al Haramain (Perfume),"Arabic Perfumes, Best Selling, Clone Perfumes, Premium Perfumes",,wow oud by Al Haramain wow oud is a Amber Woody fragrance with sweet and attractive arabian touch. Created by Al Haramain Perfumes Hyderabad.,"10 ml, 25 ml, 50 ml, 100ml",150,1200,INR,true,https://alharamainperfumes.in/product/wow-oud-by-al-haramain-loose-perfume-fragrance/,https://alharamainperfumes.in/wp-content/uploads/2021/04/IMG_5374-scaled.jpg,true
wow oud by Al Haramain (Attar),"Arabic Attar, Arabic Attars, Best Selling, Clone Attar",,wow oud by Al Haramain wow oud is a Amber Woody fragrance with sweet and attractive arabian touch. Created by Al Haramain Perfumes Hyderabad.,"3 ml, 6 ml, 12 ml",150,600,INR,true,https://alharamainperfumes.in/product/wow-oud-by-al-haramain-loose-attar-fragrance/,https://alharamainperfumes.in/wp-content/uploads/2025/09/WhatsApp-Image-2025-11-08-at-10.13.31-PM.jpeg,true
Honey oud by Al Haramain (Attar),"Arabic Attar, Arabic Attars, Best Selling, Clone Attar",,"Honey oud by Al Haramain honey oud : A strong projection, very sweet honey, and oud fragrance with spicy and leather touches. Honey oud is a delicious blend of leather, honey, cinnamon and oud.Inspired by mont honey oud. Created by Al Haramain Perfumes Hyderabad.","3 ml, 6 ml, 12 ml",150,600,INR,true,https://alharamainperfumes.in/product/honey-oud-by-al-haramain-loose-attar-fragrance/,https://alharamainperfumes.in/wp-content/uploads/2025/09/WhatsApp-Image-2025-11-08-at-10.13.31-PM.jpeg,true
Honey oud by Al Haramain (Perfume),"Arabic Perfumes, Best Selling, Clone Perfumes, Premium Perfumes",,"Honey oud by Al Haramain honey oud : A strong projection, very sweet honey, and oud fragrance with spicy and leather touches. Honey oud is a delicious blend of leather, honey, cinnamon and oud.Inspired by mont honey oud. Created by Al Haramain Perfumes Hyderabad.","10 ml, 25 ml, 50 ml, 100ml",150,1200,INR,true,https://alharamainperfumes.in/product/honey-oud-by-al-haramain-loose-perfume-fragrance/,https://alharamainperfumes.in/wp-content/uploads/2021/04/IMG_5374-scaled.jpg,true
Ahlaam by Al Haramain (Perfume),"Arabic Perfumes, Best Selling, Clone Perfumes",,Created by Al Haramain Perfumes Hyderabad,"10 ml, 25 ml, 50 ml, 100ml",100,800,INR,false,https://alharamainperfumes.in/product/ahlaam-by-al-haramain-loose-perfume-fragrance/,https://alharamainperfumes.in/wp-content/uploads/2021/04/IMG_5374-scaled.jpg,true
Woody Rose by Al Haramain (Perfume),Clone Perfumes,,Woody Rose by Al Haramain Woody rose is a mystical Woody fragrance which is perfumed with spicy floral Rose. Rose Wood is luminous and seductive which is utterly spell blinding with every note. This exclusive creation is one of the best unisex woody perfume. Created by Al Haramain Perfumes Hyderabad.,"10 ml, 25 ml, 50 ml, 100ml",100,800,INR,true,https://alharamainperfumes.in/product/woody-rose-by-al-haramain-loose-perfume-fragrance/,https://alharamainperfumes.in/wp-content/uploads/2021/04/IMG_5374-scaled.jpg,false
Ahlaam by Al Haramain (Attar),"Arabic Attar, Arabic Attars, Best Selling, Clone Attar",,Created by Al Haramain Perfumes Hyderabad,"3 ml, 6 ml, 12 ml",150,600,INR,false,https://alharamainperfumes.in/product/ahlaam-by-al-haramain-loose-attar-fragrance/,https://alharamainperfumes.in/wp-content/uploads/2025/09/WhatsApp-Image-2025-11-08-at-10.13.31-PM.jpeg,true
Woody Rose by Al Haramain (Attar),"Arabic Attar, Clone Attar",,Woody Rose by Al Haramain Woody rose is a mystical Woody fragrance which is perfumed with spicy floral Rose. Rose Wood is luminous and seductive which is utterly spell blinding with every note. This exclusive creation is one of the best unisex woody perfume. Created by Al Haramain Perfumes Hyderabad.,"3 ml, 6 ml, 12 ml",100,400,INR,true,https://alharamainperfumes.in/product/musk-rose-by-al-haramain-loose-attar-fragrance/,https://alharamainperfumes.in/wp-content/uploads/2025/09/WhatsApp-Image-2025-11-08-at-10.13.31-PM.jpeg,false
Musk Rose by Al Haramain (Perfume),"Clone Perfumes, Indian, Premium Perfumes","Top: comprised of rose, entwined with Spicy floral heart notes and ending harmoniously with enticing floral and warm musky notes settled at the base | Middle: and ending harmoniously with enticing floral and warm musky notes settled at the base","Musk Rose by Al Haramain Musk rose is a oriental blend crafted to reflect musk and rose. The scent unveils with a top note comprised of rose, entwined with Spicy floral heart notes and ending harmoniously with enticing floral and warm musky notes settled at the base. Created by Al Haramain Perfumes Hyderabad.","10 ml, 25 ml, 50 ml, 100ml",150,1200,INR,true,https://alharamainperfumes.in/product/musk-rose-by-al-haramain-loose-perfume-fragrance/,https://alharamainperfumes.in/wp-content/uploads/2021/04/IMG_5374-scaled.jpg,false
AJM MIZYAAN by Al Haramain (Perfume),Clone Perfumes,,Created by Al Haramain Perfumes Hyderabad,"10 ml, 25 ml, 50 ml, 100ml",100,800,INR,true,https://alharamainperfumes.in/product/ajm-mizyaan-by-al-haramain-loose-perfume-fragrance/,https://alharamainperfumes.in/wp-content/uploads/2021/04/IMG_5374-scaled.jpg,false
AJM MIZYAAN by Al Haramain (Attar),"Arabic Attar, Clone Attar",,Created by Al Haramain Perfumes Hyderabad,"3 ml, 6 ml, 12 ml",150,600,INR,true,https://alharamainperfumes.in/product/ajm-mizyaan-by-al-haramain-loose-attar-fragrance/,https://alharamainperfumes.in/wp-content/uploads/2025/09/WhatsApp-Image-2025-11-08-at-10.13.31-PM.jpeg,false
Royal Sultan by Al Haramain (Perfume),"Arabic Perfumes, Best Selling, Clone Perfumes, Indian",,"Royal Sultan by Al Haramain Royal sultan is a woody oriental fragrance, a study of subtle contrasts between the dark notes of leather and oud wood, and the luminous floral notes of jasmine and rose. Created by Al Haramain Perfumes Hyderabad.","10 ml, 25 ml, 50 ml, 100ml",100,800,INR,true,https://alharamainperfumes.in/product/royal-sultan-by-al-haramain-loose-perfume-fragrance-copy/,https://alharamainperfumes.in/wp-content/uploads/2021/04/IMG_5374-scaled.jpg,true
Royal Sultan by Al Haramain (Attar),"Clone Attar, Indian Attar",,"Royal Sultan by Al Haramain Royal sultan is a woody oriental fragrance, a study of subtle contrasts between the dark notes of leather and oud wood, and the luminous floral notes of jasmine and rose. Created by Al Haramain Perfumes Hyderabad.","3 ml, 6 ml, 12 ml",100,400,INR,true,https://alharamainperfumes.in/product/royal-sultan-by-al-haramain-loose-attar-fragrance/,https://alharamainperfumes.in/wp-content/uploads/2025/09/WhatsApp-Image-2025-11-08-at-10.13.31-PM.jpeg,false
Night oud by Al Haramain (Perfume),Clone Perfumes,,"Night oud by Al Haramain Night oud is a Woody Aromatic fragrance for men. This is very nice – a safe, inoffensive, sweet musky fragrance with a little touch of spice. Created by Al Haramain Perfumes Hyderabad.","10 ml, 25 ml, 50 ml, 100ml",100,800,INR,true,https://alharamainperfumes.in/product/night-oud-by-al-haramain-loose-perfume-fragrance/,https://alharamainperfumes.in/wp-content/uploads/2021/04/IMG_5374-scaled.jpg,false
Night Oud by Al Haramain (Attar),"Arabic Attar, Clone Attar",,"Night oud by Al Haramain Night oud is a Woody Aromatic fragrance for men. This is very nice – a safe, inoffensive, sweet musky fragrance with a little touch of spice. Created by Al Haramain Perfumes Hyderabad.","3 ml, 6 ml, 12 ml",100,400,INR,true,https://alharamainperfumes.in/product/night-oud-by-al-haramain-loose-attar-fragrance/,https://alharamainperfumes.in/wp-content/uploads/2025/09/WhatsApp-Image-2025-11-08-at-10.13.31-PM.jpeg,false
Sabaya by Al Haramain (Attar),"Arabic Attar, Arabic Attars, Best Selling, Clone Attar",,Created by Al Haramain Perfumes Hyderabad,"3 ml, 6 ml, 12 ml",100,400,INR,true,https://alharamainperfumes.in/product/sabaya-by-al-haramain-loose-attar-fragrance/,https://alharamainperfumes.in/wp-content/uploads/2025/09/WhatsApp-Image-2025-11-08-at-10.13.31-PM.jpeg,true
Sabaya by Al Haramain (Perfume),"Arabic Perfumes, Best Selling, Clone Perfumes",,Sabaya by Al Haramain Sabaya is a blend of rose combined with citrus aromas and green notes. It is a mild perfume with floral and musky notes. Created by Al Haramain Perfumes Hyderabad.,"10 ml, 25 ml, 50 ml, 100ml",100,800,INR,true,https://alharamainperfumes.in/product/sabaya-by-al-haramain-loose-perfume-fragrance/,https://alharamainperfumes.in/wp-content/uploads/2021/04/IMG_5374-scaled.jpg,true
Amber Oud by Al haramain (Attar),"Arabic Attar, Clone Attar",,Created by Al Haramain Perfumes Hyderabad,"3 ml, 6 ml, 12 ml",100,400,INR,false,https://alharamainperfumes.in/product/amber-oud-by-al-haramain-loose-attar-fragrance/,https://alharamainperfumes.in/wp-content/uploads/2025/09/WhatsApp-Image-2025-11-08-at-10.13.31-PM.jpeg,false
Amber Oud by Al haramain (Perfume),Clone Perfumes,,Created by Al Haramain Perfumes Hyderabad,"10 ml, 25 ml, 50 ml, 100ml",100,800,INR,false,https://alharamainperfumes.in/product/amber-oud-by-al-haramain-loose-perfume-fragrance/,https://alharamainperfumes.in/wp-content/uploads/2021/04/IMG_5374-scaled.jpg,false
Mumtaz by Al Haramain (Perfume),"Arabic Perfumes, Best Selling, Clone Perfumes",,"Mumtaz by Al Haramain Mumtaz is a strong arabic fragrance with good projection, a blend of ward, amber , sandalwood mukhallat. It can be used by both men and women who want strong noticeable fragrance Created by Al Haramain Perfumes Hyderabad.","10 ml, 25 ml, 50 ml, 100ml",100,800,INR,true,https://alharamainperfumes.in/product/mumtaz-by-al-haramain-loose-perfume-fragrance/,https://alharamainperfumes.in/wp-content/uploads/2021/04/IMG_5374-scaled.jpg,true
Mumtaz by Al Haramain (Attar),"Arabic Attar, Arabic Attars, Best Selling, Clone Attar",,"Mumtaz by Al Haramain Mumtaz is a strong arabic fragrance with good projection, a blend of ward, amber , sandalwood mukhallat. It can be used by both men and women who want strong noticeable fragrance Created by Al Haramain Perfumes Hyderabad.","3 ml, 6 ml, 12 ml",150,600,INR,true,https://alharamainperfumes.in/product/mumtaz-by-al-haramain-loose-attar-fragrance/,https://alharamainperfumes.in/wp-content/uploads/2025/09/WhatsApp-Image-2025-11-08-at-10.13.31-PM.jpeg,true
Oriental oud by Al Haramain (Perfume),"Arabic Perfumes, Best Selling, Clone Perfumes",,"Oriental oud by Al Haramain oriental oud is a sweet woody fragrance with a touch of Vanilla for women and men. The fragrance features agarwood (oud), musk, vanilla, sugar, sandalwood and incense. Created by Al Haramain Perfumes Hyderabad.","10 ml, 25 ml, 50 ml, 100ml",100,800,INR,true,https://alharamainperfumes.in/product/oriental-oud-by-al-haramain-loose-perfume-fragrance/,https://alharamainperfumes.in/wp-content/uploads/2021/04/IMG_5374-scaled.jpg,true
Oriental oud by Al Haramain (Attar),"Arabic Attar, Arabic Attars, Best Selling, Clone Attar",,"Oriental oud by Al Haramain oriental oud is a sweet woody fragrance with a touch of Vanilla for women and men. The fragrance features agarwood (oud), musk, vanilla, sugar, sandalwood and incense. Created by Al Haramain Perfumes Hyderabad.","3 ml, 6 ml, 12 ml",150,600,INR,true,https://alharamainperfumes.in/product/oriental-oud-by-al-haramain-loose-attar-fragrance/,https://alharamainperfumes.in/wp-content/uploads/2025/09/WhatsApp-Image-2025-11-08-at-10.13.31-PM.jpeg,true
Mont White Oud by Al Haramain (Perfume),"Arabic Perfumes, Best Selling, Clone Perfumes, Premium Perfumes",,White Oud by Al Haramain White oud is a Floral Woody Musk fragrance. This is the most delicate and subtle aroma we can expect from oud. The powdery and slightly medicinal dry opening of oud leads to soft floral and warm spicy heart. Created by Al Haramain Perfumes Hyderabad.,"10 ml, 25 ml, 50 ml, 100ml",150,1200,INR,true,https://alharamainperfumes.in/product/white-oud-by-al-haramain-loose-perfume-fragrance/,https://alharamainperfumes.in/wp-content/uploads/2021/04/IMG_5374-scaled.jpg,true
Al Wisam by Al Haramain (Perfume),"Arabic Perfumes, Best Selling, Clone Perfumes",,Created by Al Haramain Perfumes Hyderabad,"10 ml, 25 ml, 50 ml, 100ml",150,1200,INR,true,https://alharamainperfumes.in/product/al-wisam-by-al-haramain-loose-perfume-fragrance/,https://alharamainperfumes.in/wp-content/uploads/2021/04/IMG_5374-scaled.jpg,true
Ruh Khus by Al Haramain (Perfume),"Clone Perfumes, Premium Perfumes",,"Ruh Khus by Al Haramain Ruh Khus attar is processed from the root part of the plant and has a fragrance that is best described as sweet, deep, woody, earthy, smoky, amber and balsam. Created by Al Haramain Perfumes Hyderabad.","10 ml, 25 ml, 50 ml, 100ml",400,2000,INR,true,https://alharamainperfumes.in/product/ruh-khus-by-al-haramain-loose-perfume-fragrance/,https://alharamainperfumes.in/wp-content/uploads/2021/04/IMG_5374-scaled.jpg,false
Ruh Khus by Al Haramain (Attar),"Arabic Attar, Clone Attar, Premium Attars",,"Ruh Khus by Al Haramain Ruh Khus attar is processed from the root part of the plant and has a fragrance that is best described as sweet, deep, woody, earthy, smoky, amber and balsam. Created by Al Haramain Perfumes Hyderabad.","3 ml, 6 ml, 12 ml",300,1200,INR,true,https://alharamainperfumes.in/product/ruh-khus-by-al-haramain-loose-attar-fragrance/,https://alharamainperfumes.in/wp-content/uploads/2025/09/WhatsApp-Image-2025-11-08-at-10.13.31-PM.jpeg,false
Majmua by Al Haramain (Attar),"Clone Attar, Indian Attar",,"Majmua by Al Haramain Majmua is a unique blend of four different Indian attars. It is earthy, sweet, refreshing and woody at the same time, but what makes it really wonderful is the balance between the four fragrances. Created by Al Haramain Perfumes Hyderabad.","3 ml, 6 ml, 12 ml",75,300,INR,true,https://alharamainperfumes.in/product/majmua-by-al-haramain-loose-attar-fragrance/,https://alharamainperfumes.in/wp-content/uploads/2025/09/WhatsApp-Image-2025-11-08-at-10.13.31-PM.jpeg,false
Rox Vanille by Al Haramain (Attar),"Arabic Attar, Clone Attar",,Rox Vanille by Al Haramain Attar Rox vanille opens with the sweet note of caramel and has a sweet attractive fragrance of vanilla. Created by Al Haramain Perfumes Hyderabad.,"3 ml, 6 ml, 12 ml",100,400,INR,true,https://alharamainperfumes.in/product/rox-vanille-by-al-haramain-loose-attar-fragrance/,https://alharamainperfumes.in/wp-content/uploads/2025/09/WhatsApp-Image-2025-11-08-at-10.13.31-PM.jpeg,false
Majmua by Al Haramain (Perfume),"Clone Perfumes, Indian",,"Majmua by Al Haramain Majmua is a unique blend of four different Indian attars. It is earthy, sweet, refreshing and woody at the same time, but what makes it really wonderful is the balance between the four fragrances. Created by Al Haramain Perfumes Hyderabad.","10 ml, 25 ml, 50 ml, 100ml",100,800,INR,true,https://alharamainperfumes.in/product/rox-vanille-by-al-haramain-loose-perfume-fragrance-copy/,https://alharamainperfumes.in/wp-content/uploads/2021/04/IMG_5374-scaled.jpg,false
Black afghano by Al Haramain (Attar),"Arabic Attar, Clone Attar",,Created by Al Haramain Perfumes Hyderabad,"3 ml, 6 ml, 12 ml",100,400,INR,true,https://alharamainperfumes.in/product/black-afghano-by-al-haramain-loose-attar-fragrance-copy/,https://alharamainperfumes.in/wp-content/uploads/2025/09/WhatsApp-Image-2025-11-08-at-10.13.31-PM.jpeg,false
Black Afghano by Al Haramain (Perfume),Clone Perfumes,,Created by Al Haramain Perfumes Hyderabad,"10 ml, 25 ml, 50 ml, 100ml",150,1200,INR,true,https://alharamainperfumes.in/product/black-afghano-by-al-haramain-loose-perfume-fragrance/,https://alharamainperfumes.in/wp-content/uploads/2021/04/IMG_5374-scaled.jpg,false
Rashidiya by Al Haramain (Attar),"Arabic Attar, Clone Attar",,Rashidiya by Al Haramain Rashidiya is a moderate fragrance with spicy and sweet notes Created by Al Haramain Perfumes Hyderabad.,"3 ml, 6 ml, 12 ml",100,400,INR,false,https://alharamainperfumes.in/product/rashidiya-by-al-haramain-loose-attar-fragrance/,https://alharamainperfumes.in/wp-content/uploads/2025/09/WhatsApp-Image-2025-11-08-at-10.13.31-PM.jpeg,false
Blu by Ajm (Attar),"Arabic Attar, Clone Attar",,Created by Al Haramain Perfumes Hyderabad,"3 ml, 6 ml, 12 ml",100,400,INR,true,https://alharamainperfumes.in/product/blu-by-ajm-loose-attar-fragrance/,https://alharamainperfumes.in/wp-content/uploads/2025/09/WhatsApp-Image-2025-11-08-at-10.13.31-PM.jpeg,false
Rashidiya by Al Haramain (Perfume),Clone Perfumes,,Rashidiya by Al Haramain Rashidiya is a moderate fragrance with spicy and sweet notes Created by Al Haramain Perfumes Hyderabad.,"10 ml, 25 ml, 50 ml, 100ml",100,800,INR,false,https://alharamainperfumes.in/product/rashidiya-by-al-haramain-loose-perfume-fragrance/,https://alharamainperfumes.in/wp-content/uploads/2021/04/IMG_5374-scaled.jpg,false
Blu by Ajm (Perfume),Clone Perfumes,,Created by Al Haramain Perfumes Hyderabad,"10 ml, 25 ml, 50 ml, 100ml",100,800,INR,true,https://alharamainperfumes.in/product/blu-by-ajm-loose-perfume-fragrance/,https://alharamainperfumes.in/wp-content/uploads/2021/04/IMG_5374-scaled.jpg,false
Wisal by Al Haramain (Attar),"Arabic Attar, Clone Attar",,Created by Al Haramain Perfumes Hyderabad,"3 ml, 6 ml, 12 ml",100,400,INR,true,https://alharamainperfumes.in/product/wisal-by-al-haramain-loose-attar-fragrance/,https://alharamainperfumes.in/wp-content/uploads/2025/09/WhatsApp-Image-2025-11-08-at-10.13.31-PM.jpeg,false
Wisal by Al Haramain (Perfume),Clone Perfumes,,Created by Al Haramain Perfumes Hyderabad,"10 ml, 25 ml, 50 ml, 100ml",100,800,INR,true,https://alharamainperfumes.in/product/wisal-by-al-haramain-loose-perfume-fragrance/,https://alharamainperfumes.in/wp-content/uploads/2021/04/IMG_5374-scaled.jpg,false
Bakhoor by Al Haramain (Attar),"Arabic Attar, Arabic Attars, Best Selling, Clone Attar",,Created by Al Haramain Perfumes Hyderabad,"3 ml, 6 ml, 12 ml",100,400,INR,false,https://alharamainperfumes.in/product/bakhoor-by-al-haramain-loose-attar-fragrance/,https://alharamainperfumes.in/wp-content/uploads/2025/09/WhatsApp-Image-2025-11-08-at-10.13.31-PM.jpeg,true
Bakhoor by Al Haramain (Perfume),"Arabic Perfumes, Best Selling, Clone Perfumes",,Created by Al Haramain Perfumes Hyderabad,"10 ml, 25 ml, 50 ml, 100ml",100,800,INR,false,https://alharamainperfumes.in/product/bakhoor-by-al-haramain-loose-perfume-fragrance/,https://alharamainperfumes.in/wp-content/uploads/2021/04/IMG_5374-scaled.jpg,true
Arabi Muqallat by Al Haramain (Attar),"Arabic Attar, Arabic Attars, Best Selling, Clone Attar",,Created by Al Haramain Perfumes Hyderabad,"3 ml, 6 ml, 12 ml",100,400,INR,true,https://alharamainperfumes.in/product/arabi-muqallat-by-al-haramain-loose-attar-fragrance-copy/,https://alharamainperfumes.in/wp-content/uploads/2025/09/WhatsApp-Image-2025-11-08-at-10.13.31-PM.jpeg,true
Arabi Muqallat by Al Haramain (Perfume),"Arabic Perfumes, Best Selling, Clone Perfumes",,Created by Al Haramain Perfumes Hyderabad,"10 ml, 25 ml, 50 ml, 100ml",100,800,INR,true,https://alharamainperfumes.in/product/arabi-muqallat-by-al-haramain-loose-perfume-fragrance/,https://alharamainperfumes.in/wp-content/uploads/2021/04/IMG_5374-scaled.jpg,true
Arabian Oud by Al Haramain (Perfume),Clone Perfumes,,Created by Al Haramain Perfumes Hyderabad,"10 ml, 25 ml, 50 ml, 100ml",100,800,INR,true,https://alharamainperfumes.in/product/arabian-oudby-al-haramain-loose-perfume-fragrance/,https://alharamainperfumes.in/wp-content/uploads/2021/04/IMG_5374-scaled.jpg,false
Arabian Oud by Al Haramain (Attar),"Arabic Attar, Clone Attar",,Created by Al Haramain Perfumes Hyderabad,"3 ml, 6 ml, 12 ml",100,400,INR,true,https://alharamainperfumes.in/product/arabian-oud-by-al-haramain-loose-attar-fragrance/,https://alharamainperfumes.in/wp-content/uploads/2025/09/WhatsApp-Image-2025-11-08-at-10.13.31-PM.jpeg,false
Ameer Al Oud by Al Haramain (Perfume),"Arabic Perfumes, Best Selling, Clone Perfumes",,Created by Al Haramain Perfumes Hyderabad,"10 ml, 25 ml, 50 ml, 100ml",100,800,INR,true,https://alharamainperfumes.in/product/ameer-al-oud-by-al-haramain-loose-perfume-fragrance/,https://alharamainperfumes.in/wp-content/uploads/2021/04/IMG_5374-scaled.jpg,true
Ameer Al Oud by Al Haramain (Attar),"Arabic Attar, Arabic Attars, Best Selling, Clone Attar",,Created by Al Haramain Perfumes Hyderabad,"3 ml, 6 ml, 12 ml",150,600,INR,true,https://alharamainperfumes.in/product/ameer-al-oud-by-al-haramain-loose-attar-fragrance/,https://alharamainperfumes.in/wp-content/uploads/2025/09/WhatsApp-Image-2025-11-08-at-10.13.31-PM.jpeg,true
White Musk Asq by Al Haramain (Perfume),"Arabic Perfumes, Best Selling, Clone Perfumes",,Created by Al Haramain Perfumes Hyderabad,"10 ml, 25 ml, 50 ml, 100ml",100,800,INR,true,https://alharamainperfumes.in/product/white-musk-asaq-by-al-haramain-loose-perfume-fragrance/,https://alharamainperfumes.in/wp-content/uploads/2021/04/IMG_5374-scaled.jpg,true
White Musk Asq by Al Haramain (Attar),"Arabic Attar, Arabic Attars, Best Selling, Clone Attar",,Created by Al Haramain Perfumes Hyderabad,"3 ml, 6 ml, 12 ml",150,600,INR,true,https://alharamainperfumes.in/product/white-musk-asaq-by-al-haramain-loose-attar-fragrance/,https://alharamainperfumes.in/wp-content/uploads/2025/09/WhatsApp-Image-2025-11-08-at-10.13.31-PM.jpeg,true
Areej by Al Haramain (Perfume),"Arabic Perfumes, Best Selling, Clone Perfumes",,Created by Al Haramain Perfumes Hyderabad,"10 ml, 25 ml, 50 ml, 100ml",100,800,INR,true,https://alharamainperfumes.in/product/areej-by-al-haramain-loose-perfume-fragrance/,https://alharamainperfumes.in/wp-content/uploads/2021/04/IMG_5374-scaled.jpg,true
Areej by Al Haramain (Attar),"Arabic Attar, Arabic Attars, Best Selling, Clone Attar",,Created by Al Haramain Perfumes Hyderabad,"3 ml, 6 ml, 12 ml",100,400,INR,true,https://alharamainperfumes.in/product/areej-by-al-haramain-loose-attar-fragrance/,https://alharamainperfumes.in/wp-content/uploads/2025/09/WhatsApp-Image-2025-11-08-at-10.13.31-PM.jpeg,true
V Man Eau Fraiche for Men (Perfume),"Best Selling, Clone Perfumes, French, French Perfumes",,Created by Al Haramain Perfumes Hyderabad,"10 ml, 25 ml, 50 ml, 100ml",100,800,INR,true,https://alharamainperfumes.in/product/v-man-eau-fraiche-for-men-loose-perfume-fragrance/,https://alharamainperfumes.in/wp-content/uploads/2021/04/IMG_5374-scaled.jpg,true
V Man Eau Fraiche for Men (Attar),"Best Selling, Clone Attar, French Attar, French Attars",,Created by Al Haramain Perfumes Hyderabad,"3 ml, 6 ml, 12 ml",100,400,INR,true,https://alharamainperfumes.in/product/v-man-eau-fraiche-for-men-loose-attar-fragrance/,https://alharamainperfumes.in/wp-content/uploads/2025/09/WhatsApp-Image-2025-11-08-at-10.13.31-PM.jpeg,true
Eros by V for Men (Perfume),"Clone Perfumes, French",,Created by Al Haramain Perfumes Hyderabad,"10 ml, 25 ml, 50 ml, 100ml",100,800,INR,true,https://alharamainperfumes.in/product/crystal-noir-by-v-for-women-loose-perfume-fragrance-copy/,https://alharamainperfumes.in/wp-content/uploads/2021/04/IMG_5374-scaled.jpg,false
V Bright Crystal for Women (Attar),"Clone Attar, French Attar, French Attars",,Created by Al Haramain Perfumes Hyderabad,"3 ml, 6 ml, 12 ml",100,400,INR,true,https://alharamainperfumes.in/product/crystal-noir-by-versace-for-women-loose-attar-fragrance/,https://alharamainperfumes.in/wp-content/uploads/2025/09/WhatsApp-Image-2025-11-08-at-10.13.31-PM.jpeg,true
212 Sexy Men (Attar),"Clone Attar, French Attar",,Created by Al Haramain Perfumes Hyderabad,"3 ml, 6 ml, 12 ml",100,400,INR,false,https://alharamainperfumes.in/product/212-sexy-men-carolina-herrera-for-men-loose-attar-fragrance/,https://alharamainperfumes.in/wp-content/uploads/2025/09/WhatsApp-Image-2025-11-08-at-10.13.31-PM.jpeg,false
DKNY Be Delicious by Donna Karan for Women (Attar),"Clone Attar, French Attar",,Created by Al Haramain Perfumes Hyderabad,"3 ml, 6 ml, 12 ml",100,400,INR,false,https://alharamainperfumes.in/product/dkny-be-delicious-by-donna-karan-for-women-loose-attar-fragrance-copy/,https://alharamainperfumes.in/wp-content/uploads/2025/09/WhatsApp-Image-2025-11-08-at-10.13.31-PM.jpeg,false
Ultra Blue for Men (Attar),"Clone Attar, French Attar",,Created by Al Haramain Perfumes Hyderabad,"3 ml, 6 ml, 12 ml",100,400,INR,true,https://alharamainperfumes.in/product/ultra-blue-for-men-loose-attar-fragrance-2/,https://alharamainperfumes.in/wp-content/uploads/2025/09/WhatsApp-Image-2025-11-08-at-10.13.31-PM.jpeg,false
DKNY Be Delicious by Donna Karan for Women (Perfume),"Clone Perfumes, French",,Created by Al Haramain Perfumes Hyderabad,"10 ml, 25 ml, 50 ml, 100ml",100,800,INR,false,https://alharamainperfumes.in/product/dkny-be-delicious-by-donna-karan-for-women-loose-perfume-fragrance/,https://alharamainperfumes.in/wp-content/uploads/2021/04/IMG_5374-scaled.jpg,false
Hugo for Men (Perfume),"Clone Perfumes, French",,"Hugo Inspired Perfume Inspired by Hugo, Created by Al Haramain Perfumes Hyderabad.","10 ml, 25 ml, 50 ml, 100ml",100,800,INR,true,https://alharamainperfumes.in/product/hugo-for-menloose-perfume-fragrance-2-12/,https://alharamainperfumes.in/wp-content/uploads/2021/04/IMG_5374-scaled.jpg,false
Huego for Men (Attar),"Clone Attar, French Attar",,"Huego Inspired Attar Huego Inspired, Created by Al Haramain Perfumes Hyderabad.","3 ml, 6 ml, 12 ml",100,400,INR,true,https://alharamainperfumes.in/product/huego-for-men-loose-attar-fragrance/,https://alharamainperfumes.in/wp-content/uploads/2025/09/WhatsApp-Image-2025-11-08-at-10.13.31-PM.jpeg,false
Eros by V for Men (Attar),"Clone Attar, French Attar",,Created by Al Haramain Perfumes Hyderabad,"3 ml, 6 ml, 12 ml",100,400,INR,true,https://alharamainperfumes.in/product/eros-by-v-for-men-loose-attar-fragrance/,https://alharamainperfumes.in/wp-content/uploads/2025/09/WhatsApp-Image-2025-11-08-at-10.13.31-PM.jpeg,false
Noble Oud by S.T. Dupont for Men & Women (Attar),"Clone Attar, French Attar",,Created by Al Haramain Perfumes Hyderabad,"3 ml, 6 ml, 12 ml",150,600,INR,true,https://alharamainperfumes.in/product/noble-wood-by-s-t-dupont-for-men-women-loose-attar-fragrance/,https://alharamainperfumes.in/wp-content/uploads/2025/09/WhatsApp-Image-2025-11-08-at-10.13.31-PM.jpeg,false
Noble Oud by S.T. Dupont for Men & Women (Perfume),"Clone Perfumes, French",,Created by Al Haramain Perfumes Hyderabad,"10 ml, 25 ml, 50 ml, 100ml",100,800,INR,true,https://alharamainperfumes.in/product/gucci-guilty-black-by-gucci-for-men-loose-perfume-fragrance/,https://alharamainperfumes.in/wp-content/uploads/2021/04/IMG_5374-scaled.jpg,false
Guc Guilty Black by Guc for Men (Attar),"Clone Attar, French Attar",,Created by Al Haramain Perfumes Hyderabad,"3 ml, 6 ml, 12 ml",100,400,INR,true,https://alharamainperfumes.in/product/guc-guilty-black-by-guc-for-men-women-loose-attar-fragrance/,https://alharamainperfumes.in/wp-content/uploads/2025/09/WhatsApp-Image-2025-11-08-at-10.13.31-PM.jpeg,false
Guc Guilty Oud by Guc for Men & Women (Perfume),"Clone Perfumes, French",,Created by Al Haramain Perfumes Hyderabad,"10 ml, 25 ml, 50 ml, 100ml",100,800,INR,false,https://alharamainperfumes.in/product/guc-guilty-oud-by-guc-for-men-women-loose-perfume-fragrance-copy/,https://alharamainperfumes.in/wp-content/uploads/2021/04/IMG_5374-scaled.jpg,false
Guc Guilty Oud by Guc for Men & Women (Attar),"Clone Attar, French Attar",,Created by Al Haramain Perfumes Hyderabad,"3 ml, 6 ml, 12 ml",100,400,INR,false,https://alharamainperfumes.in/product/guc-guilty-oud-by-guc-for-men-women-loose-attar-fragrance/,https://alharamainperfumes.in/wp-content/uploads/2025/09/WhatsApp-Image-2025-11-08-at-10.13.31-PM.jpeg,false
L 1212 White for Men (Attar),"Clone Attar, French Attar, French Attars",,,"3 ml, 6 ml, 12 ml",100,400,INR,false,https://alharamainperfumes.in/product/l-l-12-12-white-by-lacoste-for-men-loose-attar-fragrance/,https://alharamainperfumes.in/wp-content/uploads/2025/09/WhatsApp-Image-2025-11-08-at-10.13.31-PM.jpeg,true
L 1212 White by L for Men (Perfume),"Clone Perfumes, French, French Perfumes",,,"10 ml, 25 ml, 50 ml, 100ml",100,800,INR,false,https://alharamainperfumes.in/product/l-1212-for-men-loose-perfume-fragrance/,https://alharamainperfumes.in/wp-content/uploads/2021/04/IMG_5374-scaled.jpg,true
1 Million Lucky (Perfume),"Best Selling, Clone Perfumes, French, French Perfumes","Top: Plum, Ozonic notes, Grapefruit and Bergamot | Middle: Hazelnut, Honey, Cedar, Cashmere Wood, Orange Blossom and Jasmine | Base: Amberwood, Patchouli, Vetiver and Oakmoss","1 Million Lucky (Perfume) by Al Haramain Perfumes is a fragrance for women and men. Top notes : Plum, Ozonic notes, Grapefruit and Bergamot Middle notes : Hazelnut, Honey, Cedar, Cashmere Wood, Orange Blossom and Jasmine Base notes : Amberwood, Patchouli, Vetiver and Oakmoss. 1 Million Lucky by Al Haramain Perfumes is a captivating unisex fragrance that blends freshness, sweetness, and woody elegance. It opens with vibrant notes of plum, grapefruit, bergamot, and ozonic accords, creating a bright and uplifting introduction. The heart reveals a rich combination of hazelnut, honey, cedar, cashmere wood, orange blossom, and jasmine, adding warmth and depth. Finally, the fragrance settles into a sophisticated base of amberwood, patchouli, vetiver, and oakmoss, leaving a smooth and lasting impression. Perfect for both everyday wear and special occasions. 1 Million Lucky Perfume Created by Al Haramain Perfumes Hyderabad.","10 ml, 25 ml, 30 ml, 50 ml, 100 ml",100,800,INR,true,https://alharamainperfumes.in/product/nautica-voyage-nautica-for-menloose-perfume-fragrance-2-7/,https://alharamainperfumes.in/wp-content/uploads/2026/06/glass-bottles-2.png,true
Baccarat Rouge 540 by MFK for Men & Women (Perfume),"Clone Perfumes, French, French Perfumes",,Created by Al Haramain Perfumes Hyderabad,"10 ml, 25 ml, 50 ml, 100ml",100,800,INR,true,https://alharamainperfumes.in/product/baccarat-rouge-540-by-for-men-women-loose-perfume-fragrance/,https://alharamainperfumes.in/wp-content/uploads/2021/04/IMG_5374-scaled.jpg,true
L Rouge for Men (Perfume),"Clone Perfumes, French",,,"10 ml, 25 ml, 50 ml, 100ml",100,800,INR,true,https://alharamainperfumes.in/product/rouge-energetic-by-l-for-men-loose-perfume-fragrance/,https://alharamainperfumes.in/wp-content/uploads/2021/04/IMG_5374-scaled.jpg,false
Brbry London (Perfume),"Clone Perfumes, French",,Created by Al Haramain Perfumes Hyderabad,"10 ml, 25 ml, 50 ml, 100ml",100,800,INR,true,https://alharamainperfumes.in/product/london-by-brbry-for-women-loose-perfume-fragrance/,https://alharamainperfumes.in/wp-content/uploads/2021/04/IMG_5374-scaled.jpg,false
Brbry london (Attar),"Best Selling, Clone Attar, French Attar, French Attars",,Created by Al Haramain Perfumes Hyderabad,"3 ml, 6 ml, 12 ml",100,400,INR,true,https://alharamainperfumes.in/product/london-by-brbry-for-women-loose-attar-fragrance/,https://alharamainperfumes.in/wp-content/uploads/2025/09/WhatsApp-Image-2025-11-08-at-10.13.31-PM.jpeg,true
Bombshell by VS for Women (Attar),"Best Selling, Clone Attar, French Attar, French Attars",,Created by Al Haramain Perfumes Hyderabad,"3 ml, 6 ml, 12 ml",100,400,INR,true,https://alharamainperfumes.in/product/bombshell-by-vs-for-women-loose-attar-fragrance/,https://alharamainperfumes.in/wp-content/uploads/2025/09/WhatsApp-Image-2025-11-08-at-10.13.31-PM.jpeg,true
Bombshell by VS for Women (Perfume),"Best Selling, Clone Perfumes, French, French Perfumes",,Created by Al Haramain Perfumes Hyderabad,"10 ml, 25 ml, 50 ml, 100ml",100,800,INR,true,https://alharamainperfumes.in/product/bombshell-by-vs-for-women-loose-perfume-fragrance/,https://alharamainperfumes.in/wp-content/uploads/2021/04/IMG_5374-scaled.jpg,true
Black XS L’Exces for Men (Perfume),"Clone Perfumes, French, French Perfumes",,Created by Al Haramain Perfumes Hyderabad,"10 ml, 25 ml, 50 ml, 100ml",100,800,INR,true,https://alharamainperfumes.in/product/nautica-voyage-nautica-for-menloose-perfume-fragrance-2-10/,https://alharamainperfumes.in/wp-content/uploads/2021/04/IMG_5374-scaled.jpg,true
Baccarat Rouge 540 by MFK for Men & Women (Attar),"Clone Attar, French Attar, French Attars",,Created by Al Haramain Perfumes Hyderabad,"3 ml, 6 ml, 12 ml",100,400,INR,true,https://alharamainperfumes.in/product/baccarat-rouge-540-by-mfk-for-men-women-loose-attar-fragrance/,https://alharamainperfumes.in/wp-content/uploads/2025/09/WhatsApp-Image-2025-11-08-at-10.13.31-PM.jpeg,true
Sauvage by for Men (Perfume),"Clone Perfumes, French, French Perfumes",,,"10 ml, 25 ml, 50 ml, 100ml",100,800,INR,true,https://alharamainperfumes.in/product/sauvage-for-men-loose-perfume-fragrance/,https://alharamainperfumes.in/wp-content/uploads/2021/04/IMG_5374-scaled.jpg,true
Sauvage for Men (Attar),"Clone Attar, French Attar, French Attars",,,"3 ml, 6 ml, 12 ml",100,400,INR,true,https://alharamainperfumes.in/product/sauvage-for-men-loose-attar-fragrance/,https://alharamainperfumes.in/wp-content/uploads/2025/09/WhatsApp-Image-2025-11-08-at-10.13.31-PM.jpeg,true
Jaguar black for Men (Attar),"Best Selling, Clone Attar, French Attar, French Attars",,Created by Al Haramain Perfumes Hyderabad,"3 ml, 6 ml, 12 ml",100,400,INR,true,https://alharamainperfumes.in/product/jaguar-for-men-loose-attar-fragrance/,https://alharamainperfumes.in/wp-content/uploads/2025/09/WhatsApp-Image-2025-11-08-at-10.13.31-PM.jpeg,true
Sensation by Al haramain (Perfume),"Best Selling, Clone Perfumes, French, French Perfumes",,Sensation is a sweet Aromatic fragrance for both men and women.,"10 ml, 25 ml, 50 ml, 100ml",100,800,INR,true,https://alharamainperfumes.in/product/chanel-no-5-parfum-by-chanel-for-men-loose-perfume-fragrance-copy/,https://alharamainperfumes.in/wp-content/uploads/2021/04/IMG_5374-scaled.jpg,true
L Rouge for Men (Attar),"Clone Attar, French Attar",,,"3 ml, 6 ml, 12 ml",100,400,INR,true,https://alharamainperfumes.in/product/dreamer-the-original-edition-by-versace-for-men-loose-attar-fragrance/,https://alharamainperfumes.in/wp-content/uploads/2025/09/WhatsApp-Image-2025-11-08-at-10.13.31-PM.jpeg,false
Bleu De Channel by Channel for Men (Perfume),"Clone Perfumes, French, French Perfumes",,,"10 ml, 25 ml, 50 ml, 100ml",100,800,INR,true,https://alharamainperfumes.in/product/bleu-de-channel-by-channel-for-men-loose-perfume-fragrance/,https://alharamainperfumes.in/wp-content/uploads/2021/04/IMG_5374-scaled.jpg,true
Bleu de Channel by Channel for Men (Attar),"Clone Attar, French Attar, French Attars",,,"3 ml, 6 ml, 12 ml",100,400,INR,true,https://alharamainperfumes.in/product/bleu-de-channel-by-channel-for-men-loose-attar-fragrance/,https://alharamainperfumes.in/wp-content/uploads/2025/09/WhatsApp-Image-2025-11-08-at-10.13.31-PM.jpeg,true
Aqua di Gio Super by Giorgio Arman for men (Attar),"Clone Attar, French Attar",,Created by Al Haramain Perfumes Hyderabad,"3 ml, 6 ml, 12 ml",100,400,INR,true,https://alharamainperfumes.in/product/aqua-di-gio-by-giorgio-arman-for-women-loose-attar-fragrance/,https://alharamainperfumes.in/wp-content/uploads/2025/09/WhatsApp-Image-2025-11-08-at-10.13.31-PM.jpeg,false
Aqua di Gio Super by Giorgio Arman for men (Perfume),"Clone Perfumes, French",,Created by Al Haramain Perfumes Hyderabad,"10 ml, 25 ml, 50 ml, 100ml",100,800,INR,true,https://alharamainperfumes.in/product/aqua-di-gio-giorgio-arman-for-women-loose-perfume-fragrance/,https://alharamainperfumes.in/wp-content/uploads/2021/04/IMG_5374-scaled.jpg,false
Arman Si (Perfume),"Best Selling, Clone Perfumes, French, French Perfumes",,Created by Al Haramain Perfumes Hyderabad,"10 ml, 25 ml, 50 ml, 100ml",100,800,INR,true,https://alharamainperfumes.in/product/si-by-giorgio-arman-for-women-loose-perfume-fragrance/,https://alharamainperfumes.in/wp-content/uploads/2021/04/IMG_5374-scaled.jpg,true
Arman Si (Attar),"Best Selling, Clone Attar, French Attar, French Attars",,Created by Al Haramain Perfumes Hyderabad,"3 ml, 6 ml, 12 ml",100,400,INR,true,https://alharamainperfumes.in/product/si-by-giorgio-arman-for-women-loose-attar-fragrance/,https://alharamainperfumes.in/wp-content/uploads/2025/09/WhatsApp-Image-2025-11-08-at-10.13.31-PM.jpeg,true
Guc Guilty Black by Guc (Perfume),"Clone Perfumes, French",,Created by Al Haramain Perfumes Hyderabad,"10 ml, 25 ml, 50 ml, 100ml",100,800,INR,true,https://alharamainperfumes.in/product/guc-guilty-by-guc-for-men-loose-perfume-fragrance/,https://alharamainperfumes.in/wp-content/uploads/2021/04/IMG_5374-scaled.jpg,false
ventus by Cree for Men (Perfume),"Best Selling, Clone Perfumes, French, French Perfumes",,Created by Al Haramain Perfumes Hyderabad,"10 ml, 25 ml, 50 ml, 100ml",100,800,INR,true,https://alharamainperfumes.in/product/ventus-by-cree-for-men-loose-perfume-fragrance/,https://alharamainperfumes.in/wp-content/uploads/2021/04/IMG_5374-scaled.jpg,true
ventus by Cree for Men (Attar),"Best Selling, Clone Attar, French Attar, French Attars",,Created by Al Haramain Perfumes Hyderabad,"3 ml, 6 ml, 12 ml",100,400,INR,true,https://alharamainperfumes.in/product/ventus-by-cree-for-men-loose-attar-fragrance/,https://alharamainperfumes.in/wp-content/uploads/2025/09/WhatsApp-Image-2025-11-08-at-10.13.31-PM.jpeg,true
Silver Mountain Water by Cree for Men & Women (Attar),"Best Selling, Clone Attar, French Attar, French Attars",,Created by Al Haramain Perfumes Hyderabad,"3 ml, 6 ml, 12 ml",100,400,INR,true,https://alharamainperfumes.in/product/silver-mountain-water-by-cree-for-men-women-loose-attar-fragrance/,https://alharamainperfumes.in/wp-content/uploads/2025/09/WhatsApp-Image-2025-11-08-at-10.13.31-PM.jpeg,true
Silver Mountain Water by Cree for Men & Women (Perfume),"Best Selling, Clone Perfumes, French, French Attars, French Perfumes",,Created by Al Haramain Perfumes Hyderabad,"10 ml, 25 ml, 50 ml, 100ml",100,800,INR,true,https://alharamainperfumes.in/product/silver-mountain-water-by-cree-for-men-women-loose-perfume-fragrance/,https://alharamainperfumes.in/wp-content/uploads/2021/04/IMG_5374-scaled.jpg,true
Tuscan Leather by TFfor Men & Women (Perfume),"Clone Perfumes, French",,Created by Al Haramain Perfumes Hyderabad,"10 ml, 25 ml, 50 ml, 100ml",150,1200,INR,true,https://alharamainperfumes.in/product/tuscan-leather-by-tf-for-men-women-loose-perfume-fragrance/,https://alharamainperfumes.in/wp-content/uploads/2021/04/IMG_5374-scaled.jpg,false
Tuscan Leather by TF for Men & Women (Attar),"Clone Attar, French Attar",,Created by Al Haramain Perfumes Hyderabad,"3 ml, 6 ml, 12 ml",150,600,INR,true,https://alharamainperfumes.in/product/tuscan-leather-by-tf-for-men-women-loose-attar-fragrance-copy/,https://alharamainperfumes.in/wp-content/uploads/2025/09/WhatsApp-Image-2025-11-08-at-10.13.31-PM.jpeg,false
Oud Wood by TF for Men & Women (Attar),"Arabic Attars, Clone Attar, French Attar, French Attars",,Created by Al Haramain Perfumes Hyderabad,"3 ml, 6 ml, 12 ml",100,400,INR,true,https://alharamainperfumes.in/product/oud-wood-by-tf-for-men-women-loose-attar-fragrance/,https://alharamainperfumes.in/wp-content/uploads/2025/09/WhatsApp-Image-2025-11-08-at-10.13.31-PM.jpeg,true
Tobacco Vanille by TF for Men & Women (Perfume),"Best Selling, Clone Perfumes, French, French Perfumes",,Created by Al Haramain Perfumes Hyderabad,"10 ml, 25 ml, 50 ml, 100ml",100,800,INR,true,https://alharamainperfumes.in/product/tobacco-vanille-by-tf-for-men-women-loose-perfume-fragrance/,https://alharamainperfumes.in/wp-content/uploads/2021/04/IMG_5374-scaled.jpg,true
Tobacco Vanille by TF for Men & Women (Attar),"Best Selling, Clone Attar, French Attar, French Attars",,Created by Al Haramain Perfumes Hyderabad,"3 ml, 6 ml, 12 ml",100,400,INR,true,https://alharamainperfumes.in/product/tobacco-vanille-by-tf-for-men-women-loose-attar-fragrance/,https://alharamainperfumes.in/wp-content/uploads/2025/09/WhatsApp-Image-2025-11-08-at-10.13.31-PM.jpeg,true
Asq Saudi Blend (Attar),"Clone Attar, French Attar",,Created by Al Haramain Perfumes Hyderabad,"3 ml, 6 ml, 12 ml",100,400,INR,true,https://alharamainperfumes.in/product/dreamer-the-original-edition-versace-for-menloose-attar-fragrance/,https://alharamainperfumes.in/wp-content/uploads/2025/09/WhatsApp-Image-2025-11-08-at-10.13.31-PM.jpeg,false
Asq Saudi Blend (Perfume),"Clone Perfumes, French",,Created by Al Haramain Perfumes Hyderabad,"10 ml, 25 ml, 50 ml, 100ml",100,800,INR,true,https://alharamainperfumes.in/product/dreamer-the-original-edition-versace-for-menloose-perfume-fragrance/,https://alharamainperfumes.in/wp-content/uploads/2021/04/IMG_5374-scaled.jpg,false
"Gold Khanjar Refillable Perfume Bottle Gift Set, 40 ml",Gift Sets,"Top: are Plum, Ozonic notes, Grapefruit and Bergamot; middle notes are Hazelnut, Honey, Cedar, Cashmere Wood, Jasmine, and Orange Blossom; base notes are Amberwood, Patchouli, Oakmoss, and Vetiver | Middle: are Hazelnut, Honey, Cedar, Cashmere Wood, Jasmine, and Orange Blossom; base notes are Amberwood, Patchouli, Oakmoss, and Vetiver | Base: are Amberwood, Patchouli, Oakmoss, and Vetiver","Scent Description: One million lucky: 1 Million Lucky is a Woody fragrance for men. 1 Million Lucky was launched in 2018. The nose behind this fragrance is Nathalie Gracia-Cetto. Top notes are Plum, Ozonic notes, Grapefruit and Bergamot; middle notes are Hazelnut, Honey, Cedar, Cashmere Wood, Jasmine, and Orange Blossom; base notes are Amberwood, Patchouli, Oakmoss, and Vetiver. Jaguar: Classic Black by Jaguar is an Amber Fougere fragrance for men. Classic Black was launched in 2009. Virginia Cedar, Tonka Bean, Vetiver, Sandalwood, and oakmoss. It opens with bitter orange, mandarin, and green apples, along with a sort of powdery metallic accord. Now the dry down showcases woody bass notes of vetiver, cedar, sandalwood, oakmoss, tonka bean, and also musk. Invictus: Invictus is a Woody Aquatic fragrance for men. Invictus was launched in 2013. Invictus was created by Veronique Nyberg, Anne Flipo, Olivier Polge, and Dominique Ropion. Top notes are Sea Notes, Grapefruit, and Mandarin Orange; middle notes are Bay Leaf and Jasmine; base notes are Ambergris, Guaiac Wood, Oakmoss, and Patchouli. Created by Al Haramain Perfumes Hyderabad. Ameer al Oud: Ameer Al Oud is a sketch made of oud & colored with a mix of woody, floral, & subtly sweet notes. The outcome is spectacular! Specially crafted with a blend of aromatic notes, this simple expression of luxury fragrance provides a soothing experience throughout the day. Its long-lasting scent keeps you smelling fresh at all times. Mumtaz: Mumtaz is a strong Arabic fragrance with good projection, a blend of ward, amber, sandalwood mukhallat. It can be used by both men and women who want a strong noticeable fragrance. Arman ADG super: Ultra blue: Polo Ultra Blue by Ralph Lauren is an Aromatic fragrance for men. Polo Ultra Blue was launched in 2018. Polo Ultra Blue Eau de Toilette is the fresh aromatic fragrance available from February 2018. The composition is described as very fresh and salty, composed of cedrat, salty mineral notes, and two molecul Artical and Ambertonic. Wisal: Wisal It opens with refreshing floral top notes that intermingle with a spicy and woody heart of sandalwood. A warm base composed of rose and musk rounds out a contemporary perfume that is trendy, soothing, and utterly captivating. Oriental oud: oriental oud is a sweet woody fragrance with a touch of Vanilla for women and men. The fragrance features agarwood (oud), musk, vanilla, sugar, sandalwood, and incense. White musk: white musk asaq is one of the most beautiful luxury and famous blends. white agarwood and sandalwood mixed with musk jasmine flower lily and violet. A unique sensation full of passion.",,1500,1500,INR,false,https://alharamainperfumes.in/product/gold-khanjar-refillable-perfume-bottle-gift-set-40-ml/,https://alharamainperfumes.in/wp-content/uploads/2021/04/IMG_5491-scaled.jpg,false
"Silver Khanjar Refillable Perfume Bottle Gift Set, 40 ml",Gift Sets,"Top: are Plum, Ozonic notes, Grapefruit and Bergamot; middle notes are Hazelnut, Honey, Cedar, Cashmere Wood, Jasmine, and Orange Blossom; base notes are Amberwood, Patchouli, Oakmoss, and Vetiver | Middle: are Hazelnut, Honey, Cedar, Cashmere Wood, Jasmine, and Orange Blossom; base notes are Amberwood, Patchouli, Oakmoss, and Vetiver | Base: are Amberwood, Patchouli, Oakmoss, and Vetiver","Scent Description: One million lucky: 1 Million Lucky is a Woody fragrance for men. 1 Million Lucky was launched in 2018. The nose behind this fragrance is Nathalie Gracia-Cetto. Top notes are Plum, Ozonic notes, Grapefruit and Bergamot; middle notes are Hazelnut, Honey, Cedar, Cashmere Wood, Jasmine, and Orange Blossom; base notes are Amberwood, Patchouli, Oakmoss, and Vetiver. Jaguar: Classic Black by Jaguar is an Amber Fougere fragrance for men. Classic Black was launched in 2009. Virginia Cedar, Tonka Bean, Vetiver, Sandalwood, and oakmoss. It opens with bitter orange, mandarin, and green apples, along with a sort of powdery metallic accord. Now the dry down showcases woody bass notes of vetiver, cedar, sandalwood, oakmoss, tonka bean, and also musk. Invictus: Invictus is a Woody Aquatic fragrance for men. Invictus was launched in 2013. Invictus was created by Veronique Nyberg, Anne Flipo, Olivier Polge, and Dominique Ropion. Top notes are Sea Notes, Grapefruit, and Mandarin Orange; middle notes are Bay Leaf and Jasmine; base notes are Ambergris, Guaiac Wood, Oakmoss, and Patchouli. Created by Al Haramain Perfumes Hyderabad. Ameer al Oud: Ameer Al Oud is a sketch made of oud & colored with a mix of woody, floral, & subtly sweet notes. The outcome is spectacular! Specially crafted with a blend of aromatic notes, this simple expression of luxury fragrance provides a soothing experience throughout the day. Its long-lasting scent keeps you smelling fresh at all times. Mumtaz: Mumtaz is a strong Arabic fragrance with good projection, a blend of ward, amber, sandalwood mukhallat. It can be used by both men and women who want a strong noticeable fragrance. Ultra blue: Polo Ultra Blue by Ralph Lauren is an Aromatic fragrance for men. Polo Ultra Blue was launched in 2018. Polo Ultra Blue Eau de Toilette is the fresh aromatic fragrance available from February 2018. The composition is described as very fresh and salty, composed of cedrat, salty mineral notes, and two molecul Artical and Ambertonic. Wisal: Wisal It opens with refreshing floral top notes that intermingle with a spicy and woody heart of sandalwood. A warm base composed of rose and musk rounds out a contemporary perfume that is trendy, soothing, and utterly captivating. Oriental oud: oriental oud is a sweet woody fragrance with a touch of Vanilla for women and men. The fragrance features agarwood (oud), musk, vanilla, sugar, sandalwood, and incense. White musk: white musk asaq is one of the most beautiful luxury and famous blends. white agarwood and sandalwood mixed with musk jasmine flower lily and violet. A unique sensation full of passion.",,1500,1500,INR,false,https://alharamainperfumes.in/product/silver-khanjar-refillable-perfume-bottle-gift-set-40-ml/,https://alharamainperfumes.in/wp-content/uploads/2021/04/IMG_5487-scaled.jpg,false
"Bronze Khanjar Refillable Perfume Bottle Gift Set, 40 ml",Gift Sets,"Top: are Plum, Ozonic notes, Grapefruit and Bergamot; middle notes are Hazelnut, Honey, Cedar, Cashmere Wood, Jasmine, and Orange Blossom; base notes are Amberwood, Patchouli, Oakmoss, and Vetiver | Middle: are Hazelnut, Honey, Cedar, Cashmere Wood, Jasmine, and Orange Blossom; base notes are Amberwood, Patchouli, Oakmoss, and Vetiver | Base: are Amberwood, Patchouli, Oakmoss, and Vetiver","Scent Description: One million lucky: 1 Million Lucky is a Woody fragrance for men. 1 Million Lucky was launched in 2018. The nose behind this fragrance is Nathalie Gracia-Cetto. Top notes are Plum, Ozonic notes, Grapefruit and Bergamot; middle notes are Hazelnut, Honey, Cedar, Cashmere Wood, Jasmine, and Orange Blossom; base notes are Amberwood, Patchouli, Oakmoss, and Vetiver. Jaguar: Classic Black by Jaguar is an Amber Fougere fragrance for men. Classic Black was launched in 2009. Virginia Cedar, Tonka Bean, Vetiver, Sandalwood, and oakmoss. It opens with bitter orange, mandarin, and green apples, along with a sort of powdery metallic accord. Now the dry down showcases woody bass notes of vetiver, cedar, sandalwood, oakmoss, tonka bean, and also musk. Invictus: Invictus is a Woody Aquatic fragrance for men. Invictus was launched in 2013. Invictus was created by Veronique Nyberg, Anne Flipo, Olivier Polge, and Dominique Ropion. Top notes are Sea Notes, Grapefruit, and Mandarin Orange; middle notes are Bay Leaf and Jasmine; base notes are Ambergris, Guaiac Wood, Oakmoss, and Patchouli. Created by Al Haramain Perfumes Hyderabad. Ameer al Oud: Ameer Al Oud is a sketch made of oud & colored with a mix of woody, floral, & subtly sweet notes. The outcome is spectacular! Specially crafted with a blend of aromatic notes, this simple expression of luxury fragrance provides a soothing experience throughout the day. Its long-lasting scent keeps you smelling fresh at all times. Mumtaz: Mumtaz is a strong Arabic fragrance with good projection, a blend of ward, amber, sandalwood mukhallat. It can be used by both men and women who want a strong noticeable fragrance. Ultra blue: Polo Ultra Blue by Ralph Lauren is an Aromatic fragrance for men. Polo Ultra Blue was launched in 2018. Polo Ultra Blue Eau de Toilette is the fresh aromatic fragrance available from February 2018. The composition is described as very fresh and salty, composed of cedrat, salty mineral notes, and two molecul Artical and Ambertonic. Wisal: Wisal It opens with refreshing floral top notes that intermingle with a spicy and woody heart of sandalwood. A warm base composed of rose and musk rounds out a contemporary perfume that is trendy, soothing, and utterly captivating. Oriental oud: oriental oud is a sweet woody fragrance with a touch of Vanilla for women and men. The fragrance features agarwood (oud), musk, vanilla, sugar, sandalwood, and incense. White musk: white musk asaq is one of the most beautiful luxury and famous blends. white agarwood and sandalwood mixed with musk jasmine flower lily and violet. A unique sensation full of passion.",,1500,1500,INR,false,https://alharamainperfumes.in/product/bronze-khanjar-refillable-perfume-bottle-gift-set-40-ml/,https://alharamainperfumes.in/wp-content/uploads/2021/04/Bronze-Khanjar-refillable-perfume-gift-set-40-ml-size-1500-rs-scaled.jpg,false
1 Million Lucky (Attar),"Best Selling, Clone Attar, French Attar, French Attars","Top: Plum, Ozonic notes, Grapefruit and Bergamot | Middle: Hazelnut, Honey, Cedar, Cashmere Wood, Orange Blossom and Jasmine | Base: Amberwood, Patchouli, Vetiver and Oakmoss","1 Million Lucky (Perfume) by Al Haramain Perfumes is a fragrance for women and men. Top notes : Plum, Ozonic notes, Grapefruit and Bergamot Middle notes : Hazelnut, Honey, Cedar, Cashmere Wood, Orange Blossom and Jasmine Base notes : Amberwood, Patchouli, Vetiver and Oakmoss. 1 Million Lucky by Al Haramain Perfumes is a captivating unisex fragrance that blends freshness, sweetness, and woody elegance. It opens with vibrant notes of plum, grapefruit, bergamot, and ozonic accords, creating a bright and uplifting introduction. The heart reveals a rich combination of hazelnut, honey, cedar, cashmere wood, orange blossom, and jasmine, adding warmth and depth. Finally, the fragrance settles into a sophisticated base of amberwood, patchouli, vetiver, and oakmoss, leaving a smooth and lasting impression. Perfect for both everyday wear and special occasions. 1 Million Lucky Attar Created by Al Haramain Perfumes Hyderabad.","3 ml, 6 ml, 12 ml",100,400,INR,true,https://alharamainperfumes.in/product/1-million-loose-attar-fragrance/,https://alharamainperfumes.in/wp-content/uploads/2025/09/WhatsApp-Image-2025-11-08-at-10.13.31-PM.jpeg,true
Arman Code for Men (Perfume),"Clone Perfumes, French",,Created by Al Haramain Perfumes Hyderabad,"10 ml, 25 ml, 50 ml, 100ml",100,800,INR,true,https://alharamainperfumes.in/product/arman-code-for-menloose-perfume-fragrance/,https://alharamainperfumes.in/wp-content/uploads/2021/04/IMG_5374-scaled.jpg,false
Arman Code for Men (Attar),"Clone Attar, French Attar",,Created by Al Haramain Perfumes Hyderabad,"3 ml, 6 ml, 12 ml",100,400,INR,true,https://alharamainperfumes.in/product/arman-code-for-menloose-attar-fragrance/,https://alharamainperfumes.in/wp-content/uploads/2025/09/WhatsApp-Image-2025-11-08-at-10.13.31-PM.jpeg,false
N Voyage for Men (Attar),"Clone Attar, French Attar",,Voyage for men Inspired N Voyage for men. Created by Al Haramain Perfumes Hyderabad.,"3 ml, 6 ml, 12 ml",100,400,INR,true,https://alharamainperfumes.in/product/n-voyage-for-men-loose-attar-fragrance/,https://alharamainperfumes.in/wp-content/uploads/2025/09/WhatsApp-Image-2025-11-08-at-10.13.31-PM.jpeg,false
N Voyage for Men (Perfume),"Clone Perfumes, French",,N Voyage for men Inspired N Voyage for men. Created by Al Haramain Perfumes Hyderabad.,"10 ml, 25 ml, 50 ml, 100ml",100,800,INR,true,https://alharamainperfumes.in/product/n-voyage-for-men-loose-perfume-fragrance/,https://alharamainperfumes.in/wp-content/uploads/2021/04/IMG_5374-scaled.jpg,false
V Bright Crystal for women (Perfume),"Clone Perfumes, French",,Bright Crystal Absolu V for women Inspired by Bright Crystal Absolu V for women Created by Al Haramain Perfumes Hyderabad.,"10 ml, 25 ml, 50 ml, 100ml",100,800,INR,true,https://alharamainperfumes.in/product/bright-crystal-absolu-v-for-womenloose-perfume-fragrance/,https://alharamainperfumes.in/wp-content/uploads/2021/04/IMG_5374-scaled.jpg,false
Dahlia Divine venchy for men-women (Perfume),"Best Selling, Clone Perfumes, French, French Perfumes",,Created by Al Haramain Perfumes Hyderabad,"10 ml, 25 ml, 50 ml, 100ml",100,800,INR,true,https://alharamainperfumes.in/product/dahlia-divine-venchy-for-womenloose-perfume-fragrance/,https://alharamainperfumes.in/wp-content/uploads/2021/04/IMG_5374-scaled.jpg,true
African Leather Memo (Attar),"Clone Attar, French Attar",,Created by Al Haramain Perfumes Hyderabad,"3 ml, 6 ml, 12 ml",150,600,INR,true,https://alharamainperfumes.in/product/dahlia-divin-givenchy-for-womenloose-attar-fragrance/,https://alharamainperfumes.in/wp-content/uploads/2025/09/WhatsApp-Image-2025-11-08-at-10.13.31-PM.jpeg,false
Hawas Super By Rasasi (Perfume),"Best Selling, Clone Perfumes, French, French Perfumes, Premium Perfumes",,"Hawas Super . Inspired by Hawas, Created by Al Haramain Perfumes Hyderabad.","10 ml, 25 ml, 50 ml, 100ml",150,1200,INR,true,https://alharamainperfumes.in/product/london-burberry-for-women-loose-perfume-fragrance/,https://alharamainperfumes.in/wp-content/uploads/2021/04/IMG_5374-scaled.jpg,true
Lady Million For Women (Perfume),"Best Selling, Clone Perfumes, French, French Perfumes",,Created by Al Haramain Perfumes Hyderabad,"10 ml, 25 ml, 50 ml, 100ml",100,800,INR,true,https://alharamainperfumes.in/product/paris-premieres-roses-yves-saint-laurentloose-perfume-fragrance-copy/,https://alharamainperfumes.in/wp-content/uploads/2021/04/IMG_5374-scaled.jpg,true
Lady Million for Women (Attar),"Best Selling, Clone Attar, French Attar, French Attars",,Created by Al Haramain Perfumes Hyderabad,"3 ml, 6 ml, 12 ml",100,400,INR,true,https://alharamainperfumes.in/product/lady-million-paco-rabanne-for-womenloose-attar-fragrance/,https://alharamainperfumes.in/wp-content/uploads/2025/09/WhatsApp-Image-2025-11-08-at-10.13.31-PM.jpeg,true
Aqua by Bvl (Perfume),"Clone Perfumes, French, French Perfumes",,Created by Al Haramain Perfumes Hyderabad,"10 ml, 25 ml, 50 ml, 100ml",100,800,INR,true,https://alharamainperfumes.in/product/aqva-divina-by-bvl-for-women-loose-perfume-fragrance/,https://alharamainperfumes.in/wp-content/uploads/2021/04/IMG_5374-scaled.jpg,true
Aqua by Bvl (Attar),"Clone Attar, French Attar, French Attars",,Created by Al Haramain Perfumes Hyderabad,"3 ml, 6 ml, 12 ml",100,400,INR,true,https://alharamainperfumes.in/product/aqva-divina-by-bvl-for-women-loose-attar-fragrance/,https://alharamainperfumes.in/wp-content/uploads/2025/09/WhatsApp-Image-2025-11-08-at-10.13.31-PM.jpeg,true
Cooll Water Men (Perfume),"Clone Perfumes, French, French Perfumes",,,"10 ml, 25 ml, 50 ml, 100ml",100,800,INR,false,https://alharamainperfumes.in/product/cooll-water-for-men-loose-perfume-fragrance/,https://alharamainperfumes.in/wp-content/uploads/2021/04/IMG_5374-scaled.jpg,true
Electric Metal Oudh Daan with Handle & Thermostat control,Oud burner,,"Uses of Bakhoor: To Perfume the house, On special occasions like wedding, To create a romantic atmosphere in bedrooms, For welcoming gusts and a gesture of hospitality, Used to boost positive energy and dismiss bad sprits, Used in commercial shops and stores (specially that’s related to clothes) to attract customers and to enhance their buying experience, Used in old medicines, It’s used after a meal cooking or cigarettes smoke to quickly discard the bad smells and perfume the place. It also gives your bath (and water) a wonderful smell!",,1400,1400,INR,true,https://alharamainperfumes.in/product/electric-metal-oudh-daan-with-handle-thermostat-control/,https://alharamainperfumes.in/wp-content/uploads/2021/04/IMG_5953-scaled.jpg,false
Sensation by Al haramain (Attar),"Clone Attar, French Attar",,Sensation is a sweet Aromatic fragrance for both men and women.,"3 ml, 6 ml, 12 ml",100,400,INR,true,https://alharamainperfumes.in/product/jaguar-classic-gold-by-jaguar-for-men-loose-attar-fragrance/,https://alharamainperfumes.in/wp-content/uploads/2025/09/WhatsApp-Image-2025-11-08-at-10.13.31-PM.jpeg,false
Jaguar black for Men (Perfume),"Clone Perfumes, French",,Jaguar Inspired Perfume,"10 ml, 25 ml, 50 ml, 100ml",100,800,INR,true,https://alharamainperfumes.in/product/jaguar-for-men-loose-perfume-fragrance/,https://alharamainperfumes.in/wp-content/uploads/2021/04/IMG_5374-scaled.jpg,false
African Leather Memo (Perfume),"Clone Perfumes, French, Premium Perfumes",,Created by Al Haramain Perfumes Hyderabad,"10 ml, 25 ml, 50 ml, 100ml",150,1200,INR,true,https://alharamainperfumes.in/product/givenchy-pour-homme-blue-label-by-givenchy-for-men-loose-perfume-fragrance/,https://alharamainperfumes.in/wp-content/uploads/2021/04/IMG_5374-scaled.jpg,false
V Pour Homme (Perfume),"Clone Perfumes, French",,"V Pour Homme Inspired Perfume Inspired by V Pour Homme, Created by Al Haramain Perfumes Hyderabad.","10 ml, 25 ml, 50 ml, 100ml",100,800,INR,false,https://alharamainperfumes.in/product/tuscan-leather-intense-by-tf-for-men-and-women-loose-perfume-fragrance/,https://alharamainperfumes.in/wp-content/uploads/2021/04/IMG_5374-scaled.jpg,false
Oud Wood TF for Women and Men (Perfume),"Arabic Perfumes, Clone Perfumes, French, French Perfumes",,"Oud Wood TF Inspired Perfume Inspired by Oud Wood TF, Created by Al Haramain Perfumes Hyderabad.","10 ml, 25 ml, 50 ml, 100ml",100,800,INR,true,https://alharamainperfumes.in/product/oud-wood-tf-for-women-and-men-loose-perfume-fragrance/,https://alharamainperfumes.in/wp-content/uploads/2021/04/IMG_5374-scaled.jpg,true
Noir by TF for Women and Men inspired (Attar),"Clone Attar, French Attar",,Created by Al Haramain Perfumes Hyderabad,"3 ml, 6 ml, 12 ml",100,400,INR,true,https://alharamainperfumes.in/product/noir-de-noir-by-tf-for-women-and-men-loose-attar-fragrance/,https://alharamainperfumes.in/wp-content/uploads/2025/09/WhatsApp-Image-2025-11-08-at-10.13.31-PM.jpeg,false
Noir by TF for Women and Men inspired (Perfume),"Clone Perfumes, French",,Created by Al Haramain Perfumes Hyderabad,"10 ml, 25 ml, 50 ml, 100ml",100,800,INR,true,https://alharamainperfumes.in/product/noir-de-noir-by-tf-for-women-and-men-loose-perfume-fragrance/,https://alharamainperfumes.in/wp-content/uploads/2021/04/IMG_5374-scaled.jpg,false
V Pour Homme (Attar),"Clone Attar, French Attar",,"V Pour Homme Inspired Attar Inspired by V Pour Homme , Created by Al Haramain Perfumes Hyderabad.","3 ml, 6 ml, 12 ml",100,400,INR,false,https://alharamainperfumes.in/product/v-cologne-by-creed-for-men-loose-attar-fragrance/,https://alharamainperfumes.in/wp-content/uploads/2025/09/WhatsApp-Image-2025-11-08-at-10.13.31-PM.jpeg,false
Guc Flora By Guc (Perfume),"Clone Perfumes, French, French Perfumes","Top: Peony, Citruses, Mandarin Orange | Middle: Osmanthus, Rose | Base: Sandalwood, Patchouli Guc Flora Perfume is a captivating floral fragrance crafted for women who embrace elegance and femininity","Guc Flora Perfume by Al Haramain Perfumes is a Floral fragrance for women. Fragrance Notes: Top Notes: Peony, Citruses, Mandarin Orange Middle Notes: Osmanthus, Rose Base Notes: Sandalwood, Patchouli Guc Flora Perfume is a captivating floral fragrance crafted for women who embrace elegance and femininity. Inspired by the timeless charm of Flora, this exquisite scent blends fresh citrus notes with delicate florals and a warm woody base. The fragrance opens with a refreshing burst of peony, mandarin orange, and sparkling citruses. At its heart, luxurious rose and soft osmanthus create a graceful floral bouquet, while sandalwood and patchouli leave a smooth, sophisticated, and long-lasting impression. Feminine, radiant, and timeless, Guc Flora is perfect for everyday wear as well as special occasions. Guc Flora Perfume Created by Al Haramain Perfumes Hyderabad.","10 ml, 25 ml, 30 ml, 50 ml, 100 ml",150,1200,INR,true,https://alharamainperfumes.in/product/aventus-cologne-by-cree-for-men-loose-perfume-fragrance/,https://alharamainperfumes.in/wp-content/uploads/2026/06/glass-bottles-2.png,true
Legend by Mont for Men (Attar),"Clone Attar, French Attar, French Attars",,"Legend by Mont Inspired Attar Inspired by Legend by Mont, Created by Al Haramain Perfumes Hyderabad.","3 ml, 6 ml, 12 ml",100,400,INR,true,https://alharamainperfumes.in/product/legend-by-mont-for-men-loose-attar-fragrance/,https://alharamainperfumes.in/wp-content/uploads/2025/09/WhatsApp-Image-2025-11-08-at-10.13.31-PM.jpeg,true
Legend by Mont for Men (Perfume),"Clone Perfumes, French, French Perfumes",,"Legend by Mont Inspired Perfume Inspired by Legend by Mont, Created by Al Haramain Perfumes Hyderabad.","10 ml, 25 ml, 50 ml, 100ml",100,800,INR,true,https://alharamainperfumes.in/product/legend-by-mont-for-men-loose-perfume-fragrance/,https://alharamainperfumes.in/wp-content/uploads/2021/04/IMG_5374-scaled.jpg,true
The One by D&G for Men (Attar),"Clone Attar, French Attar",,Created by Al Haramain Perfumes Hyderabad,"3 ml, 6 ml, 12 ml",100,400,INR,true,https://alharamainperfumes.in/product/the-one-by-dg-for-men-loose-attar-fragrance/,https://alharamainperfumes.in/wp-content/uploads/2025/09/WhatsApp-Image-2025-11-08-at-10.13.31-PM.jpeg,false
The One by D&G for Men (Perfume),"Clone Perfumes, French",,Created by Al Haramain Perfumes Hyderabad,"10 ml, 25 ml, 50 ml, 100ml",100,800,INR,true,https://alharamainperfumes.in/product/the-one-by-dg-for-men-loose-perfume-fragrance/,https://alharamainperfumes.in/wp-content/uploads/2021/04/IMG_5374-scaled.jpg,false
212 Sexy Men (Perfume),"Clone Perfumes, French",,Created by Al Haramain Perfumes Hyderabad,"10 ml, 25 ml, 50 ml, 100ml",100,800,INR,false,https://alharamainperfumes.in/product/212-sexy-men-by-carolina-herrera-for-men-loose-perfume-fragrance/,https://alharamainperfumes.in/wp-content/uploads/2021/04/IMG_5374-scaled.jpg,false
Megamare super (Attar),"Clone Attar, French Attar",,"Megamare super Inspired Attar Inspired by Megamare super, Created by Al Haramain Perfumes Hyderabad.","3 ml, 6 ml, 12 ml",250,1000,INR,true,https://alharamainperfumes.in/product/eternity-for-summer-by-calvin-klein-for-men-loose-attar-fragrance/,https://alharamainperfumes.in/wp-content/uploads/2025/09/WhatsApp-Image-2025-11-08-at-10.13.31-PM.jpeg,false
Megamare super (Perfume ),"Clone Perfumes, French",,"Megamare super Inspired Perfume Megamare super , Created by Al Haramain Perfumes Hyderabad.","10 ml, 25 ml, 50 ml, 100ml",300,2500,INR,true,https://alharamainperfumes.in/product/eternity-for-summer-by-calvin-klein-for-men-loose-perfume-fragrance/,https://alharamainperfumes.in/wp-content/uploads/2021/04/IMG_5374-scaled.jpg,false
Eternityy for Men (Attar),"Clone Attar, French Attar",,"Eternityy Inspired Attar Inspired by Eternityy for Men, Created by Al Haramain Perfumes Hyderabad.","3 ml, 6 ml, 12 ml",100,400,INR,false,https://alharamainperfumes.in/product/eternityy-for-men-loose-attar-fragrance/,https://alharamainperfumes.in/wp-content/uploads/2025/09/WhatsApp-Image-2025-11-08-at-10.13.31-PM.jpeg,false
Eternityy for Men (Perfume),"Clone Perfumes, French",,,"10 ml, 25 ml, 50 ml, 100ml",100,800,INR,false,https://alharamainperfumes.in/product/eternityy-for-men-loose-perfume-fragrance/,https://alharamainperfumes.in/wp-content/uploads/2021/04/IMG_5374-scaled.jpg,false
Guc Flora by Guc for Women (Attar),"Clone Attar, French Attar, French Attars","Top: Peony, Citruses, Mandarin Orange | Middle: Osmanthus, Rose | Base: Sandalwood, Patchouli Guc Flora Perfume is a captivating floral fragrance crafted for women who embrace elegance and femininity","Guc Flora Perfume by Al Haramain Perfumes is a Floral fragrance for women. Fragrance Notes: Top Notes: Peony, Citruses, Mandarin Orange Middle Notes: Osmanthus, Rose Base Notes: Sandalwood, Patchouli Guc Flora Perfume is a captivating floral fragrance crafted for women who embrace elegance and femininity. Inspired by the timeless charm of Flora, this exquisite scent blends fresh citrus notes with delicate florals and a warm woody base. The fragrance opens with a refreshing burst of peony, mandarin orange, and sparkling citruses. At its heart, luxurious rose and soft osmanthus create a graceful floral bouquet, while sandalwood and patchouli leave a smooth, sophisticated, and long-lasting impression. Feminine, radiant, and timeless, Guc Flora is perfect for everyday wear as well as special occasions. Guc Flora Attar Created by Al Haramain Perfumes Hyderabad.","3 ml, 6 ml, 12 ml",100,400,INR,true,https://alharamainperfumes.in/product/guc-flora-for-men-and-women-loose-attar-fragrance/,https://alharamainperfumes.in/wp-content/uploads/2025/09/WhatsApp-Image-2025-11-08-at-10.13.31-PM.jpeg,true
One for Men and Women (Perfume),"Best Selling, Clone Perfumes, French, French Perfumes",,,"10 ml, 25 ml, 50 ml, 100ml",100,800,INR,true,https://alharamainperfumes.in/product/one-for-men-and-women-loose-perfume-fragrance/,https://alharamainperfumes.in/wp-content/uploads/2021/04/IMG_5374-scaled.jpg,true
"Charcoal Rolls for Bukhoor, Bakhoor and Hookah Magic Coal",Accessories,,"10 disk shaped coal each in 1 roll, 33mm diameter, tablets of quick lighting charcoal for burning Frankincense. A quick light charcoal which lights very quickly and easily (using a cigarette lighter) and is good value for money. These charcoal disks will leave ash and crumble on burning. High quality charcoal. Approx. 40-60 min of burning time per disc. Roll of 10 charcoal disc tablets 33 mm in diameter How to use: Charcoal discs are easy and safe to use. Hold with tweezers and use lighter to get the coal burning. Blow until glows orange. Alternatively, use a gas stove for 10 seconds or so. Once lit, place coal onto a burner. Add some Frankincense and enjoy!","Full Box, Single",50,400,INR,true,https://alharamainperfumes.in/product/charcoal-rolls-for-bukhoor-bakhoor-and-hookah-magic-coal-1-box-10-pack-100-pcs/,https://alharamainperfumes.in/wp-content/uploads/2022/03/IMG_1987-scaled.jpeg,false
"Windproof 1200°c Adjustable Jet Flame Gun Torch Lighter for Lighting Coal, Cigars",Accessories,,"Features: 1200° C high temp Jet Lighter with adjustable flame control Made of metal and plastic, High quality, very attractive lighter Designs & color assorted (Colour & Design Will Be Sent As Per Availability)",,350,350,INR,true,https://alharamainperfumes.in/product/windproof-1200c-adjustable-jet-flame-gun-torch-lighter-for-lighting-coal-cigars/,https://alharamainperfumes.in/wp-content/uploads/2021/04/IMG_5940-scaled.jpg,false
10ml white pocket perfume,"10ml, Fancy Bottles, Perfume Bottles",,Created by Al Haramain Perfumes Hyderabad,,50,50,INR,false,https://alharamainperfumes.in/product/10ml-white-pocket-perfume/,https://alharamainperfumes.in/wp-content/uploads/2021/04/10ml-white-pocket-perfume-rs-150-1009.jpeg,false
10ml sky blue pocket perfume,"10ml, Fancy Bottles, Perfume Bottles",,Created by Al Haramain Perfumes Hyderabad,,50,50,INR,false,https://alharamainperfumes.in/product/10ml-sky-blue-pocket-perfume/,https://alharamainperfumes.in/wp-content/uploads/2021/04/Gemini_Generated_Image_2l7lxc2l7lxc2l7l.png,false
10ml maroon two side pen perfume,"10ml, Fancy Bottles, Perfume Bottles",,Created by Al Haramain Perfumes Hyderabad,,150,150,INR,true,https://alharamainperfumes.in/product/10ml-maroon-two-side-pen-perfume/,https://alharamainperfumes.in/wp-content/uploads/2021/04/10ml-maroon-two-side-pen-perfume-rs-250-1007.jpeg,false
10ml gold two side pen perfume,"10ml, Fancy Bottles, Perfume Bottles",,Created by Al Haramain Perfumes Hyderabad,,150,150,INR,true,https://alharamainperfumes.in/product/10ml-gold-two-side-pen-perfume/,https://alharamainperfumes.in/wp-content/uploads/2021/04/10ml-gold-two-side-pen-perfume-rs-250-1006-scaled.jpeg,false
10ml black two side pen perfume,"10ml, Fancy Bottles, Perfume Bottles",,Created by Al Haramain Perfumes Hyderabad,,150,150,INR,false,https://alharamainperfumes.in/product/10ml-black-two-side-pen-perfume/,https://alharamainperfumes.in/wp-content/uploads/2021/04/10ml-black-two-side-pen-perfume-rs-250-1002-scaled.jpeg,false
10ml black pocket perfume,"10ml, Fancy Bottles, Perfume Bottles",,Created by Al Haramain Perfumes Hyderabad,,50,50,INR,false,https://alharamainperfumes.in/product/10ml-black-pocket-perfume/,https://alharamainperfumes.in/wp-content/uploads/2021/04/10ml-black-pocket-perfume-rs-150-1008-scaled.jpeg,false
nizam style 6 ml black and white ctystal bottle,"6ml, Attar Bottles, Fancy Bottles",,*Note: the price is for bottle only please select and add perfume to the cart as well if you want perfume with the bottle *,,1500,1500,INR,true,https://alharamainperfumes.in/product/nizam-style-6-ml-black-and-white-ctystal-bottle/,https://alharamainperfumes.in/wp-content/uploads/2021/04/nizam-style-6-ml-black-and-white-ctystal-bottle-rs-1500--scaled.jpeg,false
Air Freshener (Rose)- 200ml,Air Freshener,,Created by Al Haramain Perfumes Hyderabad,,200,200,INR,true,https://alharamainperfumes.in/product/air-freshener-rose-200ml/,https://alharamainperfumes.in/wp-content/uploads/2021/04/IMG_5391-scaled.jpg,false
Air Freshener (Bakhoor arabian) -200ml,Air Freshener,,Created by Al Haramain Perfumes Hyderabad,,400,400,INR,false,https://alharamainperfumes.in/product/air-freshener-bakhoor-arabian-200ml/,https://alharamainperfumes.in/wp-content/uploads/2021/04/IMG_5391-scaled.jpg,false
Air Freshener (Night oud arabian)-200ml,Air Freshener,,Created by Al Haramain Perfumes Hyderabad,,400,400,INR,true,https://alharamainperfumes.in/product/night-oud-arabian/,https://alharamainperfumes.in/wp-content/uploads/2021/04/IMG_5391-scaled.jpg,false
Air Freshener (Fawaqee -sweet)-200ml,Air Freshener,,Created by Al Haramain Perfumes Hyderabad,,400,400,INR,true,https://alharamainperfumes.in/product/fawaqee-sweet/,https://alharamainperfumes.in/wp-content/uploads/2021/04/IMG_5394-scaled.jpg,false
Air Freshener (Turabi -sweet woody)-200ml,Air Freshener,,Created by Al Haramain Perfumes Hyderabad,,400,400,INR,true,https://alharamainperfumes.in/product/turabi-sweet-woody/,https://alharamainperfumes.in/wp-content/uploads/2021/04/IMG_5395-scaled.jpg,false
Air Freshener (Chocolate – sweet)-200ml,Air Freshener,,Created by Al Haramain Perfumes Hyderabad,,400,400,INR,true,https://alharamainperfumes.in/product/chocolate-sweet/,https://alharamainperfumes.in/wp-content/uploads/2021/04/IMG_5391-scaled.jpg,false
Air Freshener (Rox vanilla-sweet)-200ml,Air Freshener,,Created by Al Haramain Perfumes Hyderabad,,400,400,INR,true,https://alharamainperfumes.in/product/vanilla-sweet/,https://alharamainperfumes.in/wp-content/uploads/2021/04/IMG_5395-scaled.jpg,false